collection_timestamp,source,success,parsed_items,fresh_countries,error
2026-09-18T20:42:49.972823+00:00,YATA,True,13,7,
2026-09-18T20:42:49.972823+00:00,Prometheus,True,13,7,
2026-09-18T20:55:15.691295+00:00,YATA,True,13,7,
2026-09-18T20:55:15.691295+00:00,Prometheus,True,13,7,
2026-09-18T21:15:04.795529+00:00,YATA,True,13,7,
2026-09-18T21:15:04.795529+00:00,Prometheus,True,13,7,
2026-09-18T21:31:11.744481+00:00,YATA,True,13,7,
2026-09-18T21:31:11.744481+00:00,Prometheus,True,13,7,
2026-09-18T21:43:53.241442+00:00,YATA,True,13,7,
2026-09-18T21:43:53.241442+00:00,Prometheus,True,13,7,
2026-09-18T21:56:40.231392+00:00,YATA,True,13,7,
2026-09-18T21:56:40.231392+00:00,Prometheus,True,13,7,
2026-09-18T22:16:49.550349+00:00,YATA,True,13,7,
2026-09-18T22:16:49.550349+00:00,Prometheus,True,13,7,
2026-09-18T22:32:26.517224+00:00,YATA,True,13,7,
2026-09-18T22:32:26.517224+00:00,Prometheus,True,13,7,
2026-09-18T22:45:02.122885+00:00,YATA,True,13,7,
2026-09-18T22:45:02.122885+00:00,Prometheus,True,13,7,
2026-09-18T22:57:23.945130+00:00,YATA,True,13,7,
2026-09-18T22:57:23.945130+00:00,Prometheus,True,13,7,
2026-09-18T23:16:37.864001+00:00,YATA,True,13,7,
2026-09-18T23:16:37.864001+00:00,Prometheus,True,13,7,
2026-09-18T23:32:24.056068+00:00,YATA,True,13,7,
2026-09-18T23:32:24.056068+00:00,Prometheus,True,13,7,
2026-09-18T23:43:45.942896+00:00,YATA,True,13,7,
2026-09-18T23:43:45.942896+00:00,Prometheus,True,13,7,
2026-09-18T23:57:06.014625+00:00,YATA,True,13,7,
2026-09-18T23:57:06.014625+00:00,Prometheus,True,13,7,
2026-09-19T00:24:18.433862+00:00,YATA,True,13,7,
2026-09-19T00:24:18.433862+00:00,Prometheus,True,13,7,
2026-09-19T00:44:50.724935+00:00,YATA,True,13,7,
2026-09-19T00:44:50.724935+00:00,Prometheus,True,13,7,
2026-09-19T00:58:47.271878+00:00,YATA,True,13,7,
2026-09-19T00:58:47.271878+00:00,Prometheus,True,13,7,
2026-09-19T01:17:52.489914+00:00,YATA,True,13,7,
2026-09-19T01:17:52.489914+00:00,Prometheus,True,13,7,
2026-09-19T01:33:20.635618+00:00,YATA,True,13,7,
2026-09-19T01:33:20.635618+00:00,Prometheus,True,13,7,
2026-09-19T01:47:31.728355+00:00,YATA,True,13,7,
2026-09-19T01:47:31.728355+00:00,Prometheus,True,13,7,
2026-09-19T02:00:04.529445+00:00,YATA,True,13,7,
2026-09-19T02:00:04.529445+00:00,Prometheus,True,13,7,
2026-09-19T02:19:34.243008+00:00,YATA,True,13,7,
2026-09-19T02:19:34.243008+00:00,Prometheus,True,13,7,
2026-09-19T02:35:17.201769+00:00,YATA,True,13,7,
2026-09-19T02:35:17.201769+00:00,Prometheus,True,13,7,
2026-09-19T02:49:17.958355+00:00,YATA,True,13,7,
2026-09-19T02:49:17.958355+00:00,Prometheus,True,13,7,
2026-09-19T03:03:22.544016+00:00,YATA,False,0,0,HTTPError: HTTP Error 502: Bad Gateway
2026-09-19T03:03:22.544016+00:00,Prometheus,True,13,7,
2026-09-19T03:21:37.029060+00:00,YATA,False,0,0,HTTPError: HTTP Error 502: Bad Gateway
2026-09-19T03:21:37.029060+00:00,Prometheus,True,13,7,
2026-09-19T03:38:05.015684+00:00,YATA,True,13,7,
2026-09-19T03:38:05.015684+00:00,Prometheus,True,13,7,
2026-09-19T03:51:43.385086+00:00,YATA,True,13,7,
2026-09-19T03:51:43.385086+00:00,Prometheus,True,13,7,
2026-09-19T04:08:18.792835+00:00,YATA,True,13,7,
2026-09-19T04:08:18.792835+00:00,Prometheus,True,13,7,
2026-09-19T04:26:41.435962+00:00,YATA,True,13,7,
2026-09-19T04:26:41.435962+00:00,Prometheus,True,13,7,
2026-09-19T04:42:31.907267+00:00,YATA,True,13,7,
2026-09-19T04:42:31.907267+00:00,Prometheus,True,13,7,
2026-09-19T04:55:23.773524+00:00,YATA,True,13,7,
2026-09-19T04:55:23.773524+00:00,Prometheus,True,13,7,
2026-09-19T05:13:41.069342+00:00,YATA,True,13,7,
2026-09-19T05:13:41.069342+00:00,Prometheus,True,13,7,
2026-09-19T05:29:35.438174+00:00,YATA,True,13,7,
2026-09-19T05:29:35.438174+00:00,Prometheus,True,13,7,
2026-09-19T05:44:05.989378+00:00,YATA,True,13,7,
2026-09-19T05:44:05.989378+00:00,Prometheus,True,13,7,
2026-09-19T05:56:38.645580+00:00,YATA,True,13,7,
2026-09-19T05:56:38.645580+00:00,Prometheus,True,13,7,
2026-09-19T06:21:38.114956+00:00,YATA,True,13,7,
2026-09-19T06:21:38.114956+00:00,Prometheus,True,13,7,
2026-09-19T06:40:57.514765+00:00,YATA,True,13,7,
2026-09-19T06:40:57.514765+00:00,Prometheus,True,13,7,
2026-09-19T06:55:32.478572+00:00,YATA,True,13,7,
2026-09-19T06:55:32.478572+00:00,Prometheus,True,13,7,
2026-09-19T07:14:24.914012+00:00,YATA,True,13,7,
2026-09-19T07:14:24.914012+00:00,Prometheus,True,13,7,
2026-09-19T07:30:07.331646+00:00,YATA,True,13,7,
2026-09-19T07:30:07.331646+00:00,Prometheus,True,13,7,
2026-09-19T07:44:21.777966+00:00,YATA,True,13,7,
2026-09-19T07:44:21.777966+00:00,Prometheus,True,13,7,
2026-09-19T07:57:02.256261+00:00,YATA,True,13,7,
2026-09-19T07:57:02.256261+00:00,Prometheus,True,13,7,
2026-09-19T08:18:23.298049+00:00,YATA,True,13,7,
2026-09-19T08:18:23.298049+00:00,Prometheus,True,13,7,
2026-09-19T08:34:30.596443+00:00,YATA,True,13,7,
2026-09-19T08:34:30.596443+00:00,Prometheus,True,13,7,
2026-09-19T08:49:02.743273+00:00,YATA,True,13,7,
2026-09-19T08:49:02.743273+00:00,Prometheus,True,13,7,
2026-09-19T09:02:50.881168+00:00,YATA,True,13,7,
2026-09-19T09:02:50.881168+00:00,Prometheus,True,13,7,
2026-09-19T09:21:12.637452+00:00,YATA,True,13,7,
2026-09-19T09:21:12.637452+00:00,Prometheus,True,13,7,
2026-09-19T09:37:07.759754+00:00,YATA,True,13,7,
2026-09-19T09:37:07.759754+00:00,Prometheus,True,13,7,
2026-09-19T09:50:28.657197+00:00,YATA,True,13,7,
2026-09-19T09:50:28.657197+00:00,Prometheus,True,13,7,
2026-09-19T10:05:57.054188+00:00,YATA,True,13,7,
2026-09-19T10:05:57.054188+00:00,Prometheus,True,13,7,
2026-09-19T10:23:22.491525+00:00,YATA,True,13,7,
2026-09-19T10:23:22.491525+00:00,Prometheus,True,13,7,
2026-09-19T10:38:54.688486+00:00,YATA,True,13,7,
2026-09-19T10:38:54.688486+00:00,Prometheus,True,13,7,
2026-09-19T10:51:12.601487+00:00,YATA,True,13,7,
2026-09-19T10:51:12.601487+00:00,Prometheus,True,13,7,
2026-09-19T11:06:42.005189+00:00,YATA,True,13,7,
2026-09-19T11:06:42.005189+00:00,Prometheus,True,13,7,
2026-09-19T11:23:11.533086+00:00,YATA,True,13,7,
2026-09-19T11:23:11.533086+00:00,Prometheus,True,13,7,
2026-09-19T11:38:06.415714+00:00,YATA,True,13,7,
2026-09-19T11:38:06.415714+00:00,Prometheus,True,13,7,
2026-09-19T11:50:56.179373+00:00,YATA,True,13,7,
2026-09-19T11:50:56.179373+00:00,Prometheus,True,13,7,
2026-09-19T12:07:54.874592+00:00,YATA,True,13,7,
2026-09-19T12:07:54.874592+00:00,Prometheus,True,13,7,
2026-09-19T12:29:59.968642+00:00,YATA,True,13,7,
2026-09-19T12:29:59.968642+00:00,Prometheus,True,13,7,
2026-09-19T12:47:22.527272+00:00,YATA,True,13,7,
2026-09-19T12:47:22.527272+00:00,Prometheus,True,13,7,
2026-09-19T13:00:10.843983+00:00,YATA,True,13,7,
2026-09-19T13:00:10.843983+00:00,Prometheus,True,13,7,
2026-09-19T13:19:27.830231+00:00,YATA,True,13,7,
2026-09-19T13:19:27.830231+00:00,Prometheus,True,13,7,
2026-09-19T13:33:54.792827+00:00,YATA,True,13,7,
2026-09-19T13:33:54.792827+00:00,Prometheus,True,13,7,
2026-09-19T13:46:49.374900+00:00,YATA,True,13,7,
2026-09-19T13:46:49.374900+00:00,Prometheus,True,13,7,
2026-09-19T13:59:16.406910+00:00,YATA,True,13,7,
2026-09-19T13:59:16.406910+00:00,Prometheus,True,13,7,
2026-09-19T14:18:09.249241+00:00,YATA,True,13,7,
2026-09-19T14:18:09.249241+00:00,Prometheus,True,13,7,
2026-09-19T14:32:55.488510+00:00,YATA,True,13,7,
2026-09-19T14:32:55.488510+00:00,Prometheus,True,13,7,
2026-09-19T14:45:24.742742+00:00,YATA,True,13,7,
2026-09-19T14:45:24.742742+00:00,Prometheus,True,13,7,
2026-09-19T14:57:52.734767+00:00,YATA,True,13,7,
2026-09-19T14:57:52.734767+00:00,Prometheus,True,13,7,
2026-09-19T15:16:53.996097+00:00,YATA,True,13,7,
2026-09-19T15:16:53.996097+00:00,Prometheus,True,13,7,
2026-09-19T15:31:46.846031+00:00,YATA,True,13,7,
2026-09-19T15:31:46.846031+00:00,Prometheus,True,13,7,
2026-09-19T15:45:11.221663+00:00,YATA,True,13,7,
2026-09-19T15:45:11.221663+00:00,Prometheus,True,13,7,
2026-09-19T15:58:04.049649+00:00,YATA,True,13,7,
2026-09-19T15:58:04.049649+00:00,Prometheus,True,13,7,
2026-09-19T16:17:55.495845+00:00,YATA,True,13,7,
2026-09-19T16:17:55.495845+00:00,Prometheus,True,13,7,
2026-09-19T16:33:17.508582+00:00,YATA,True,13,7,
2026-09-19T16:33:17.508582+00:00,Prometheus,True,13,7,
2026-09-19T16:46:10.868489+00:00,YATA,True,13,7,
2026-09-19T16:46:10.868489+00:00,Prometheus,True,13,7,
2026-09-19T16:58:39.143427+00:00,YATA,True,13,7,
2026-09-19T16:58:39.143427+00:00,Prometheus,True,13,7,
2026-09-19T17:16:25.831031+00:00,YATA,True,13,7,
2026-09-19T17:16:25.831031+00:00,Prometheus,True,13,7,
2026-09-19T17:30:02.715590+00:00,YATA,True,13,7,
2026-09-19T17:30:02.715590+00:00,Prometheus,True,13,7,
2026-09-19T17:43:06.174553+00:00,YATA,True,13,7,
2026-09-19T17:43:06.174553+00:00,Prometheus,True,13,7,
2026-09-19T17:55:26.658788+00:00,YATA,True,13,7,
2026-09-19T17:55:26.658788+00:00,Prometheus,True,13,7,
2026-09-19T18:17:22.756591+00:00,YATA,True,13,7,
2026-09-19T18:17:22.756591+00:00,Prometheus,True,13,7,
2026-09-19T18:34:19.626281+00:00,YATA,True,13,7,
2026-09-19T18:34:19.626281+00:00,Prometheus,True,13,7,
2026-09-19T18:49:09.227952+00:00,YATA,True,13,7,
2026-09-19T18:49:09.227952+00:00,Prometheus,True,13,7,
2026-09-19T19:02:31.620708+00:00,YATA,True,13,7,
2026-09-19T19:02:31.620708+00:00,Prometheus,True,13,7,
2026-09-19T19:17:53.210232+00:00,YATA,True,13,7,
2026-09-19T19:17:53.210232+00:00,Prometheus,True,13,7,
2026-09-19T19:30:32.674912+00:00,YATA,True,13,7,
2026-09-19T19:30:32.674912+00:00,Prometheus,True,13,7,
2026-09-19T19:43:17.367593+00:00,YATA,True,13,7,
2026-09-19T19:43:17.367593+00:00,Prometheus,True,13,7,
2026-09-19T19:55:38.202175+00:00,YATA,True,13,7,
2026-09-19T19:55:38.202175+00:00,Prometheus,True,13,7,
2026-09-19T20:15:26.005913+00:00,YATA,True,13,7,
2026-09-19T20:15:26.005913+00:00,Prometheus,True,13,7,
2026-09-19T20:32:27.854273+00:00,YATA,True,13,7,
2026-09-19T20:32:27.854273+00:00,Prometheus,True,13,7,
2026-09-19T20:44:55.354750+00:00,YATA,True,13,7,
2026-09-19T20:44:55.354750+00:00,Prometheus,True,13,7,
2026-09-19T20:57:27.662008+00:00,YATA,True,13,7,
2026-09-19T20:57:27.662008+00:00,Prometheus,True,13,7,
2026-09-19T21:16:30.559372+00:00,YATA,True,13,7,
2026-09-19T21:16:30.559372+00:00,Prometheus,True,13,7,
2026-09-19T21:31:17.734500+00:00,YATA,True,13,7,
2026-09-19T21:31:17.734500+00:00,Prometheus,True,13,7,
2026-09-19T21:44:11.066413+00:00,YATA,True,13,7,
2026-09-19T21:44:11.066413+00:00,Prometheus,True,13,7,
2026-09-19T21:56:36.015673+00:00,YATA,True,13,7,
2026-09-19T21:56:36.015673+00:00,Prometheus,True,13,7,
2026-09-19T22:16:12.672091+00:00,YATA,True,13,7,
2026-09-19T22:16:12.672091+00:00,Prometheus,True,13,7,
2026-09-19T22:30:59.343587+00:00,YATA,True,13,7,
2026-09-19T22:30:59.343587+00:00,Prometheus,True,13,7,
2026-09-19T22:43:43.062410+00:00,YATA,True,13,7,
2026-09-19T22:43:43.062410+00:00,Prometheus,True,13,7,
2026-09-19T22:56:07.157302+00:00,YATA,True,13,7,
2026-09-19T22:56:07.157302+00:00,Prometheus,True,13,7,
2026-09-19T23:14:41.128399+00:00,YATA,True,13,7,
2026-09-19T23:14:41.128399+00:00,Prometheus,True,13,7,
2026-09-19T23:29:01.267352+00:00,YATA,True,13,7,
2026-09-19T23:29:01.267352+00:00,Prometheus,True,13,7,
2026-09-19T23:43:02.550431+00:00,YATA,True,13,7,
2026-09-19T23:43:02.550431+00:00,Prometheus,True,13,7,
2026-09-19T23:55:30.713487+00:00,YATA,True,13,7,
2026-09-19T23:55:30.713487+00:00,Prometheus,True,13,7,
2026-09-20T00:23:13.769772+00:00,YATA,True,13,7,
2026-09-20T00:23:13.769772+00:00,Prometheus,True,13,7,
2026-09-20T00:44:19.372917+00:00,YATA,True,13,7,
2026-09-20T00:44:19.372917+00:00,Prometheus,True,13,7,
2026-09-20T00:58:52.281839+00:00,YATA,True,13,7,
2026-09-20T00:58:52.281839+00:00,Prometheus,True,13,7,
2026-09-20T01:17:19.939344+00:00,YATA,True,13,7,
2026-09-20T01:17:19.939344+00:00,Prometheus,True,13,7,
2026-09-20T01:32:41.587851+00:00,YATA,True,13,7,
2026-09-20T01:32:41.587851+00:00,Prometheus,True,13,7,
2026-09-20T01:46:46.936980+00:00,YATA,True,13,7,
2026-09-20T01:46:46.936980+00:00,Prometheus,True,13,7,
2026-09-20T01:59:18.060002+00:00,YATA,True,13,7,
2026-09-20T01:59:18.060002+00:00,Prometheus,True,13,7,
2026-09-20T02:19:34.298812+00:00,YATA,True,13,7,
2026-09-20T02:19:34.298812+00:00,Prometheus,True,13,7,
2026-09-20T02:35:40.763459+00:00,YATA,True,13,7,
2026-09-20T02:35:40.763459+00:00,Prometheus,True,13,7,
2026-09-20T02:50:11.569947+00:00,YATA,True,13,7,
2026-09-20T02:50:11.569947+00:00,Prometheus,True,13,7,
2026-09-20T03:05:18.852804+00:00,YATA,True,13,7,
2026-09-20T03:05:18.852804+00:00,Prometheus,True,13,7,
2026-09-20T03:23:56.508502+00:00,YATA,False,0,0,HTTPError: HTTP Error 502: Bad Gateway
2026-09-20T03:23:56.508502+00:00,Prometheus,True,13,7,
2026-09-20T03:41:13.662456+00:00,YATA,True,13,7,
2026-09-20T03:41:13.662456+00:00,Prometheus,True,13,7,
2026-09-20T03:54:52.294190+00:00,YATA,True,13,7,
2026-09-20T03:54:52.294190+00:00,Prometheus,True,13,7,
2026-09-20T04:14:47.213046+00:00,YATA,True,13,7,
2026-09-20T04:14:47.213046+00:00,Prometheus,True,13,7,
2026-09-20T04:32:32.184913+00:00,YATA,True,13,7,
2026-09-20T04:32:32.184913+00:00,Prometheus,True,13,7,
2026-09-20T04:47:19.503667+00:00,YATA,True,13,7,
2026-09-20T04:47:19.503667+00:00,Prometheus,True,13,7,
2026-09-20T04:59:38.388295+00:00,YATA,True,13,7,
2026-09-20T04:59:38.388295+00:00,Prometheus,True,13,7,
2026-09-20T05:18:48.936781+00:00,YATA,True,13,7,
2026-09-20T05:18:48.936781+00:00,Prometheus,True,13,7,
2026-09-20T05:34:02.032569+00:00,YATA,True,13,7,
2026-09-20T05:34:02.032569+00:00,Prometheus,True,13,7,
2026-09-20T05:47:32.322546+00:00,YATA,True,13,7,
2026-09-20T05:47:32.322546+00:00,Prometheus,True,13,7,
2026-09-20T06:00:01.883030+00:00,YATA,True,13,7,
2026-09-20T06:00:01.883030+00:00,Prometheus,True,13,7,
2026-09-20T06:24:06.207267+00:00,YATA,True,13,7,
2026-09-20T06:24:06.207267+00:00,Prometheus,True,13,7,
2026-09-20T06:43:51.684075+00:00,YATA,True,13,7,
2026-09-20T06:43:51.684075+00:00,Prometheus,True,13,7,
2026-09-20T06:57:53.776937+00:00,YATA,True,13,7,
2026-09-20T06:57:53.776937+00:00,Prometheus,True,13,7,
2026-09-20T07:17:10.851341+00:00,YATA,True,13,7,
2026-09-20T07:17:10.851341+00:00,Prometheus,True,13,7,
2026-09-20T07:32:33.925732+00:00,YATA,True,13,7,
2026-09-20T07:32:33.925732+00:00,Prometheus,True,13,7,
2026-09-20T07:45:44.841936+00:00,YATA,True,13,7,
2026-09-20T07:45:44.841936+00:00,Prometheus,True,13,7,
2026-09-20T07:58:17.269729+00:00,YATA,True,13,7,
2026-09-20T07:58:17.269729+00:00,Prometheus,True,13,7,
2026-09-20T08:18:52.934499+00:00,YATA,True,13,7,
2026-09-20T08:18:52.934499+00:00,Prometheus,True,13,7,
2026-09-20T08:35:10.303871+00:00,YATA,True,13,7,
2026-09-20T08:35:10.303871+00:00,Prometheus,True,13,7,
2026-09-20T08:49:36.514367+00:00,YATA,True,13,7,
2026-09-20T08:49:36.514367+00:00,Prometheus,True,13,7,
2026-09-20T09:03:27.497050+00:00,YATA,True,13,7,
2026-09-20T09:03:27.497050+00:00,Prometheus,True,13,7,
2026-09-20T09:21:03.854498+00:00,YATA,True,13,7,
2026-09-20T09:21:03.854498+00:00,Prometheus,True,13,7,
2026-09-20T09:36:39.559658+00:00,YATA,True,13,7,
2026-09-20T09:36:39.559658+00:00,Prometheus,True,13,7,
2026-09-20T09:50:00.946532+00:00,YATA,True,13,7,
2026-09-20T09:50:00.946532+00:00,Prometheus,True,13,7,
2026-09-20T10:04:40.029413+00:00,YATA,True,13,7,
2026-09-20T10:04:40.029413+00:00,Prometheus,True,13,7,
2026-09-20T10:21:59.970553+00:00,YATA,True,13,7,
2026-09-20T10:21:59.970553+00:00,Prometheus,True,13,7,
2026-09-20T10:37:46.057147+00:00,YATA,True,13,7,
2026-09-20T10:37:46.057147+00:00,Prometheus,True,13,7,
2026-09-20T10:50:45.623397+00:00,YATA,True,13,7,
2026-09-20T10:50:45.623397+00:00,Prometheus,True,13,7,
2026-09-20T11:05:53.683311+00:00,YATA,True,13,7,
2026-09-20T11:05:53.683311+00:00,Prometheus,True,13,7,
2026-09-20T11:22:28.077963+00:00,YATA,True,13,7,
2026-09-20T11:22:28.077963+00:00,Prometheus,True,13,7,
2026-09-20T11:37:42.332060+00:00,YATA,True,13,7,
2026-09-20T11:37:42.332060+00:00,Prometheus,True,13,7,
2026-09-20T11:50:09.225224+00:00,YATA,True,13,7,
2026-09-20T11:50:09.225224+00:00,Prometheus,True,13,7,
2026-09-20T12:05:55.206759+00:00,YATA,True,13,7,
2026-09-20T12:05:55.206759+00:00,Prometheus,True,13,7,
2026-09-20T12:28:25.216182+00:00,YATA,True,13,7,
2026-09-20T12:28:25.216182+00:00,Prometheus,True,13,7,
2026-09-20T12:47:09.489188+00:00,YATA,True,13,7,
2026-09-20T12:47:09.489188+00:00,Prometheus,True,13,7,
2026-09-20T12:59:27.835366+00:00,YATA,True,13,7,
2026-09-20T12:59:27.835366+00:00,Prometheus,True,13,7,
2026-09-20T13:18:53.148904+00:00,YATA,True,13,7,
2026-09-20T13:18:53.148904+00:00,Prometheus,True,13,7,
2026-09-20T13:33:31.413384+00:00,YATA,True,13,7,
2026-09-20T13:33:31.413384+00:00,Prometheus,True,13,7,
2026-09-20T13:46:31.626356+00:00,YATA,True,13,7,
2026-09-20T13:46:31.626356+00:00,Prometheus,True,13,7,
2026-09-20T13:58:52.376217+00:00,YATA,True,13,7,
2026-09-20T13:58:52.376217+00:00,Prometheus,True,13,7,
2026-09-20T14:17:52.524627+00:00,YATA,True,13,7,
2026-09-20T14:17:52.524627+00:00,Prometheus,True,13,7,
2026-09-20T14:32:54.877809+00:00,YATA,True,13,7,
2026-09-20T14:32:54.877809+00:00,Prometheus,True,13,7,
2026-09-20T14:46:19.890876+00:00,YATA,True,13,7,
2026-09-20T14:46:19.890876+00:00,Prometheus,True,13,7,
2026-09-20T14:59:14.444316+00:00,YATA,True,13,7,
2026-09-20T14:59:14.444316+00:00,Prometheus,True,13,7,
2026-09-20T15:18:28.183863+00:00,YATA,True,13,7,
2026-09-20T15:18:28.183863+00:00,Prometheus,True,13,7,
2026-09-20T15:33:43.638729+00:00,YATA,True,13,7,
2026-09-20T15:33:43.638729+00:00,Prometheus,True,13,7,
2026-09-20T15:46:31.771706+00:00,YATA,True,13,7,
2026-09-20T15:46:31.771706+00:00,Prometheus,True,13,7,
2026-09-20T15:59:16.778144+00:00,YATA,True,13,7,
2026-09-20T15:59:16.778144+00:00,Prometheus,True,13,7,
2026-09-20T16:19:28.953589+00:00,YATA,True,13,7,
2026-09-20T16:19:28.953589+00:00,Prometheus,True,13,7,
2026-09-20T16:35:30.959148+00:00,YATA,False,0,0,HTTPError: HTTP Error 502: Bad Gateway
2026-09-20T16:35:30.959148+00:00,Prometheus,True,13,7,
2026-09-20T16:49:16.762552+00:00,YATA,True,13,7,
2026-09-20T16:49:16.762552+00:00,Prometheus,True,13,7,
2026-09-20T17:02:46.722714+00:00,YATA,True,13,7,
2026-09-20T17:02:46.722714+00:00,Prometheus,True,13,7,
2026-09-20T17:19:29.593680+00:00,YATA,True,13,7,
2026-09-20T17:19:29.593680+00:00,Prometheus,True,13,7,
2026-09-20T17:33:53.649565+00:00,YATA,True,13,7,
2026-09-20T17:33:53.649565+00:00,Prometheus,True,13,7,
2026-09-20T17:46:38.655121+00:00,YATA,True,13,7,
2026-09-20T17:46:38.655121+00:00,Prometheus,True,13,7,
2026-09-20T17:59:16.438823+00:00,YATA,True,13,7,
2026-09-20T17:59:16.438823+00:00,Prometheus,True,13,7,
2026-09-20T18:20:45.897280+00:00,YATA,True,13,7,
2026-09-20T18:20:45.897280+00:00,Prometheus,True,13,7,
2026-09-20T18:38:02.204257+00:00,YATA,True,13,7,
2026-09-20T18:38:02.204257+00:00,Prometheus,True,13,7,
2026-09-20T18:51:02.189855+00:00,YATA,True,13,7,
2026-09-20T18:51:02.189855+00:00,Prometheus,True,13,7,
2026-09-20T19:05:40.287677+00:00,YATA,True,13,7,
2026-09-20T19:05:40.287677+00:00,Prometheus,True,13,7,
2026-09-20T19:20:39.620081+00:00,YATA,True,13,7,
2026-09-20T19:20:39.620081+00:00,Prometheus,True,13,7,
2026-09-20T19:33:50.476671+00:00,YATA,True,13,7,
2026-09-20T19:33:50.476671+00:00,Prometheus,True,13,7,
2026-09-20T19:46:28.377477+00:00,YATA,True,13,7,
2026-09-20T19:46:28.377477+00:00,Prometheus,True,13,7,
2026-09-20T19:59:02.293151+00:00,YATA,True,13,7,
2026-09-20T19:59:02.293151+00:00,Prometheus,True,13,7,
2026-09-20T20:18:14.953818+00:00,YATA,True,13,7,
2026-09-20T20:18:14.953818+00:00,Prometheus,True,13,7,
2026-09-20T20:33:21.465236+00:00,YATA,True,13,7,
2026-09-20T20:33:21.465236+00:00,Prometheus,True,13,7,
2026-09-20T20:45:42.366315+00:00,YATA,True,13,7,
2026-09-20T20:45:42.366315+00:00,Prometheus,True,13,7,
2026-09-20T20:58:30.571787+00:00,YATA,True,13,7,
2026-09-20T20:58:30.571787+00:00,Prometheus,True,13,7,
2026-09-20T21:17:29.954760+00:00,YATA,True,13,7,
2026-09-20T21:17:29.954760+00:00,Prometheus,True,13,7,
2026-09-20T21:32:14.479049+00:00,YATA,True,13,7,
2026-09-20T21:32:14.479049+00:00,Prometheus,True,13,7,
2026-09-20T21:45:30.483538+00:00,YATA,True,13,7,
2026-09-20T21:45:30.483538+00:00,Prometheus,True,13,7,
2026-09-20T21:58:12.759678+00:00,YATA,True,13,7,
2026-09-20T21:58:12.759678+00:00,Prometheus,True,13,7,
2026-09-20T22:17:15.166455+00:00,YATA,True,13,7,
2026-09-20T22:17:15.166455+00:00,Prometheus,True,13,7,
2026-09-20T22:32:06.879436+00:00,YATA,True,13,7,
2026-09-20T22:32:06.879436+00:00,Prometheus,True,13,7,
2026-09-20T22:46:29.770697+00:00,YATA,True,13,7,
2026-09-20T22:46:29.770697+00:00,Prometheus,True,13,7,
2026-09-20T22:58:48.436012+00:00,YATA,True,13,7,
2026-09-20T22:58:48.436012+00:00,Prometheus,True,13,7,
2026-09-20T23:17:11.153116+00:00,YATA,True,13,7,
2026-09-20T23:17:11.153116+00:00,Prometheus,True,13,7,
2026-09-20T23:30:38.983004+00:00,YATA,True,13,7,
2026-09-20T23:30:38.983004+00:00,Prometheus,True,13,7,
2026-09-20T23:44:40.744791+00:00,YATA,True,13,7,
2026-09-20T23:44:40.744791+00:00,Prometheus,True,13,7,
2026-09-20T23:57:13.004909+00:00,YATA,True,13,7,
2026-09-20T23:57:13.004909+00:00,Prometheus,True,13,7,
2026-09-21T00:25:21.286743+00:00,YATA,True,13,7,
2026-09-21T00:25:21.286743+00:00,Prometheus,True,13,7,
2026-09-21T00:47:21.222253+00:00,YATA,True,13,7,
2026-09-21T00:47:21.222253+00:00,Prometheus,True,13,7,
2026-09-21T01:01:00.790439+00:00,YATA,True,13,7,
2026-09-21T01:01:00.790439+00:00,Prometheus,True,13,7,
2026-09-21T01:20:03.696919+00:00,YATA,True,13,7,
2026-09-21T01:20:03.696919+00:00,Prometheus,True,13,7,
2026-09-21T01:36:41.647618+00:00,YATA,True,13,7,
2026-09-21T01:36:41.647618+00:00,Prometheus,True,13,7,
2026-09-21T01:52:05.222818+00:00,YATA,True,13,7,
2026-09-21T01:52:05.222818+00:00,Prometheus,True,13,7,
2026-09-21T02:09:02.687695+00:00,YATA,True,13,7,
2026-09-21T02:09:02.687695+00:00,Prometheus,True,13,7,
2026-09-21T02:27:58.534355+00:00,YATA,True,13,7,
2026-09-21T02:27:58.534355+00:00,Prometheus,True,13,7,
2026-09-21T02:45:20.865332+00:00,YATA,True,13,7,
2026-09-21T02:45:20.865332+00:00,Prometheus,True,13,7,
2026-09-21T02:58:43.983159+00:00,YATA,True,13,7,
2026-09-21T02:58:43.983159+00:00,Prometheus,True,13,7,
2026-09-21T03:20:16.016121+00:00,YATA,False,0,0,HTTPError: HTTP Error 502: Bad Gateway
2026-09-21T03:20:16.016121+00:00,Prometheus,True,13,7,
2026-09-21T03:39:27.070636+00:00,YATA,True,13,7,
2026-09-21T03:39:27.070636+00:00,Prometheus,True,13,7,
2026-09-21T03:55:02.331023+00:00,YATA,True,13,7,
2026-09-21T03:55:02.331023+00:00,Prometheus,True,13,7,
2026-09-21T04:15:38.776243+00:00,YATA,True,13,7,
2026-09-21T04:15:38.776243+00:00,Prometheus,True,13,7,
2026-09-21T04:34:57.264482+00:00,YATA,True,13,7,
2026-09-21T04:34:57.264482+00:00,Prometheus,True,13,7,
2026-09-21T04:51:41.878340+00:00,YATA,True,13,7,
2026-09-21T04:51:41.878340+00:00,Prometheus,True,13,7,
2026-09-21T05:08:15.191866+00:00,YATA,True,13,7,
2026-09-21T05:08:15.191866+00:00,Prometheus,True,13,7,
2026-09-21T05:26:53.161161+00:00,YATA,True,13,7,
2026-09-21T05:26:53.161161+00:00,Prometheus,True,13,7,
2026-09-21T05:44:11.024569+00:00,YATA,True,13,7,
2026-09-21T05:44:11.024569+00:00,Prometheus,True,13,7,
2026-09-21T05:58:00.790505+00:00,YATA,True,13,7,
2026-09-21T05:58:00.790505+00:00,Prometheus,True,13,7,
2026-09-21T06:26:11.655319+00:00,YATA,True,13,7,
2026-09-21T06:26:11.655319+00:00,Prometheus,True,13,7,
2026-09-21T06:50:25.048615+00:00,YATA,True,13,7,
2026-09-21T06:50:25.048615+00:00,Prometheus,True,13,7,
2026-09-21T07:07:04.667424+00:00,YATA,True,13,7,
2026-09-21T07:07:04.667424+00:00,Prometheus,True,13,7,
2026-09-21T07:27:52.822516+00:00,YATA,True,13,7,
2026-09-21T07:27:52.822516+00:00,Prometheus,True,13,7,
2026-09-21T07:46:36.825144+00:00,YATA,True,13,7,
2026-09-21T07:46:36.825144+00:00,Prometheus,True,13,7,
2026-09-21T07:59:43.504092+00:00,YATA,True,13,7,
2026-09-21T07:59:43.504092+00:00,Prometheus,True,13,7,
2026-09-21T08:23:21.223650+00:00,YATA,True,13,7,
2026-09-21T08:23:21.223650+00:00,Prometheus,True,13,7,
2026-09-21T08:40:44.670627+00:00,YATA,False,0,0,TimeoutError: The read operation timed out
2026-09-21T08:40:44.670627+00:00,Prometheus,True,13,7,
2026-09-21T08:55:26.363596+00:00,YATA,True,13,7,
2026-09-21T08:55:26.363596+00:00,Prometheus,True,13,7,
2026-09-21T09:17:00.330729+00:00,YATA,True,13,7,
2026-09-21T09:17:00.330729+00:00,Prometheus,True,13,7,
2026-09-21T09:34:00.924341+00:00,YATA,True,13,7,
2026-09-21T09:34:00.924341+00:00,Prometheus,True,13,7,
2026-09-21T09:49:31.626555+00:00,YATA,True,13,7,
2026-09-21T09:49:31.626555+00:00,Prometheus,True,13,7,
2026-09-21T10:03:58.862152+00:00,YATA,True,13,7,
2026-09-21T10:03:58.862152+00:00,Prometheus,True,13,7,
2026-09-21T10:23:13.715022+00:00,YATA,True,13,7,
2026-09-21T10:23:13.715022+00:00,Prometheus,True,13,7,
2026-09-21T10:39:43.781217+00:00,YATA,True,13,7,
2026-09-21T10:39:43.781217+00:00,Prometheus,True,13,7,
2026-09-21T10:53:18.205589+00:00,YATA,True,13,7,
2026-09-21T10:53:18.205589+00:00,Prometheus,True,13,7,
2026-09-21T11:11:21.940848+00:00,YATA,True,13,7,
2026-09-21T11:11:21.940848+00:00,Prometheus,True,13,7,
2026-09-21T11:30:29.438598+00:00,YATA,True,13,7,
2026-09-21T11:30:29.438598+00:00,Prometheus,True,13,7,
2026-09-21T11:46:48.024950+00:00,YATA,True,13,7,
2026-09-21T11:46:48.024950+00:00,Prometheus,True,13,7,
2026-09-21T11:59:46.631537+00:00,YATA,True,13,7,
2026-09-21T11:59:46.631537+00:00,Prometheus,True,13,7,
2026-09-21T12:23:54.321724+00:00,YATA,True,13,7,
2026-09-21T12:23:54.321724+00:00,Prometheus,True,13,7,
2026-09-21T12:42:56.753736+00:00,YATA,True,13,7,
2026-09-21T12:42:56.753736+00:00,Prometheus,True,13,7,
2026-09-21T12:57:23.202769+00:00,YATA,True,13,7,
2026-09-21T12:57:23.202769+00:00,Prometheus,True,13,7,
2026-09-21T13:18:11.398226+00:00,YATA,True,13,7,
2026-09-21T13:18:11.398226+00:00,Prometheus,True,13,7,
2026-09-21T13:34:24.620345+00:00,YATA,True,13,7,
2026-09-21T13:34:24.620345+00:00,Prometheus,True,13,7,
2026-09-21T13:50:27.024115+00:00,YATA,True,13,7,
2026-09-21T13:50:27.024115+00:00,Prometheus,True,13,7,
2026-09-21T14:05:40.367934+00:00,YATA,True,13,7,
2026-09-21T14:05:40.367934+00:00,Prometheus,True,13,7,
2026-09-21T14:25:38.703938+00:00,YATA,True,13,7,
2026-09-21T14:25:38.703938+00:00,Prometheus,True,13,7,
2026-09-21T14:44:04.784010+00:00,YATA,True,13,7,
2026-09-21T14:44:04.784010+00:00,Prometheus,True,13,7,
2026-09-21T14:57:36.592070+00:00,YATA,True,13,7,
2026-09-21T14:57:36.592070+00:00,Prometheus,True,13,7,
2026-09-21T15:17:13.266441+00:00,YATA,True,13,7,
2026-09-21T15:17:13.266441+00:00,Prometheus,True,13,7,
2026-09-21T15:32:58.444180+00:00,YATA,True,13,7,
2026-09-21T15:32:58.444180+00:00,Prometheus,True,13,7,
2026-09-21T15:48:07.283274+00:00,YATA,True,13,7,
2026-09-21T15:48:07.283274+00:00,Prometheus,True,13,7,
2026-09-21T16:00:52.692340+00:00,YATA,True,13,7,
2026-09-21T16:00:52.692340+00:00,Prometheus,True,13,7,
2026-09-21T16:21:38.677590+00:00,YATA,True,13,7,
2026-09-21T16:21:38.677590+00:00,Prometheus,True,13,7,
2026-09-21T16:39:20.109738+00:00,YATA,True,13,7,
2026-09-21T16:39:20.109738+00:00,Prometheus,True,13,7,
2026-09-21T16:54:14.901884+00:00,YATA,True,13,7,
2026-09-21T16:54:14.901884+00:00,Prometheus,True,13,7,
2026-09-21T17:11:03.794320+00:00,YATA,True,13,7,
2026-09-21T17:11:03.794320+00:00,Prometheus,True,13,7,
2026-09-21T17:26:35.175586+00:00,YATA,True,13,7,
2026-09-21T17:26:35.175586+00:00,Prometheus,True,13,7,
2026-09-21T17:42:42.957397+00:00,YATA,True,13,7,
2026-09-21T17:42:42.957397+00:00,Prometheus,True,13,7,
2026-09-21T17:55:32.994798+00:00,YATA,True,13,7,
2026-09-21T17:55:32.994798+00:00,Prometheus,True,13,7,
2026-09-21T18:18:32.236827+00:00,YATA,True,13,7,
2026-09-21T18:18:32.236827+00:00,Prometheus,True,13,7,
2026-09-21T18:37:52.066983+00:00,YATA,True,13,7,
2026-09-21T18:37:52.066983+00:00,Prometheus,True,13,7,
2026-09-21T18:54:57.646617+00:00,YATA,True,13,7,
2026-09-21T18:54:57.646617+00:00,Prometheus,True,13,7,
2026-09-21T19:13:34.011361+00:00,YATA,True,16,8,
2026-09-21T19:13:34.011361+00:00,Prometheus,True,16,8,
2026-09-21T19:30:55.202371+00:00,YATA,True,16,8,
2026-09-21T19:30:55.202371+00:00,Prometheus,True,16,8,
2026-09-21T19:44:19.087401+00:00,YATA,True,16,8,
2026-09-21T19:44:19.087401+00:00,Prometheus,True,16,8,
2026-09-21T19:56:41.489678+00:00,YATA,True,16,8,
2026-09-21T19:56:41.489678+00:00,Prometheus,True,16,8,
2026-09-21T20:17:26.213801+00:00,YATA,True,16,8,
2026-09-21T20:17:26.213801+00:00,Prometheus,True,16,8,
2026-09-21T20:32:26.804791+00:00,YATA,True,16,8,
2026-09-21T20:32:26.804791+00:00,Prometheus,True,16,8,
2026-09-21T20:46:39.274300+00:00,YATA,True,16,8,
2026-09-21T20:46:39.274300+00:00,Prometheus,True,16,8,
2026-09-21T20:59:27.761820+00:00,YATA,True,16,8,
2026-09-21T20:59:27.761820+00:00,Prometheus,True,16,8,
2026-09-21T21:19:08.904368+00:00,YATA,True,16,8,
2026-09-21T21:19:08.904368+00:00,Prometheus,True,16,8,
2026-09-21T21:35:12.824572+00:00,YATA,True,16,8,
2026-09-21T21:35:12.824572+00:00,Prometheus,True,16,8,
2026-09-21T21:47:23.988835+00:00,YATA,True,16,8,
2026-09-21T21:47:23.988835+00:00,Prometheus,True,16,8,
2026-09-21T21:59:40.565261+00:00,YATA,True,16,8,
2026-09-21T21:59:40.565261+00:00,Prometheus,True,16,8,
2026-09-21T22:19:33.897616+00:00,YATA,True,16,8,
2026-09-21T22:19:33.897616+00:00,Prometheus,True,16,8,
2026-09-21T22:35:40.303045+00:00,YATA,True,16,8,
2026-09-21T22:35:40.303045+00:00,Prometheus,True,16,8,
2026-09-21T22:49:37.687282+00:00,YATA,True,16,8,
2026-09-21T22:49:37.687282+00:00,Prometheus,True,16,8,
2026-09-21T23:03:36.041022+00:00,YATA,True,16,8,
2026-09-21T23:03:36.041022+00:00,Prometheus,True,16,8,
2026-09-21T23:21:12.601022+00:00,YATA,True,16,8,
2026-09-21T23:21:12.601022+00:00,Prometheus,True,16,8,
2026-09-21T23:37:04.079466+00:00,YATA,True,16,8,
2026-09-21T23:37:04.079466+00:00,Prometheus,True,16,8,
2026-09-21T23:50:10.913767+00:00,YATA,True,16,8,
2026-09-21T23:50:10.913767+00:00,Prometheus,True,16,8,
2026-09-22T00:07:11.621134+00:00,YATA,True,16,8,
2026-09-22T00:07:11.621134+00:00,Prometheus,True,16,8,
2026-09-22T00:31:46.296296+00:00,YATA,True,16,8,
2026-09-22T00:31:46.296296+00:00,Prometheus,True,16,8,
2026-09-22T00:50:38.720514+00:00,YATA,True,16,8,
2026-09-22T00:50:38.720514+00:00,Prometheus,True,16,8,
2026-09-22T01:04:55.030864+00:00,YATA,True,16,8,
2026-09-22T01:04:55.030864+00:00,Prometheus,True,16,8,
2026-09-22T01:21:19.671391+00:00,YATA,True,16,8,
2026-09-22T01:21:19.671391+00:00,Prometheus,True,16,8,
2026-09-22T01:37:39.026750+00:00,YATA,True,16,8,
2026-09-22T01:37:39.026750+00:00,Prometheus,True,16,8,
2026-09-22T01:50:47.159627+00:00,YATA,True,16,8,
2026-09-22T01:50:47.159627+00:00,Prometheus,True,16,8,
2026-09-22T02:07:10.876545+00:00,YATA,True,16,8,
2026-09-22T02:07:10.876545+00:00,Prometheus,True,16,8,
2026-09-22T02:25:28.209198+00:00,YATA,True,16,8,
2026-09-22T02:25:28.209198+00:00,Prometheus,True,16,8,
2026-09-22T02:42:59.839770+00:00,YATA,True,16,8,
2026-09-22T02:42:59.839770+00:00,Prometheus,True,16,8,
2026-09-22T02:56:39.422748+00:00,YATA,True,16,8,
2026-09-22T02:56:39.422748+00:00,Prometheus,True,16,8,
2026-09-22T03:17:57.033395+00:00,YATA,False,0,0,HTTPError: HTTP Error 502: Bad Gateway
2026-09-22T03:17:57.033395+00:00,Prometheus,True,16,8,
2026-09-22T03:34:41.695481+00:00,YATA,True,16,8,
2026-09-22T03:34:41.695481+00:00,Prometheus,True,16,8,
2026-09-22T03:50:05.988310+00:00,YATA,False,0,0,TimeoutError: The read operation timed out
2026-09-22T03:50:05.988310+00:00,Prometheus,True,16,8,
2026-09-22T04:04:44.404072+00:00,YATA,True,16,8,
2026-09-22T04:04:44.404072+00:00,Prometheus,True,16,8,
2026-09-22T04:23:33.398661+00:00,YATA,True,16,8,
2026-09-22T04:23:33.398661+00:00,Prometheus,True,16,8,
2026-09-22T04:40:58.462699+00:00,YATA,True,16,8,
2026-09-22T04:40:58.462699+00:00,Prometheus,True,16,8,
2026-09-22T04:55:08.758641+00:00,YATA,True,16,8,
2026-09-22T04:55:08.758641+00:00,Prometheus,True,16,8,
2026-09-22T05:14:30.190055+00:00,YATA,True,16,8,
2026-09-22T05:14:30.190055+00:00,Prometheus,True,16,8,
2026-09-22T05:31:33.088920+00:00,YATA,True,16,8,
2026-09-22T05:31:33.088920+00:00,Prometheus,True,16,8,
2026-09-22T05:46:54.522812+00:00,YATA,True,16,8,
2026-09-22T05:46:54.522812+00:00,Prometheus,True,16,8,
2026-09-22T05:59:16.018421+00:00,YATA,True,16,8,
2026-09-22T05:59:16.018421+00:00,Prometheus,True,16,8,
2026-09-22T06:24:54.632106+00:00,YATA,True,16,8,
2026-09-22T06:24:54.632106+00:00,Prometheus,True,16,8,
2026-09-22T06:47:10.336981+00:00,YATA,True,16,8,
2026-09-22T06:47:10.336981+00:00,Prometheus,True,16,8,
2026-09-22T07:01:22.967870+00:00,YATA,True,16,8,
2026-09-22T07:01:22.967870+00:00,Prometheus,True,16,8,
2026-09-22T07:21:27.609948+00:00,YATA,True,16,8,
2026-09-22T07:21:27.609948+00:00,Prometheus,True,16,8,
2026-09-22T07:38:54.118506+00:00,YATA,True,16,8,
2026-09-22T07:38:54.118506+00:00,Prometheus,True,16,8,
2026-09-22T07:53:42.820559+00:00,YATA,True,16,8,
2026-09-22T07:53:42.820559+00:00,Prometheus,True,16,8,
2026-09-22T08:12:50.364075+00:00,YATA,True,16,8,
2026-09-22T08:12:50.364075+00:00,Prometheus,True,16,8,
2026-09-22T08:32:15.130131+00:00,YATA,True,16,8,
2026-09-22T08:32:15.130131+00:00,Prometheus,True,16,8,
2026-09-22T08:49:03.190153+00:00,YATA,True,16,8,
2026-09-22T08:49:03.190153+00:00,Prometheus,True,16,8,
2026-09-22T09:02:21.608005+00:00,YATA,True,16,8,
2026-09-22T09:02:21.608005+00:00,Prometheus,True,16,8,
2026-09-22T09:21:36.621017+00:00,YATA,True,16,8,
2026-09-22T09:21:36.621017+00:00,Prometheus,True,16,8,
2026-09-22T09:38:08.465827+00:00,YATA,True,16,8,
2026-09-22T09:38:08.465827+00:00,Prometheus,True,16,8,
2026-09-22T09:52:41.682352+00:00,YATA,True,16,8,
2026-09-22T09:52:41.682352+00:00,Prometheus,True,16,8,
2026-09-22T10:11:23.694439+00:00,YATA,True,16,8,
2026-09-22T10:11:23.694439+00:00,Prometheus,True,16,8,
2026-09-22T10:30:43.272467+00:00,YATA,True,16,8,
2026-09-22T10:30:43.272467+00:00,Prometheus,True,16,8,
2026-09-22T10:47:08.519332+00:00,YATA,True,16,8,
2026-09-22T10:47:08.519332+00:00,Prometheus,True,16,8,
2026-09-22T10:59:33.839194+00:00,YATA,True,16,8,
2026-09-22T10:59:33.839194+00:00,Prometheus,True,16,8,
2026-09-22T11:19:36.058982+00:00,YATA,True,16,8,
2026-09-22T11:19:36.058982+00:00,Prometheus,True,16,8,
2026-09-22T11:36:24.806600+00:00,YATA,True,16,8,
2026-09-22T11:36:24.806600+00:00,Prometheus,True,16,8,
2026-09-22T11:50:33.877720+00:00,YATA,True,16,8,
2026-09-22T11:50:33.877720+00:00,Prometheus,True,16,8,
2026-09-22T12:07:12.295237+00:00,YATA,True,16,8,
2026-09-22T12:07:12.295237+00:00,Prometheus,True,16,8,
2026-09-22T12:31:01.330254+00:00,YATA,True,16,8,
2026-09-22T12:31:01.330254+00:00,Prometheus,True,16,8,
2026-09-22T12:50:47.268276+00:00,YATA,True,16,8,
2026-09-22T12:50:47.268276+00:00,Prometheus,True,16,8,
2026-09-22T13:06:46.503653+00:00,YATA,True,16,8,
2026-09-22T13:06:46.503653+00:00,Prometheus,True,16,8,
2026-09-22T13:27:07.890134+00:00,YATA,True,16,8,
2026-09-22T13:27:07.890134+00:00,Prometheus,True,16,8,
2026-09-22T13:45:46.034934+00:00,YATA,True,16,8,
2026-09-22T13:45:46.034934+00:00,Prometheus,True,16,8,
2026-09-22T13:59:29.692809+00:00,YATA,True,16,8,
2026-09-22T13:59:29.692809+00:00,Prometheus,True,16,8,
2026-09-22T14:20:43.596317+00:00,YATA,True,16,8,
2026-09-22T14:20:43.596317+00:00,Prometheus,True,16,8,
2026-09-22T14:40:07.317641+00:00,YATA,True,16,8,
2026-09-22T14:40:07.317641+00:00,Prometheus,True,16,8,
2026-09-22T14:56:32.194431+00:00,YATA,True,16,8,
2026-09-22T14:56:32.194431+00:00,Prometheus,True,16,8,
2026-09-22T15:17:31.528440+00:00,YATA,True,16,8,
2026-09-22T15:17:31.528440+00:00,Prometheus,True,16,8,
2026-09-22T15:33:16.354225+00:00,YATA,True,16,8,
2026-09-22T15:33:16.354225+00:00,Prometheus,True,16,8,
2026-09-22T15:47:45.634004+00:00,YATA,True,16,8,
2026-09-22T15:47:45.634004+00:00,Prometheus,True,16,8,
2026-09-22T16:00:41.792412+00:00,YATA,True,16,8,
2026-09-22T16:00:41.792412+00:00,Prometheus,True,16,8,
2026-09-22T16:21:27.706129+00:00,YATA,True,16,8,
2026-09-22T16:21:27.706129+00:00,Prometheus,True,16,8,
2026-09-22T16:39:39.000678+00:00,YATA,True,16,8,
2026-09-22T16:39:39.000678+00:00,Prometheus,True,16,8,
2026-09-22T16:54:20.764724+00:00,YATA,True,16,8,
2026-09-22T16:54:20.764724+00:00,Prometheus,True,16,8,
2026-09-22T17:12:45.116122+00:00,YATA,True,16,8,
2026-09-22T17:12:45.116122+00:00,Prometheus,True,16,8,
2026-09-22T17:29:49.777757+00:00,YATA,True,16,8,
2026-09-22T17:29:49.777757+00:00,Prometheus,True,16,8,
2026-09-22T17:43:54.852448+00:00,YATA,True,16,8,
2026-09-22T17:43:54.852448+00:00,Prometheus,True,16,8,
2026-09-22T17:56:52.857827+00:00,YATA,True,16,8,
2026-09-22T17:56:52.857827+00:00,Prometheus,True,16,8,
2026-09-22T18:21:58.217622+00:00,YATA,True,16,8,
2026-09-22T18:21:58.217622+00:00,Prometheus,True,16,8,
2026-09-22T18:41:05.330262+00:00,YATA,True,16,8,
2026-09-22T18:41:05.330262+00:00,Prometheus,True,16,8,
2026-09-22T18:56:13.492864+00:00,YATA,True,16,8,
2026-09-22T18:56:13.492864+00:00,Prometheus,True,16,8,
2026-09-22T19:14:50.204095+00:00,YATA,True,16,8,
2026-09-22T19:14:50.204095+00:00,Prometheus,True,16,8,
2026-09-22T19:30:15.075560+00:00,YATA,True,16,8,
2026-09-22T19:30:15.075560+00:00,Prometheus,True,16,8,
2026-09-22T19:44:57.359893+00:00,YATA,True,16,8,
2026-09-22T19:44:57.359893+00:00,Prometheus,True,16,8,
2026-09-22T19:57:17.575937+00:00,YATA,True,16,8,
2026-09-22T19:57:17.575937+00:00,Prometheus,True,16,8,
2026-09-22T20:17:07.508554+00:00,YATA,True,16,8,
2026-09-22T20:17:07.508554+00:00,Prometheus,True,16,8,
2026-09-22T20:33:32.250205+00:00,YATA,True,16,8,
2026-09-22T20:33:32.250205+00:00,Prometheus,True,16,8,
2026-09-22T20:48:25.810620+00:00,YATA,True,16,8,
2026-09-22T20:48:25.810620+00:00,Prometheus,True,16,8,
2026-09-22T21:01:22.555582+00:00,YATA,True,16,8,
2026-09-22T21:01:22.555582+00:00,Prometheus,True,16,8,
2026-09-22T21:19:17.273949+00:00,YATA,True,16,8,
2026-09-22T21:19:17.273949+00:00,Prometheus,True,16,8,
2026-09-22T21:34:23.088110+00:00,YATA,True,16,8,
2026-09-22T21:34:23.088110+00:00,Prometheus,True,16,8,
2026-09-22T21:48:43.051823+00:00,YATA,True,16,8,
2026-09-22T21:48:43.051823+00:00,Prometheus,True,16,8,
2026-09-22T22:02:01.183568+00:00,YATA,True,16,8,
2026-09-22T22:02:01.183568+00:00,Prometheus,True,16,8,
2026-09-22T22:20:23.031781+00:00,YATA,True,16,8,
2026-09-22T22:20:23.031781+00:00,Prometheus,True,16,8,
2026-09-22T22:35:45.453159+00:00,YATA,True,16,8,
2026-09-22T22:35:45.453159+00:00,Prometheus,True,16,8,
2026-09-22T22:49:18.131949+00:00,YATA,True,16,8,
2026-09-22T22:49:18.131949+00:00,Prometheus,True,16,8,
2026-09-22T23:03:04.328181+00:00,YATA,True,16,8,
2026-09-22T23:03:04.328181+00:00,Prometheus,True,16,8,
2026-09-22T23:19:39.140185+00:00,YATA,True,16,8,
2026-09-22T23:19:39.140185+00:00,Prometheus,True,16,8,
2026-09-22T23:34:05.165922+00:00,YATA,True,16,8,
2026-09-22T23:34:05.165922+00:00,Prometheus,True,16,8,
2026-09-22T23:47:37.036995+00:00,YATA,True,16,8,
2026-09-22T23:47:37.036995+00:00,Prometheus,True,16,8,
2026-09-22T23:59:53.726268+00:00,YATA,True,16,8,
2026-09-22T23:59:53.726268+00:00,Prometheus,True,16,8,
2026-09-23T00:25:32.950965+00:00,YATA,True,16,8,
2026-09-23T00:25:32.950965+00:00,Prometheus,True,16,8,
2026-09-23T00:46:43.256145+00:00,YATA,True,16,8,
2026-09-23T00:46:43.256145+00:00,Prometheus,True,16,8,
2026-09-23T01:00:33.486611+00:00,YATA,True,16,8,
2026-09-23T01:00:33.486611+00:00,Prometheus,True,16,8,
2026-09-23T01:19:30.914740+00:00,YATA,True,16,8,
2026-09-23T01:19:30.914740+00:00,Prometheus,True,16,8,
2026-09-23T01:35:43.446545+00:00,YATA,True,16,8,
2026-09-23T01:35:43.446545+00:00,Prometheus,True,16,8,
2026-09-23T01:48:50.906243+00:00,YATA,True,16,8,
2026-09-23T01:48:50.906243+00:00,Prometheus,True,16,8,
2026-09-23T02:02:07.466761+00:00,YATA,True,16,8,
2026-09-23T02:02:07.466761+00:00,Prometheus,True,16,8,
2026-09-23T02:21:54.787466+00:00,YATA,True,16,8,
2026-09-23T02:21:54.787466+00:00,Prometheus,True,16,8,
2026-09-23T02:39:05.872548+00:00,YATA,True,16,8,
2026-09-23T02:39:05.872548+00:00,Prometheus,True,16,8,
2026-09-23T02:53:35.519343+00:00,YATA,True,16,8,
2026-09-23T02:53:35.519343+00:00,Prometheus,True,16,8,
2026-09-23T03:11:55.252902+00:00,YATA,False,0,0,HTTPError: HTTP Error 502: Bad Gateway
2026-09-23T03:11:55.252902+00:00,Prometheus,True,16,8,
2026-09-23T03:30:35.145617+00:00,YATA,False,0,0,HTTPError: HTTP Error 502: Bad Gateway
2026-09-23T03:30:35.145617+00:00,Prometheus,True,16,8,
2026-09-23T03:46:51.887872+00:00,YATA,True,16,8,
2026-09-23T03:46:51.887872+00:00,Prometheus,True,16,8,
2026-09-23T03:59:37.425266+00:00,YATA,True,16,8,
2026-09-23T03:59:37.425266+00:00,Prometheus,True,16,8,
2026-09-23T04:21:03.864816+00:00,YATA,True,16,8,
2026-09-23T04:21:03.864816+00:00,Prometheus,True,16,8,
2026-09-23T04:39:10.645843+00:00,YATA,True,16,8,
2026-09-23T04:39:10.645843+00:00,Prometheus,True,16,8,
2026-09-23T04:54:10.166803+00:00,YATA,True,16,8,
2026-09-23T04:54:10.166803+00:00,Prometheus,True,16,8,
2026-09-23T05:12:19.439376+00:00,YATA,True,16,8,
2026-09-23T05:12:19.439376+00:00,Prometheus,True,16,8,
2026-09-23T05:30:01.009764+00:00,YATA,True,16,8,
2026-09-23T05:30:01.009764+00:00,Prometheus,True,16,8,
2026-09-23T05:46:01.255497+00:00,YATA,True,16,8,
2026-09-23T05:46:01.255497+00:00,Prometheus,True,16,8,
2026-09-23T05:58:18.504102+00:00,YATA,True,16,8,
2026-09-23T05:58:18.504102+00:00,Prometheus,True,16,8,
2026-09-23T06:24:52.522607+00:00,YATA,True,16,8,
2026-09-23T06:24:52.522607+00:00,Prometheus,True,16,8,
2026-09-23T06:46:58.987229+00:00,YATA,True,16,8,
2026-09-23T06:46:58.987229+00:00,Prometheus,True,16,8,
2026-09-23T07:01:03.819957+00:00,YATA,True,16,8,
2026-09-23T07:01:03.819957+00:00,Prometheus,True,16,8,
2026-09-23T07:22:06.917580+00:00,YATA,True,16,8,
2026-09-23T07:22:06.917580+00:00,Prometheus,True,16,8,
2026-09-23T07:40:04.043261+00:00,YATA,True,16,8,
2026-09-23T07:40:04.043261+00:00,Prometheus,True,16,8,
2026-09-23T07:55:04.271707+00:00,YATA,True,16,8,
2026-09-23T07:55:04.271707+00:00,Prometheus,True,16,8,
2026-09-23T08:16:02.931590+00:00,YATA,True,16,8,
2026-09-23T08:16:02.931590+00:00,Prometheus,True,16,8,
2026-09-23T08:34:16.080170+00:00,YATA,True,16,8,
2026-09-23T08:34:16.080170+00:00,Prometheus,True,16,8,
2026-09-23T08:50:44.289850+00:00,YATA,True,16,8,
2026-09-23T08:50:44.289850+00:00,Prometheus,True,16,8,
2026-09-23T09:06:11.105070+00:00,YATA,True,16,8,
2026-09-23T09:06:11.105070+00:00,Prometheus,True,16,8,
2026-09-23T09:25:42.011367+00:00,YATA,True,16,8,
2026-09-23T09:25:42.011367+00:00,Prometheus,True,16,8,
2026-09-23T09:43:48.710801+00:00,YATA,True,16,8,
2026-09-23T09:43:48.710801+00:00,Prometheus,True,16,8,
2026-09-23T09:57:22.824841+00:00,YATA,True,16,8,
2026-09-23T09:57:22.824841+00:00,Prometheus,True,16,8,
2026-09-23T10:18:24.847249+00:00,YATA,True,16,8,
2026-09-23T10:18:24.847249+00:00,Prometheus,True,16,8,
2026-09-23T10:35:19.516444+00:00,YATA,True,16,8,
2026-09-23T10:35:19.516444+00:00,Prometheus,True,16,8,
2026-09-23T10:51:31.024138+00:00,YATA,True,16,8,
2026-09-23T10:51:31.024138+00:00,Prometheus,True,16,8,
2026-09-23T11:07:39.783071+00:00,YATA,True,16,8,
2026-09-23T11:07:39.783071+00:00,Prometheus,True,16,8,
2026-09-23T11:26:31.108783+00:00,YATA,True,16,8,
2026-09-23T11:26:31.108783+00:00,Prometheus,True,16,8,
2026-09-23T11:43:58.476797+00:00,YATA,True,16,8,
2026-09-23T11:43:58.476797+00:00,Prometheus,True,16,8,
2026-09-23T11:57:07.692221+00:00,YATA,True,16,8,
2026-09-23T11:57:07.692221+00:00,Prometheus,True,16,8,
2026-09-23T12:23:08.791796+00:00,YATA,True,16,8,
2026-09-23T12:23:08.791796+00:00,Prometheus,True,16,8,
2026-09-23T12:44:36.344444+00:00,YATA,True,16,8,
2026-09-23T12:44:36.344444+00:00,Prometheus,True,16,8,
2026-09-23T13:00:07.834592+00:00,YATA,True,16,8,
2026-09-23T13:00:07.834592+00:00,Prometheus,True,16,8,
2026-09-23T13:22:23.928402+00:00,YATA,True,16,8,
2026-09-23T13:22:23.928402+00:00,Prometheus,True,16,8,
2026-09-23T13:40:29.163554+00:00,YATA,True,16,8,
2026-09-23T13:40:29.163554+00:00,Prometheus,True,16,8,
2026-09-23T13:54:37.662589+00:00,YATA,True,16,8,
2026-09-23T13:54:37.662589+00:00,Prometheus,True,16,8,
2026-09-23T14:14:51.506373+00:00,YATA,True,16,8,
2026-09-23T14:14:51.506373+00:00,Prometheus,True,16,8,
2026-09-23T14:33:56.830026+00:00,YATA,True,16,8,
2026-09-23T14:33:56.830026+00:00,Prometheus,True,16,8,
2026-09-23T14:51:46.401182+00:00,YATA,True,16,8,
2026-09-23T14:51:46.401182+00:00,Prometheus,True,16,8,
2026-09-23T15:07:49.263181+00:00,YATA,True,16,8,
2026-09-23T15:07:49.263181+00:00,Prometheus,True,16,8,
2026-09-23T15:27:28.336148+00:00,YATA,True,16,8,
2026-09-23T15:27:28.336148+00:00,Prometheus,True,16,8,
2026-09-23T15:45:46.557866+00:00,YATA,True,16,8,
2026-09-23T15:45:46.557866+00:00,Prometheus,True,16,8,
2026-09-23T15:58:23.936744+00:00,YATA,True,16,8,
2026-09-23T15:58:23.936744+00:00,Prometheus,True,16,8,
2026-09-23T16:20:54.497294+00:00,YATA,True,16,8,
2026-09-23T16:20:54.497294+00:00,Prometheus,True,16,8,
2026-09-23T16:39:30.692514+00:00,YATA,True,16,8,
2026-09-23T16:39:30.692514+00:00,Prometheus,True,16,8,
2026-09-23T16:54:31.213368+00:00,YATA,True,16,8,
2026-09-23T16:54:31.213368+00:00,Prometheus,True,16,8,
2026-09-23T17:14:03.487833+00:00,YATA,True,16,8,
2026-09-23T17:14:03.487833+00:00,Prometheus,True,16,8,
2026-09-23T17:31:09.010987+00:00,YATA,True,16,8,
2026-09-23T17:31:09.010987+00:00,Prometheus,True,16,8,
2026-09-23T17:45:29.116606+00:00,YATA,True,16,8,
2026-09-23T17:45:29.116606+00:00,Prometheus,True,16,8,
2026-09-23T17:57:46.992515+00:00,YATA,True,16,8,
2026-09-23T17:57:46.992515+00:00,Prometheus,True,16,8,
2026-09-23T18:22:29.706595+00:00,YATA,True,16,8,
2026-09-23T18:22:29.706595+00:00,Prometheus,True,16,8,
2026-09-23T18:41:15.422921+00:00,YATA,True,16,8,
2026-09-23T18:41:15.422921+00:00,Prometheus,True,16,8,
2026-09-23T18:56:12.781544+00:00,YATA,True,16,8,
2026-09-23T18:56:12.781544+00:00,Prometheus,True,16,8,
2026-09-23T19:15:14.719052+00:00,YATA,True,16,8,
2026-09-23T19:15:14.719052+00:00,Prometheus,True,16,8,
2026-09-23T19:31:54.936776+00:00,YATA,True,16,8,
2026-09-23T19:31:54.936776+00:00,Prometheus,True,16,8,
2026-09-23T19:46:38.074182+00:00,YATA,True,16,8,
2026-09-23T19:46:38.074182+00:00,Prometheus,True,16,8,
2026-09-23T19:59:28.854180+00:00,YATA,True,16,8,
2026-09-23T19:59:28.854180+00:00,Prometheus,True,16,8,
2026-09-23T20:20:50.587008+00:00,YATA,True,16,8,
2026-09-23T20:20:50.587008+00:00,Prometheus,True,16,8,
2026-09-23T20:37:18.277733+00:00,YATA,True,16,8,
2026-09-23T20:37:18.277733+00:00,Prometheus,True,16,8,
2026-09-23T20:51:08.558538+00:00,YATA,True,16,8,
2026-09-23T20:51:08.558538+00:00,Prometheus,True,16,8,
2026-09-23T21:07:08.341405+00:00,YATA,True,16,8,
2026-09-23T21:07:08.341405+00:00,Prometheus,True,16,8,
2026-09-23T21:25:30.225726+00:00,YATA,True,16,8,
2026-09-23T21:25:30.225726+00:00,Prometheus,True,16,8,
2026-09-23T21:41:35.595169+00:00,YATA,True,16,8,
2026-09-23T21:41:35.595169+00:00,Prometheus,True,16,8,
2026-09-23T21:54:02.696216+00:00,YATA,True,16,8,
2026-09-23T21:54:02.696216+00:00,Prometheus,True,16,8,
2026-09-23T22:13:12.291308+00:00,YATA,True,16,8,
2026-09-23T22:13:12.291308+00:00,Prometheus,True,16,8,
2026-09-23T22:29:46.645975+00:00,YATA,True,16,8,
2026-09-23T22:29:46.645975+00:00,Prometheus,True,16,8,
2026-09-23T22:44:31.726265+00:00,YATA,True,16,8,
2026-09-23T22:44:31.726265+00:00,Prometheus,True,16,8,
2026-09-23T22:56:59.622462+00:00,YATA,True,16,8,
2026-09-23T22:56:59.622462+00:00,Prometheus,True,16,8,
2026-09-23T23:14:27.558884+00:00,YATA,True,16,8,
2026-09-23T23:14:27.558884+00:00,Prometheus,True,16,8,
2026-09-23T23:28:45.524719+00:00,YATA,True,16,8,
2026-09-23T23:28:45.524719+00:00,Prometheus,True,16,8,
2026-09-23T23:43:26.720911+00:00,YATA,True,16,8,
2026-09-23T23:43:26.720911+00:00,Prometheus,True,16,8,
2026-09-23T23:55:46.464704+00:00,YATA,True,16,8,
2026-09-23T23:55:46.464704+00:00,Prometheus,True,16,8,
2026-09-24T00:22:44.221819+00:00,YATA,True,16,8,
2026-09-24T00:22:44.221819+00:00,Prometheus,True,16,8,
2026-09-24T00:44:14.275647+00:00,YATA,True,16,8,
2026-09-24T00:44:14.275647+00:00,Prometheus,True,16,8,
2026-09-24T00:58:51.665281+00:00,YATA,True,16,8,
2026-09-24T00:58:51.665281+00:00,Prometheus,True,16,8,
2026-09-24T01:18:24.664172+00:00,YATA,True,16,8,
2026-09-24T01:18:24.664172+00:00,Prometheus,True,16,8,
2026-09-24T01:34:04.414890+00:00,YATA,True,16,8,
2026-09-24T01:34:04.414890+00:00,Prometheus,True,16,8,
2026-09-24T01:49:43.344786+00:00,YATA,True,16,8,
2026-09-24T01:49:43.344786+00:00,Prometheus,True,16,8,
2026-09-24T02:03:55.002520+00:00,YATA,True,16,8,
2026-09-24T02:03:55.002520+00:00,Prometheus,True,16,8,
2026-09-24T02:23:01.031747+00:00,YATA,True,16,8,
2026-09-24T02:23:01.031747+00:00,Prometheus,True,16,8,
2026-09-24T02:41:02.764926+00:00,YATA,True,16,8,
2026-09-24T02:41:02.764926+00:00,Prometheus,True,16,8,
2026-09-24T02:55:28.638883+00:00,YATA,True,16,8,
2026-09-24T02:55:28.638883+00:00,Prometheus,True,16,8,
2026-09-24T03:15:58.250792+00:00,YATA,False,0,0,HTTPError: HTTP Error 502: Bad Gateway
2026-09-24T03:15:58.250792+00:00,Prometheus,True,16,8,
2026-09-24T03:34:05.149243+00:00,YATA,True,16,8,
2026-09-24T03:34:05.149243+00:00,Prometheus,True,16,8,
2026-09-24T03:49:51.747624+00:00,YATA,True,16,8,
2026-09-24T03:49:51.747624+00:00,Prometheus,True,16,8,
2026-09-24T04:04:16.340299+00:00,YATA,True,16,8,
2026-09-24T04:04:16.340299+00:00,Prometheus,True,16,8,
2026-09-24T04:23:46.863443+00:00,YATA,True,16,8,
2026-09-24T04:23:46.863443+00:00,Prometheus,True,16,8,
2026-09-24T04:41:45.269789+00:00,YATA,True,16,8,
2026-09-24T04:41:45.269789+00:00,Prometheus,True,16,8,
2026-09-24T04:56:16.549098+00:00,YATA,True,16,8,
2026-09-24T04:56:16.549098+00:00,Prometheus,True,16,8,
2026-09-24T05:16:30.529910+00:00,YATA,True,16,8,
2026-09-24T05:16:30.529910+00:00,Prometheus,True,16,8,
2026-09-24T05:33:31.621878+00:00,YATA,True,16,8,
2026-09-24T05:33:31.621878+00:00,Prometheus,True,16,8,
2026-09-24T05:48:34.618311+00:00,YATA,True,16,8,
2026-09-24T05:48:34.618311+00:00,Prometheus,True,16,8,
2026-09-24T06:02:27.076663+00:00,YATA,True,16,8,
2026-09-24T06:02:27.076663+00:00,Prometheus,True,16,8,
2026-09-24T06:27:21.160974+00:00,YATA,True,16,8,
2026-09-24T06:27:21.160974+00:00,Prometheus,True,16,8,
2026-09-24T06:49:38.643031+00:00,YATA,True,16,8,
2026-09-24T06:49:38.643031+00:00,Prometheus,True,16,8,
2026-09-24T07:04:54.786709+00:00,YATA,True,16,8,
2026-09-24T07:04:54.786709+00:00,Prometheus,True,16,8,
2026-09-24T07:24:31.908810+00:00,YATA,True,16,8,
2026-09-24T07:24:31.908810+00:00,Prometheus,True,16,8,
2026-09-24T07:42:29.629416+00:00,YATA,True,16,8,
2026-09-24T07:42:29.629416+00:00,Prometheus,True,16,8,
2026-09-24T07:56:46.430756+00:00,YATA,True,16,8,
2026-09-24T07:56:46.430756+00:00,Prometheus,True,16,8,
2026-09-24T08:19:44.067570+00:00,YATA,True,16,8,
2026-09-24T08:19:44.067570+00:00,Prometheus,True,16,8,
2026-09-24T08:38:37.282721+00:00,YATA,True,16,8,
2026-09-24T08:38:37.282721+00:00,Prometheus,True,16,8,
2026-09-24T08:54:48.464132+00:00,YATA,True,16,8,
2026-09-24T08:54:48.464132+00:00,Prometheus,True,16,8,
2026-09-24T09:15:59.330447+00:00,YATA,True,16,8,
2026-09-24T09:15:59.330447+00:00,Prometheus,True,16,8,
2026-09-24T09:33:58.984110+00:00,YATA,True,16,8,
2026-09-24T09:33:58.984110+00:00,Prometheus,True,16,8,
2026-09-24T09:50:19.168376+00:00,YATA,True,16,8,
2026-09-24T09:50:19.168376+00:00,Prometheus,True,16,8,
2026-09-24T10:05:21.919300+00:00,YATA,True,16,8,
2026-09-24T10:05:21.919300+00:00,Prometheus,True,16,8,
2026-09-24T10:24:59.536005+00:00,YATA,True,16,8,
2026-09-24T10:24:59.536005+00:00,Prometheus,True,16,8,
2026-09-24T10:42:54.388648+00:00,YATA,True,16,8,
2026-09-24T10:42:54.388648+00:00,Prometheus,True,16,8,
2026-09-24T10:56:32.518636+00:00,YATA,True,16,8,
2026-09-24T10:56:32.518636+00:00,Prometheus,True,16,8,
2026-09-24T11:17:11.582113+00:00,YATA,True,16,8,
2026-09-24T11:17:11.582113+00:00,Prometheus,True,16,8,
2026-09-24T11:34:18.496067+00:00,YATA,True,16,8,
2026-09-24T11:34:18.496067+00:00,Prometheus,True,16,8,
2026-09-24T11:49:58.680693+00:00,YATA,True,16,8,
2026-09-24T11:49:58.680693+00:00,Prometheus,True,16,8,
2026-09-24T12:05:53.736638+00:00,YATA,True,16,8,
2026-09-24T12:05:53.736638+00:00,Prometheus,True,16,8,
2026-09-24T12:30:41.195116+00:00,YATA,True,16,8,
2026-09-24T12:30:41.195116+00:00,Prometheus,True,16,8,
2026-09-24T12:51:39.146400+00:00,YATA,True,16,8,
2026-09-24T12:51:39.146400+00:00,Prometheus,True,16,8,
2026-09-24T13:09:25.054986+00:00,YATA,True,16,8,
2026-09-24T13:09:25.054986+00:00,Prometheus,True,16,8,
2026-09-24T13:29:57.661439+00:00,YATA,True,16,8,
2026-09-24T13:29:57.661439+00:00,Prometheus,True,16,8,
2026-09-24T13:48:39.216316+00:00,YATA,True,16,8,
2026-09-24T13:48:39.216316+00:00,Prometheus,True,16,8,
2026-09-24T14:02:19.452141+00:00,YATA,False,0,0,HTTPError: HTTP Error 502: Bad Gateway
2026-09-24T14:02:19.452141+00:00,Prometheus,True,16,8,
2026-09-24T14:23:12.016480+00:00,YATA,False,0,0,HTTPError: HTTP Error 502: Bad Gateway
2026-09-24T14:23:12.016480+00:00,Prometheus,True,16,8,
2026-09-24T14:43:01.746790+00:00,YATA,True,16,8,
2026-09-24T14:43:01.746790+00:00,Prometheus,True,16,8,
2026-09-24T14:58:55.044233+00:00,YATA,True,16,8,
2026-09-24T14:58:55.044233+00:00,Prometheus,True,16,8,
2026-09-24T15:21:09.722348+00:00,YATA,True,16,8,
2026-09-24T15:21:09.722348+00:00,Prometheus,True,16,8,
2026-09-24T15:39:08.035158+00:00,YATA,True,16,8,
2026-09-24T15:39:08.035158+00:00,Prometheus,True,16,8,
2026-09-24T15:53:45.986656+00:00,YATA,True,16,8,
2026-09-24T15:53:45.986656+00:00,Prometheus,True,16,8,
2026-09-24T16:13:36.420007+00:00,YATA,True,16,8,
2026-09-24T16:13:36.420007+00:00,Prometheus,True,16,8,
2026-09-24T16:33:13.419943+00:00,YATA,True,16,8,
2026-09-24T16:33:13.419943+00:00,Prometheus,True,16,8,
2026-09-24T16:49:46.843263+00:00,YATA,True,16,8,
2026-09-24T16:49:46.843263+00:00,Prometheus,True,16,8,
2026-09-24T17:03:56.187314+00:00,YATA,True,16,8,
2026-09-24T17:03:56.187314+00:00,Prometheus,True,16,8,
2026-09-24T17:22:16.383567+00:00,YATA,True,16,8,
2026-09-24T17:22:16.383567+00:00,Prometheus,True,16,8,
2026-09-24T17:38:05.961737+00:00,YATA,True,16,8,
2026-09-24T17:38:05.961737+00:00,Prometheus,True,16,8,
2026-09-24T17:51:56.115880+00:00,YATA,True,16,8,
2026-09-24T17:51:56.115880+00:00,Prometheus,True,16,8,
2026-09-24T18:10:43.928282+00:00,YATA,True,16,8,
2026-09-24T18:10:43.928282+00:00,Prometheus,True,16,8,
2026-09-24T18:32:46.380492+00:00,YATA,True,16,8,
2026-09-24T18:32:46.380492+00:00,Prometheus,True,16,8,
2026-09-24T18:50:38.206939+00:00,YATA,True,16,8,
2026-09-24T18:50:38.206939+00:00,Prometheus,True,16,8,
2026-09-24T19:06:08.283082+00:00,YATA,True,16,8,
2026-09-24T19:06:08.283082+00:00,Prometheus,True,16,8,
2026-09-24T19:23:50.481601+00:00,YATA,True,16,8,
2026-09-24T19:23:50.481601+00:00,Prometheus,True,16,8,
2026-09-24T19:39:09.638396+00:00,YATA,True,16,8,
2026-09-24T19:39:09.638396+00:00,Prometheus,True,16,8,
2026-09-24T19:53:10.588108+00:00,YATA,True,16,8,
2026-09-24T19:53:10.588108+00:00,Prometheus,True,16,8,
2026-09-24T20:12:16.940020+00:00,YATA,True,16,8,
2026-09-24T20:12:16.940020+00:00,Prometheus,True,16,8,
2026-09-24T20:31:49.842620+00:00,YATA,True,16,8,
2026-09-24T20:31:49.842620+00:00,Prometheus,True,16,8,
2026-09-24T20:48:28.071778+00:00,YATA,True,16,8,
2026-09-24T20:48:28.071778+00:00,Prometheus,True,16,8,
2026-09-24T21:01:31.358963+00:00,YATA,True,16,8,
2026-09-24T21:01:31.358963+00:00,Prometheus,True,16,8,
2026-09-24T21:20:49.043742+00:00,YATA,True,16,8,
2026-09-24T21:20:49.043742+00:00,Prometheus,True,16,8,
2026-09-24T21:36:21.152194+00:00,YATA,True,16,8,
2026-09-24T21:36:21.152194+00:00,Prometheus,True,16,8,
2026-09-24T21:49:16.343227+00:00,YATA,True,16,8,
2026-09-24T21:49:16.343227+00:00,Prometheus,True,16,8,
2026-09-24T22:03:14.995195+00:00,YATA,True,16,8,
2026-09-24T22:03:14.995195+00:00,Prometheus,True,16,8,
2026-09-24T22:22:18.668449+00:00,YATA,True,16,8,
2026-09-24T22:22:18.668449+00:00,Prometheus,True,16,8,
2026-09-24T22:38:18.166210+00:00,YATA,True,16,8,
2026-09-24T22:38:18.166210+00:00,Prometheus,True,16,8,
2026-09-24T22:53:14.187840+00:00,YATA,True,16,8,
2026-09-24T22:53:14.187840+00:00,Prometheus,True,16,8,
2026-09-24T23:10:30.790489+00:00,YATA,True,16,8,
2026-09-24T23:10:30.790489+00:00,Prometheus,True,16,8,
2026-09-24T23:26:50.077853+00:00,YATA,True,16,8,
2026-09-24T23:26:50.077853+00:00,Prometheus,True,16,8,
2026-09-24T23:42:24.064206+00:00,YATA,True,16,8,
2026-09-24T23:42:24.064206+00:00,Prometheus,True,16,8,
2026-09-24T23:55:23.834243+00:00,YATA,True,16,8,
2026-09-24T23:55:23.834243+00:00,Prometheus,True,16,8,
2026-09-25T00:23:26.942798+00:00,YATA,True,16,8,
2026-09-25T00:23:26.942798+00:00,Prometheus,True,16,8,
2026-09-25T00:44:41.848001+00:00,YATA,True,16,8,
2026-09-25T00:44:41.848001+00:00,Prometheus,True,16,8,
2026-09-25T00:59:25.306597+00:00,YATA,True,16,8,
2026-09-25T00:59:25.306597+00:00,Prometheus,True,16,8,
2026-09-25T01:18:47.281222+00:00,YATA,True,16,8,
2026-09-25T01:18:47.281222+00:00,Prometheus,True,16,8,
2026-09-25T01:33:20.709633+00:00,YATA,True,16,8,
2026-09-25T01:33:20.709633+00:00,Prometheus,True,16,8,
2026-09-25T01:47:10.507646+00:00,YATA,True,16,8,
2026-09-25T01:47:10.507646+00:00,Prometheus,True,16,8,
2026-09-25T01:59:45.604097+00:00,YATA,True,16,8,
2026-09-25T01:59:45.604097+00:00,Prometheus,True,16,8,
2026-09-25T02:19:12.641278+00:00,YATA,True,16,8,
2026-09-25T02:19:12.641278+00:00,Prometheus,True,16,8,
2026-09-25T02:35:58.135484+00:00,YATA,True,16,8,
2026-09-25T02:35:58.135484+00:00,Prometheus,True,16,8,
2026-09-25T02:51:21.205167+00:00,YATA,True,16,8,
2026-09-25T02:51:21.205167+00:00,Prometheus,True,16,8,
2026-09-25T03:07:12.993486+00:00,YATA,False,0,0,HTTPError: HTTP Error 502: Bad Gateway
2026-09-25T03:07:12.993486+00:00,Prometheus,True,16,8,
2026-09-25T03:25:18.336861+00:00,YATA,False,0,0,HTTPError: HTTP Error 502: Bad Gateway
2026-09-25T03:25:18.336861+00:00,Prometheus,True,16,8,
2026-09-25T03:43:30.647290+00:00,YATA,True,16,8,
2026-09-25T03:43:30.647290+00:00,Prometheus,True,16,8,
2026-09-25T03:57:36.613652+00:00,YATA,True,16,8,
2026-09-25T03:57:36.613652+00:00,Prometheus,True,16,8,
2026-09-25T04:19:12.650083+00:00,YATA,True,16,8,
2026-09-25T04:19:12.650083+00:00,Prometheus,True,16,8,
2026-09-25T04:37:53.199214+00:00,YATA,True,16,8,
2026-09-25T04:37:53.199214+00:00,Prometheus,True,16,8,
2026-09-25T04:53:46.987220+00:00,YATA,True,16,8,
2026-09-25T04:53:46.987220+00:00,Prometheus,True,16,8,
2026-09-25T05:11:39.338156+00:00,YATA,True,16,8,
2026-09-25T05:11:39.338156+00:00,Prometheus,True,16,8,
2026-09-25T05:29:14.809833+00:00,YATA,True,16,8,
2026-09-25T05:29:14.809833+00:00,Prometheus,True,16,8,
2026-09-25T05:46:14.831332+00:00,YATA,True,16,8,
2026-09-25T05:46:14.831332+00:00,Prometheus,True,16,8,
2026-09-25T05:59:07.097196+00:00,YATA,True,16,8,
2026-09-25T05:59:07.097196+00:00,Prometheus,True,16,8,
2026-09-25T06:25:34.277706+00:00,YATA,True,16,8,
2026-09-25T06:25:34.277706+00:00,Prometheus,True,16,8,
2026-09-25T06:49:13.681851+00:00,YATA,True,16,8,
2026-09-25T06:49:13.681851+00:00,Prometheus,True,16,8,
2026-09-25T07:04:00.796796+00:00,YATA,True,16,8,
2026-09-25T07:04:00.796796+00:00,Prometheus,True,16,8,
2026-09-25T07:24:21.029471+00:00,YATA,True,16,8,
2026-09-25T07:24:21.029471+00:00,Prometheus,True,16,8,
2026-09-25T07:42:29.691879+00:00,YATA,True,16,8,
2026-09-25T07:42:29.691879+00:00,Prometheus,True,16,8,
2026-09-25T07:56:47.566270+00:00,YATA,True,16,8,
2026-09-25T07:56:47.566270+00:00,Prometheus,True,16,8,
2026-09-25T08:18:51.761633+00:00,YATA,True,16,8,
2026-09-25T08:18:51.761633+00:00,Prometheus,True,16,8,
2026-09-25T08:37:48.405861+00:00,YATA,True,16,8,
2026-09-25T08:37:48.405861+00:00,Prometheus,True,16,8,
2026-09-25T08:53:54.649824+00:00,YATA,True,16,8,
2026-09-25T08:53:54.649824+00:00,Prometheus,True,16,8,
2026-09-25T09:13:23.930438+00:00,YATA,True,16,8,
2026-09-25T09:13:23.930438+00:00,Prometheus,True,16,8,
2026-09-25T09:33:00.705029+00:00,YATA,True,16,8,
2026-09-25T09:33:00.705029+00:00,Prometheus,True,16,8,
2026-09-25T09:49:17.272006+00:00,YATA,True,16,8,
2026-09-25T09:49:17.272006+00:00,Prometheus,True,16,8,
2026-09-25T10:03:30.067975+00:00,YATA,True,16,8,
2026-09-25T10:03:30.067975+00:00,Prometheus,True,16,8,
2026-09-25T10:23:08.367653+00:00,YATA,True,16,8,
2026-09-25T10:23:08.367653+00:00,Prometheus,True,16,8,
2026-09-25T10:41:14.450014+00:00,YATA,True,16,8,
2026-09-25T10:41:14.450014+00:00,Prometheus,True,16,8,
2026-09-25T10:55:44.155093+00:00,YATA,True,16,8,
2026-09-25T10:55:44.155093+00:00,Prometheus,True,16,8,
2026-09-25T11:16:46.343014+00:00,YATA,True,16,8,
2026-09-25T11:16:46.343014+00:00,Prometheus,True,16,8,
2026-09-25T11:34:56.957581+00:00,YATA,True,16,8,
2026-09-25T11:34:56.957581+00:00,Prometheus,True,16,8,
2026-09-25T11:52:02.262297+00:00,YATA,True,16,8,
2026-09-25T11:52:02.262297+00:00,Prometheus,True,16,8,
2026-09-25T12:09:58.579127+00:00,YATA,True,16,8,
2026-09-25T12:09:58.579127+00:00,Prometheus,True,16,8,
2026-09-25T12:34:43.424943+00:00,YATA,True,16,8,
2026-09-25T12:34:43.424943+00:00,Prometheus,True,16,8,
2026-09-25T12:53:48.682271+00:00,YATA,True,16,8,
2026-09-25T12:53:48.682271+00:00,Prometheus,True,16,8,
2026-09-25T13:14:07.974347+00:00,YATA,True,16,8,
2026-09-25T13:14:07.974347+00:00,Prometheus,True,16,8,
2026-09-25T13:33:30.825679+00:00,YATA,True,16,8,
2026-09-25T13:33:30.825679+00:00,Prometheus,True,16,8,
2026-09-25T13:50:57.217365+00:00,YATA,True,16,8,
2026-09-25T13:50:57.217365+00:00,Prometheus,True,16,8,
2026-09-25T14:07:50.230384+00:00,YATA,True,16,8,
2026-09-25T14:07:50.230384+00:00,Prometheus,True,16,8,
2026-09-25T14:28:30.144093+00:00,YATA,True,16,8,
2026-09-25T14:28:30.144093+00:00,Prometheus,True,16,8,
2026-09-25T14:47:15.039231+00:00,YATA,True,16,8,
2026-09-25T14:47:15.039231+00:00,Prometheus,True,16,8,
2026-09-25T15:01:07.823811+00:00,YATA,False,0,0,HTTPError: HTTP Error 502: Bad Gateway
2026-09-25T15:01:07.823811+00:00,Prometheus,True,16,8,
2026-09-25T15:22:59.340688+00:00,YATA,True,16,8,
2026-09-25T15:22:59.340688+00:00,Prometheus,True,16,8,
2026-09-25T15:40:06.565170+00:00,YATA,True,16,8,
2026-09-25T15:40:06.565170+00:00,Prometheus,True,16,8,
2026-09-25T15:54:19.688650+00:00,YATA,True,16,8,
2026-09-25T15:54:19.688650+00:00,Prometheus,True,16,8,
2026-09-25T16:14:45.750218+00:00,YATA,True,16,8,
2026-09-25T16:14:45.750218+00:00,Prometheus,True,16,8,
2026-09-25T16:34:34.137731+00:00,YATA,True,16,8,
2026-09-25T16:34:34.137731+00:00,Prometheus,True,16,8,
2026-09-25T16:52:07.979464+00:00,YATA,True,16,8,
2026-09-25T16:52:07.979464+00:00,Prometheus,True,16,8,
2026-09-25T17:08:04.832253+00:00,YATA,True,16,8,
2026-09-25T17:08:04.832253+00:00,Prometheus,True,16,8,
2026-09-25T17:26:32.000415+00:00,YATA,True,16,8,
2026-09-25T17:26:32.000415+00:00,Prometheus,True,16,8,
2026-09-25T17:44:48.817806+00:00,YATA,True,16,8,
2026-09-25T17:44:48.817806+00:00,Prometheus,True,16,8,
2026-09-25T17:58:06.251521+00:00,YATA,True,16,8,
2026-09-25T17:58:06.251521+00:00,Prometheus,True,16,8,
2026-09-25T18:20:53.450480+00:00,YATA,True,16,8,
2026-09-25T18:20:53.450480+00:00,Prometheus,True,16,8,
2026-09-25T18:39:53.279933+00:00,YATA,True,16,8,
2026-09-25T18:39:53.279933+00:00,Prometheus,True,16,8,
2026-09-25T18:55:40.879451+00:00,YATA,True,16,8,
2026-09-25T18:55:40.879451+00:00,Prometheus,True,16,8,
2026-09-25T19:14:14.050523+00:00,YATA,True,16,8,
2026-09-25T19:14:14.050523+00:00,Prometheus,True,16,8,
2026-09-25T19:29:51.147472+00:00,YATA,True,16,8,
2026-09-25T19:29:51.147472+00:00,Prometheus,True,16,8,
2026-09-25T19:45:03.354210+00:00,YATA,True,16,8,
2026-09-25T19:45:03.354210+00:00,Prometheus,True,16,8,
2026-09-25T19:57:33.177062+00:00,YATA,True,16,8,
2026-09-25T19:57:33.177062+00:00,Prometheus,True,16,8,
2026-09-25T20:17:21.600009+00:00,YATA,True,16,8,
2026-09-25T20:17:21.600009+00:00,Prometheus,True,16,8,
2026-09-25T20:34:09.942933+00:00,YATA,True,16,8,
2026-09-25T20:34:09.942933+00:00,Prometheus,True,16,8,
2026-09-25T20:49:52.139851+00:00,YATA,True,16,8,
2026-09-25T20:49:52.139851+00:00,Prometheus,True,16,8,
2026-09-25T21:04:51.024089+00:00,YATA,True,16,8,
2026-09-25T21:04:51.024089+00:00,Prometheus,True,16,8,
2026-09-25T21:23:20.727803+00:00,YATA,True,16,8,
2026-09-25T21:23:20.727803+00:00,Prometheus,True,16,8,
2026-09-25T21:41:01.901960+00:00,YATA,True,16,8,
2026-09-25T21:41:01.901960+00:00,Prometheus,True,16,8,
2026-09-25T21:55:17.018146+00:00,YATA,True,16,8,
2026-09-25T21:55:17.018146+00:00,Prometheus,True,16,8,
2026-09-25T22:15:03.127422+00:00,YATA,True,16,8,
2026-09-25T22:15:03.127422+00:00,Prometheus,True,16,8,
2026-09-25T22:31:58.357579+00:00,YATA,True,16,8,
2026-09-25T22:31:58.357579+00:00,Prometheus,True,16,8,
2026-09-25T22:47:03.971630+00:00,YATA,True,16,8,
2026-09-25T22:47:03.971630+00:00,Prometheus,True,16,8,
2026-09-25T22:59:53.730838+00:00,YATA,True,16,8,
2026-09-25T22:59:53.730838+00:00,Prometheus,True,16,8,
2026-09-25T23:18:21.938217+00:00,YATA,True,16,8,
2026-09-25T23:18:21.938217+00:00,Prometheus,True,16,8,
2026-09-25T23:32:39.899576+00:00,YATA,True,16,8,
2026-09-25T23:32:39.899576+00:00,Prometheus,True,16,8,
2026-09-25T23:46:27.546901+00:00,YATA,False,0,0,HTTPError: HTTP Error 502: Bad Gateway
2026-09-25T23:46:27.546901+00:00,Prometheus,True,16,8,
2026-09-25T23:59:06.197419+00:00,YATA,True,16,8,
2026-09-25T23:59:06.197419+00:00,Prometheus,True,16,8,
2026-09-26T00:25:34.630569+00:00,YATA,True,16,8,
2026-09-26T00:25:34.630569+00:00,Prometheus,True,16,8,
2026-09-26T00:47:51.969103+00:00,YATA,True,16,8,
2026-09-26T00:47:51.969103+00:00,Prometheus,True,16,8,
2026-09-26T01:00:39.573101+00:00,YATA,True,16,8,
2026-09-26T01:00:39.573101+00:00,Prometheus,True,16,8,
2026-09-26T01:18:56.455663+00:00,YATA,True,16,8,
2026-09-26T01:18:56.455663+00:00,Prometheus,True,16,8,
2026-09-26T01:34:14.503464+00:00,YATA,True,16,8,
2026-09-26T01:34:14.503464+00:00,Prometheus,True,16,8,
2026-09-26T01:49:12.560370+00:00,YATA,True,16,8,
2026-09-26T01:49:12.560370+00:00,Prometheus,True,16,8,
2026-09-26T02:02:56.317046+00:00,YATA,True,16,8,
2026-09-26T02:02:56.317046+00:00,Prometheus,True,16,8,
2026-09-26T02:21:44.293467+00:00,YATA,True,16,8,
2026-09-26T02:21:44.293467+00:00,Prometheus,True,16,8,
2026-09-26T02:38:30.358849+00:00,YATA,True,16,8,
2026-09-26T02:38:30.358849+00:00,Prometheus,True,16,8,
2026-09-26T02:53:07.157402+00:00,YATA,True,16,8,
2026-09-26T02:53:07.157402+00:00,Prometheus,True,16,8,
2026-09-26T03:10:54.235100+00:00,YATA,False,0,0,HTTPError: HTTP Error 502: Bad Gateway
2026-09-26T03:10:54.235100+00:00,Prometheus,True,16,8,
2026-09-26T03:28:49.390949+00:00,YATA,False,0,0,TimeoutError: The read operation timed out
2026-09-26T03:28:49.390949+00:00,Prometheus,True,16,8,
2026-09-26T03:45:15.493203+00:00,YATA,False,0,0,HTTPError: HTTP Error 502: Bad Gateway
2026-09-26T03:45:15.493203+00:00,Prometheus,True,16,8,
2026-09-26T03:57:37.050201+00:00,YATA,False,0,0,HTTPError: HTTP Error 502: Bad Gateway
2026-09-26T03:57:37.050201+00:00,Prometheus,True,16,8,
2026-09-26T04:18:12.273994+00:00,YATA,True,16,8,
2026-09-26T04:18:12.273994+00:00,Prometheus,True,16,8,
2026-09-26T04:35:04.585203+00:00,YATA,True,16,8,
2026-09-26T04:35:04.585203+00:00,Prometheus,True,16,8,
2026-09-26T04:49:57.817564+00:00,YATA,True,16,8,
2026-09-26T04:49:57.817564+00:00,Prometheus,True,16,8,
2026-09-26T05:04:17.436212+00:00,YATA,True,16,8,
2026-09-26T05:04:17.436212+00:00,Prometheus,True,16,8,
2026-09-26T05:22:39.487249+00:00,YATA,True,16,8,
2026-09-26T05:22:39.487249+00:00,Prometheus,True,16,8,
2026-09-26T05:38:12.899965+00:00,YATA,True,16,8,
2026-09-26T05:38:12.899965+00:00,Prometheus,True,16,8,
2026-09-26T05:52:12.105366+00:00,YATA,True,16,8,
2026-09-26T05:52:12.105366+00:00,Prometheus,True,16,8,
2026-09-26T06:11:33.331350+00:00,YATA,True,16,8,
2026-09-26T06:11:33.331350+00:00,Prometheus,True,16,8,
2026-09-26T06:35:06.565000+00:00,YATA,True,16,8,
2026-09-26T06:35:06.565000+00:00,Prometheus,True,16,8,
2026-09-26T06:52:54.810369+00:00,YATA,True,16,8,
2026-09-26T06:52:54.810369+00:00,Prometheus,True,16,8,
2026-09-26T07:10:19.808445+00:00,YATA,True,16,8,
2026-09-26T07:10:19.808445+00:00,Prometheus,True,16,8,
2026-09-26T07:27:41.628332+00:00,YATA,True,16,8,
2026-09-26T07:27:41.628332+00:00,Prometheus,True,16,8,
2026-09-26T07:43:21.719574+00:00,YATA,True,16,8,
2026-09-26T07:43:21.719574+00:00,Prometheus,True,16,8,
2026-09-26T07:56:01.317638+00:00,YATA,True,16,8,
2026-09-26T07:56:01.317638+00:00,Prometheus,True,16,8,
2026-09-26T08:18:05.686547+00:00,YATA,True,16,8,
2026-09-26T08:18:05.686547+00:00,Prometheus,True,16,8,
2026-09-26T08:34:30.622558+00:00,YATA,True,16,8,
2026-09-26T08:34:30.622558+00:00,Prometheus,True,16,8,
2026-09-26T08:49:46.588042+00:00,YATA,True,16,8,
2026-09-26T08:49:46.588042+00:00,Prometheus,True,16,8,
2026-09-26T09:04:11.646932+00:00,YATA,True,16,8,
2026-09-26T09:04:11.646932+00:00,Prometheus,True,16,8,
2026-09-26T09:22:06.143983+00:00,YATA,True,16,8,
2026-09-26T09:22:06.143983+00:00,Prometheus,True,16,8,
2026-09-26T09:38:03.957727+00:00,YATA,True,16,8,
2026-09-26T09:38:03.957727+00:00,Prometheus,True,16,8,
2026-09-26T09:51:37.349258+00:00,YATA,True,16,8,
2026-09-26T09:51:37.349258+00:00,Prometheus,True,16,8,
2026-09-26T10:07:41.678451+00:00,YATA,True,16,8,
2026-09-26T10:07:41.678451+00:00,Prometheus,True,16,8,
2026-09-26T10:25:27.438253+00:00,YATA,True,16,8,
2026-09-26T10:25:27.438253+00:00,Prometheus,True,16,8,
2026-09-26T10:41:57.048384+00:00,YATA,True,16,8,
2026-09-26T10:41:57.048384+00:00,Prometheus,True,16,8,
2026-09-26T10:54:46.279538+00:00,YATA,True,16,8,
2026-09-26T10:54:46.279538+00:00,Prometheus,True,16,8,
2026-09-26T11:13:10.064523+00:00,YATA,True,16,8,
2026-09-26T11:13:10.064523+00:00,Prometheus,True,16,8,
2026-09-26T11:29:49.242441+00:00,YATA,True,16,8,
2026-09-26T11:29:49.242441+00:00,Prometheus,True,16,8,
2026-09-26T11:44:06.959521+00:00,YATA,True,16,8,
2026-09-26T11:44:06.959521+00:00,Prometheus,True,16,8,
2026-09-26T11:56:27.033107+00:00,YATA,True,16,8,
2026-09-26T11:56:27.033107+00:00,Prometheus,True,16,8,
2026-09-26T12:20:58.234319+00:00,YATA,True,16,8,
2026-09-26T12:20:58.234319+00:00,Prometheus,True,16,8,
2026-09-26T12:41:12.336520+00:00,YATA,False,0,0,HTTPError: HTTP Error 502: Bad Gateway
2026-09-26T12:41:12.336520+00:00,Prometheus,True,16,8,
2026-09-26T12:56:29.644514+00:00,YATA,True,16,8,
2026-09-26T12:56:29.644514+00:00,Prometheus,True,16,8,
2026-09-26T13:16:11.609192+00:00,YATA,True,16,8,
2026-09-26T13:16:11.609192+00:00,Prometheus,True,16,8,
2026-09-26T13:31:38.632616+00:00,YATA,True,16,8,
2026-09-26T13:31:38.632616+00:00,Prometheus,True,16,8,
2026-09-26T13:45:50.015881+00:00,YATA,True,16,8,
2026-09-26T13:45:50.015881+00:00,Prometheus,True,16,8,
2026-09-26T13:57:53.699568+00:00,YATA,True,16,8,
2026-09-26T13:57:53.699568+00:00,Prometheus,True,16,8,
2026-09-26T14:17:41.987679+00:00,YATA,True,16,8,
2026-09-26T14:17:41.987679+00:00,Prometheus,True,16,8,
2026-09-26T14:33:38.007037+00:00,YATA,True,16,8,
2026-09-26T14:33:38.007037+00:00,Prometheus,True,16,8,
2026-09-26T14:47:57.299506+00:00,YATA,True,16,8,
2026-09-26T14:47:57.299506+00:00,Prometheus,True,16,8,
2026-09-26T15:00:49.649492+00:00,YATA,True,16,8,
2026-09-26T15:00:49.649492+00:00,Prometheus,True,16,8,
2026-09-26T15:20:09.643061+00:00,YATA,True,16,8,
2026-09-26T15:20:09.643061+00:00,Prometheus,True,16,8,
2026-09-26T15:37:21.041232+00:00,YATA,True,16,8,
2026-09-26T15:37:21.041232+00:00,Prometheus,True,16,8,
2026-09-26T15:52:15.125626+00:00,YATA,True,16,8,
2026-09-26T15:52:15.125626+00:00,Prometheus,True,16,8,
2026-09-26T16:09:25.382252+00:00,YATA,True,16,8,
2026-09-26T16:09:25.382252+00:00,Prometheus,True,16,8,
2026-09-26T16:28:22.438276+00:00,YATA,True,16,8,
2026-09-26T16:28:22.438276+00:00,Prometheus,True,16,8,
2026-09-26T16:44:55.013182+00:00,YATA,True,16,8,
2026-09-26T16:44:55.013182+00:00,Prometheus,True,16,8,
2026-09-26T16:57:23.051423+00:00,YATA,True,16,8,
2026-09-26T16:57:23.051423+00:00,Prometheus,True,16,8,
2026-09-26T17:16:18.181199+00:00,YATA,False,0,0,HTTPError: HTTP Error 502: Bad Gateway
2026-09-26T17:16:18.181199+00:00,Prometheus,True,16,8,
2026-09-26T17:33:03.120796+00:00,YATA,True,16,8,
2026-09-26T17:33:03.120796+00:00,Prometheus,True,16,8,
2026-09-26T17:47:00.029294+00:00,YATA,True,16,8,
2026-09-26T17:47:00.029294+00:00,Prometheus,True,16,8,
2026-09-26T17:59:41.347998+00:00,YATA,True,16,8,
2026-09-26T17:59:41.347998+00:00,Prometheus,True,16,8,
2026-09-26T18:22:19.973192+00:00,YATA,False,0,0,HTTPError: HTTP Error 502: Bad Gateway
2026-09-26T18:22:19.973192+00:00,Prometheus,True,16,8,
2026-09-26T18:41:52.060287+00:00,YATA,True,16,8,
2026-09-26T18:41:52.060287+00:00,Prometheus,True,16,8,
2026-09-26T18:56:36.625249+00:00,YATA,True,16,8,
2026-09-26T18:56:36.625249+00:00,Prometheus,True,16,8,
2026-09-26T19:15:06.967863+00:00,YATA,True,16,8,
2026-09-26T19:15:06.967863+00:00,Prometheus,True,16,8,
2026-09-26T19:30:16.240804+00:00,YATA,True,16,8,
2026-09-26T19:30:16.240804+00:00,Prometheus,True,16,8,
2026-09-26T19:44:05.065876+00:00,YATA,True,16,8,
2026-09-26T19:44:05.065876+00:00,Prometheus,True,16,8,
2026-09-26T19:56:45.670042+00:00,YATA,True,16,8,
2026-09-26T19:56:45.670042+00:00,Prometheus,True,16,8,
2026-09-26T20:16:22.955824+00:00,YATA,True,16,8,
2026-09-26T20:16:22.955824+00:00,Prometheus,True,16,8,
2026-09-26T20:32:45.862617+00:00,YATA,True,16,8,
2026-09-26T20:32:45.862617+00:00,Prometheus,True,16,8,
2026-09-26T20:47:14.758925+00:00,YATA,True,16,8,
2026-09-26T20:47:14.758925+00:00,Prometheus,True,16,8,
2026-09-26T20:59:33.740033+00:00,YATA,True,16,8,
2026-09-26T20:59:33.740033+00:00,Prometheus,True,16,8,
2026-09-26T21:19:11.734923+00:00,YATA,True,16,8,
2026-09-26T21:19:11.734923+00:00,Prometheus,True,16,8,
2026-09-26T21:34:43.240984+00:00,YATA,True,16,8,
2026-09-26T21:34:43.240984+00:00,Prometheus,True,16,8,
2026-09-26T21:47:32.245052+00:00,YATA,True,16,8,
2026-09-26T21:47:32.245052+00:00,Prometheus,True,16,8,
2026-09-26T21:59:51.731009+00:00,YATA,True,16,8,
2026-09-26T21:59:51.731009+00:00,Prometheus,True,16,8,
2026-09-26T22:19:19.474871+00:00,YATA,True,16,8,
2026-09-26T22:19:19.474871+00:00,Prometheus,True,16,8,
2026-09-26T22:34:52.660412+00:00,YATA,False,0,0,HTTPError: HTTP Error 502: Bad Gateway
2026-09-26T22:34:52.660412+00:00,Prometheus,True,16,8,
2026-09-26T22:49:50.561803+00:00,YATA,True,16,8,
2026-09-26T22:49:50.561803+00:00,Prometheus,True,16,8,
2026-09-26T23:04:06.981332+00:00,YATA,True,16,8,
2026-09-26T23:04:06.981332+00:00,Prometheus,True,16,8,
2026-09-26T23:21:10.424145+00:00,YATA,True,16,8,
2026-09-26T23:21:10.424145+00:00,Prometheus,True,16,8,
2026-09-26T23:35:52.402979+00:00,YATA,True,16,8,
2026-09-26T23:35:52.402979+00:00,Prometheus,True,16,8,
2026-09-26T23:49:31.374248+00:00,YATA,True,16,8,
2026-09-26T23:49:31.374248+00:00,Prometheus,True,16,8,
2026-09-27T00:05:14.680306+00:00,YATA,True,16,8,
2026-09-27T00:05:14.680306+00:00,Prometheus,True,16,8,
2026-09-27T00:32:33.991105+00:00,YATA,True,16,8,
2026-09-27T00:32:33.991105+00:00,Prometheus,True,16,8,
2026-09-27T00:51:55.177665+00:00,YATA,True,16,8,
2026-09-27T00:51:55.177665+00:00,Prometheus,True,16,8,
2026-09-27T01:08:26.966439+00:00,YATA,True,16,8,
2026-09-27T01:08:26.966439+00:00,Prometheus,True,16,8,
2026-09-27T01:26:27.769261+00:00,YATA,True,16,8,
2026-09-27T01:26:27.769261+00:00,Prometheus,True,16,8,
2026-09-27T01:43:16.271868+00:00,YATA,True,16,8,
2026-09-27T01:43:16.271868+00:00,Prometheus,True,16,8,
2026-09-27T01:57:07.080435+00:00,YATA,True,16,8,
2026-09-27T01:57:07.080435+00:00,Prometheus,True,16,8,
2026-09-27T02:18:12.788025+00:00,YATA,True,16,8,
2026-09-27T02:18:12.788025+00:00,Prometheus,True,16,8,
2026-09-27T02:35:24.110275+00:00,YATA,True,16,8,
2026-09-27T02:35:24.110275+00:00,Prometheus,True,16,8,
2026-09-27T02:51:45.298407+00:00,YATA,True,16,8,
2026-09-27T02:51:45.298407+00:00,Prometheus,True,16,8,
2026-09-27T03:06:46.798814+00:00,YATA,False,0,0,HTTPError: HTTP Error 502: Bad Gateway
2026-09-27T03:06:46.798814+00:00,Prometheus,True,16,8,
2026-09-27T03:26:09.543115+00:00,YATA,False,0,0,HTTPError: HTTP Error 502: Bad Gateway
2026-09-27T03:26:09.543115+00:00,Prometheus,True,16,8,
2026-09-27T03:44:58.659107+00:00,YATA,True,16,8,
2026-09-27T03:44:58.659107+00:00,Prometheus,True,16,8,
2026-09-27T03:58:40.080333+00:00,YATA,True,16,8,
2026-09-27T03:58:40.080333+00:00,Prometheus,True,16,8,
2026-09-27T04:19:44.216376+00:00,YATA,True,16,8,
2026-09-27T04:19:44.216376+00:00,Prometheus,True,16,8,
2026-09-27T04:37:33.796000+00:00,YATA,True,16,8,
2026-09-27T04:37:33.796000+00:00,Prometheus,True,16,8,
2026-09-27T04:52:55.432203+00:00,YATA,True,16,8,
2026-09-27T04:52:55.432203+00:00,Prometheus,True,16,8,
2026-09-27T05:09:51.687909+00:00,YATA,True,16,8,
2026-09-27T05:09:51.687909+00:00,Prometheus,True,16,8,
2026-09-27T05:27:28.959888+00:00,YATA,True,16,8,
2026-09-27T05:27:28.959888+00:00,Prometheus,True,16,8,
2026-09-27T05:43:59.810521+00:00,YATA,True,16,8,
2026-09-27T05:43:59.810521+00:00,Prometheus,True,16,8,
2026-09-27T05:56:50.984530+00:00,YATA,True,16,8,
2026-09-27T05:56:50.984530+00:00,Prometheus,True,16,8,
2026-09-27T06:22:50.332010+00:00,YATA,True,16,8,
2026-09-27T06:22:50.332010+00:00,Prometheus,True,16,8,
2026-09-27T06:43:58.733148+00:00,YATA,True,16,8,
2026-09-27T06:43:58.733148+00:00,Prometheus,True,16,8,
2026-09-27T06:59:27.741782+00:00,YATA,True,16,8,
2026-09-27T06:59:27.741782+00:00,Prometheus,True,16,8,
2026-09-27T07:19:50.928980+00:00,YATA,True,16,8,
2026-09-27T07:19:50.928980+00:00,Prometheus,True,16,8,
2026-09-27T07:36:10.301728+00:00,YATA,True,16,8,
2026-09-27T07:36:10.301728+00:00,Prometheus,True,16,8,
2026-09-27T07:51:00.993944+00:00,YATA,True,16,8,
2026-09-27T07:51:00.993944+00:00,Prometheus,True,16,8,
2026-09-27T08:06:53.594799+00:00,YATA,True,16,8,
2026-09-27T08:06:53.594799+00:00,Prometheus,True,16,8,
2026-09-27T08:26:24.680387+00:00,YATA,True,16,8,
2026-09-27T08:26:24.680387+00:00,Prometheus,True,16,8,
2026-09-27T08:44:09.996461+00:00,YATA,True,16,8,
2026-09-27T08:44:09.996461+00:00,Prometheus,True,16,8,
2026-09-27T08:57:28.943145+00:00,YATA,True,16,8,
2026-09-27T08:57:28.943145+00:00,Prometheus,True,16,8,
2026-09-27T09:17:41.839303+00:00,YATA,True,16,8,
2026-09-27T09:17:41.839303+00:00,Prometheus,True,16,8,
2026-09-27T09:34:12.201206+00:00,YATA,True,16,8,
2026-09-27T09:34:12.201206+00:00,Prometheus,True,16,8,
2026-09-27T09:49:00.823406+00:00,YATA,True,16,8,
2026-09-27T09:49:00.823406+00:00,Prometheus,True,16,8,
2026-09-27T10:02:34.886888+00:00,YATA,True,16,8,
2026-09-27T10:02:34.886888+00:00,Prometheus,True,16,8,
2026-09-27T10:21:03.174611+00:00,YATA,True,16,8,
2026-09-27T10:21:03.174611+00:00,Prometheus,True,16,8,
2026-09-27T10:37:37.590101+00:00,YATA,True,16,8,
2026-09-27T10:37:37.590101+00:00,Prometheus,True,16,8,
2026-09-27T10:51:47.349833+00:00,YATA,True,16,8,
2026-09-27T10:51:47.349833+00:00,Prometheus,True,16,8,
2026-09-27T11:08:22.393924+00:00,YATA,True,16,8,
2026-09-27T11:08:22.393924+00:00,Prometheus,True,16,8,
2026-09-27T11:26:20.796367+00:00,YATA,True,16,8,
2026-09-27T11:26:20.796367+00:00,Prometheus,True,16,8,
2026-09-27T11:43:09.764221+00:00,YATA,True,16,8,
2026-09-27T11:43:09.764221+00:00,Prometheus,True,16,8,
2026-09-27T11:55:42.308874+00:00,YATA,True,16,8,
2026-09-27T11:55:42.308874+00:00,Prometheus,True,16,8,
2026-09-27T12:20:26.011559+00:00,YATA,True,16,8,
2026-09-27T12:20:26.011559+00:00,Prometheus,True,16,8,
2026-09-27T12:41:00.897496+00:00,YATA,True,16,8,
2026-09-27T12:41:00.897496+00:00,Prometheus,True,16,8,
2026-09-27T12:57:17.465389+00:00,YATA,True,16,8,
2026-09-27T12:57:17.465389+00:00,Prometheus,True,16,8,
2026-09-27T13:17:17.531196+00:00,YATA,True,16,8,
2026-09-27T13:17:17.531196+00:00,Prometheus,True,16,8,
2026-09-27T13:33:19.915402+00:00,YATA,True,16,8,
2026-09-27T13:33:19.915402+00:00,Prometheus,True,16,8,
2026-09-27T13:47:36.957546+00:00,YATA,True,16,8,
2026-09-27T13:47:36.957546+00:00,Prometheus,True,16,8,
2026-09-27T14:00:01.639013+00:00,YATA,True,16,8,
2026-09-27T14:00:01.639013+00:00,Prometheus,True,16,8,
2026-09-27T14:19:16.239557+00:00,YATA,True,16,8,
2026-09-27T14:19:16.239557+00:00,Prometheus,True,16,8,
2026-09-27T14:35:30.549386+00:00,YATA,True,16,8,
2026-09-27T14:35:30.549386+00:00,Prometheus,True,16,8,
2026-09-27T14:49:45.203540+00:00,YATA,True,16,8,
2026-09-27T14:49:45.203540+00:00,Prometheus,False,0,0,URLError: <urlopen error [Errno 104] Connection reset by peer>
2026-09-27T15:03:59.997328+00:00,YATA,True,16,8,
2026-09-27T15:03:59.997328+00:00,Prometheus,True,16,8,
2026-09-27T15:21:57.272063+00:00,YATA,True,16,8,
2026-09-27T15:21:57.272063+00:00,Prometheus,True,16,8,
2026-09-27T15:38:47.010458+00:00,YATA,True,16,8,
2026-09-27T15:38:47.010458+00:00,Prometheus,True,16,8,
2026-09-27T15:52:30.180524+00:00,YATA,True,16,8,
2026-09-27T15:52:30.180524+00:00,Prometheus,True,16,8,
2026-09-27T16:09:43.598638+00:00,YATA,True,16,8,
2026-09-27T16:09:43.598638+00:00,Prometheus,True,16,8,
2026-09-27T16:28:40.231471+00:00,YATA,True,16,8,
2026-09-27T16:28:40.231471+00:00,Prometheus,True,16,8,
2026-09-27T16:45:28.335866+00:00,YATA,True,16,8,
2026-09-27T16:45:28.335866+00:00,Prometheus,True,16,8,
2026-09-27T16:57:54.367694+00:00,YATA,True,16,8,
2026-09-27T16:57:54.367694+00:00,Prometheus,True,16,8,
2026-09-27T17:16:49.117635+00:00,YATA,True,16,8,
2026-09-27T17:16:49.117635+00:00,Prometheus,True,16,8,
2026-09-27T17:32:41.595430+00:00,YATA,True,16,8,
2026-09-27T17:32:41.595430+00:00,Prometheus,True,16,8,
2026-09-27T17:46:36.340956+00:00,YATA,True,16,8,
2026-09-27T17:46:36.340956+00:00,Prometheus,True,16,8,
2026-09-27T17:59:24.100989+00:00,YATA,True,16,8,
2026-09-27T17:59:24.100989+00:00,Prometheus,True,16,8,
2026-09-27T18:22:15.945357+00:00,YATA,True,16,8,
2026-09-27T18:22:15.945357+00:00,Prometheus,True,16,8,
2026-09-27T18:41:40.504539+00:00,YATA,True,16,8,
2026-09-27T18:41:40.504539+00:00,Prometheus,True,16,8,
2026-09-27T18:57:09.149385+00:00,YATA,True,16,8,
2026-09-27T18:57:09.149385+00:00,Prometheus,True,16,8,
2026-09-27T19:15:28.817343+00:00,YATA,True,16,8,
2026-09-27T19:15:28.817343+00:00,Prometheus,True,16,8,
2026-09-27T19:30:50.007988+00:00,YATA,True,16,8,
2026-09-27T19:30:50.007988+00:00,Prometheus,True,16,8,
2026-09-27T19:44:32.817724+00:00,YATA,True,16,8,
2026-09-27T19:44:32.817724+00:00,Prometheus,True,16,8,
2026-09-27T19:57:27.044612+00:00,YATA,True,16,8,
2026-09-27T19:57:27.044612+00:00,Prometheus,True,16,8,
2026-09-27T20:17:32.032169+00:00,YATA,True,16,8,
2026-09-27T20:17:32.032169+00:00,Prometheus,True,16,8,
2026-09-27T20:33:26.639380+00:00,YATA,True,16,8,
2026-09-27T20:33:26.639380+00:00,Prometheus,True,16,8,
2026-09-27T20:48:06.577811+00:00,YATA,True,16,8,
2026-09-27T20:48:06.577811+00:00,Prometheus,True,16,8,
2026-09-27T21:01:00.821601+00:00,YATA,True,16,8,
2026-09-27T21:01:00.821601+00:00,Prometheus,True,16,8,
2026-09-27T21:20:26.704330+00:00,YATA,True,16,8,
2026-09-27T21:20:26.704330+00:00,Prometheus,True,16,8,
2026-09-27T21:36:40.429112+00:00,YATA,True,16,8,
2026-09-27T21:36:40.429112+00:00,Prometheus,True,16,8,
2026-09-27T21:50:18.039764+00:00,YATA,True,16,8,
2026-09-27T21:50:18.039764+00:00,Prometheus,True,16,8,
2026-09-27T22:05:13.706300+00:00,YATA,True,16,8,
2026-09-27T22:05:13.706300+00:00,Prometheus,True,16,8,
2026-09-27T22:23:30.533033+00:00,YATA,True,16,8,
2026-09-27T22:23:30.533033+00:00,Prometheus,True,16,8,
2026-09-27T22:41:09.236499+00:00,YATA,True,16,8,
2026-09-27T22:41:09.236499+00:00,Prometheus,True,16,8,
2026-09-27T22:54:51.073768+00:00,YATA,True,16,8,
2026-09-27T22:54:51.073768+00:00,Prometheus,True,16,8,
2026-09-27T23:13:32.235677+00:00,YATA,True,16,8,
2026-09-27T23:13:32.235677+00:00,Prometheus,True,16,8,
2026-09-27T23:30:05.729160+00:00,YATA,True,16,8,
2026-09-27T23:30:05.729160+00:00,Prometheus,True,16,8,
2026-09-27T23:44:18.296455+00:00,YATA,True,16,8,
2026-09-27T23:44:18.296455+00:00,Prometheus,True,16,8,
2026-09-27T23:56:47.714773+00:00,YATA,True,16,8,
2026-09-27T23:56:47.714773+00:00,Prometheus,True,16,8,
2026-09-28T00:27:24.221267+00:00,YATA,True,16,8,
2026-09-28T00:27:24.221267+00:00,Prometheus,True,16,8,
2026-09-28T00:51:04.124527+00:00,YATA,True,16,8,
2026-09-28T00:51:04.124527+00:00,Prometheus,True,16,8,
2026-09-28T01:07:14.987956+00:00,YATA,True,16,8,
2026-09-28T01:07:14.987956+00:00,Prometheus,True,16,8,
2026-09-28T01:26:22.352722+00:00,YATA,True,16,8,
2026-09-28T01:26:22.352722+00:00,Prometheus,True,16,8,
2026-09-28T01:44:25.708055+00:00,YATA,True,16,8,
2026-09-28T01:44:25.708055+00:00,Prometheus,True,16,8,
2026-09-28T01:58:33.189539+00:00,YATA,True,16,8,
2026-09-28T01:58:33.189539+00:00,Prometheus,True,16,8,
2026-09-28T02:19:58.618079+00:00,YATA,True,16,8,
2026-09-28T02:19:58.618079+00:00,Prometheus,True,16,8,
2026-09-28T02:39:14.412132+00:00,YATA,True,16,8,
2026-09-28T02:39:14.412132+00:00,Prometheus,True,16,8,
2026-09-28T02:55:33.082044+00:00,YATA,True,16,8,
2026-09-28T02:55:33.082044+00:00,Prometheus,True,16,8,
2026-09-28T03:18:06.314403+00:00,YATA,False,0,0,HTTPError: HTTP Error 502: Bad Gateway
2026-09-28T03:18:06.314403+00:00,Prometheus,True,16,8,
2026-09-28T03:37:35.393030+00:00,YATA,True,16,8,
2026-09-28T03:37:35.393030+00:00,Prometheus,True,16,8,
2026-09-28T03:54:53.910223+00:00,YATA,True,16,8,
2026-09-28T03:54:53.910223+00:00,Prometheus,True,16,8,
2026-09-28T04:16:19.491063+00:00,YATA,True,16,8,
2026-09-28T04:16:19.491063+00:00,Prometheus,True,16,8,
2026-09-28T04:36:48.599080+00:00,YATA,True,16,8,
2026-09-28T04:36:48.599080+00:00,Prometheus,True,16,8,
2026-09-28T04:54:41.225687+00:00,YATA,True,16,8,
2026-09-28T04:54:41.225687+00:00,Prometheus,True,16,8,
2026-09-28T05:15:01.101252+00:00,YATA,True,16,8,
2026-09-28T05:15:01.101252+00:00,Prometheus,True,16,8,
2026-09-28T05:34:36.044773+00:00,YATA,True,16,8,
2026-09-28T05:34:36.044773+00:00,Prometheus,True,16,8,
2026-09-28T05:51:50.521950+00:00,YATA,True,16,8,
2026-09-28T05:51:50.521950+00:00,Prometheus,True,16,8,
2026-09-28T06:12:05.271967+00:00,YATA,True,16,8,
2026-09-28T06:12:05.271967+00:00,Prometheus,True,16,8,
2026-09-28T06:41:18.417081+00:00,YATA,True,16,8,
2026-09-28T06:41:18.417081+00:00,Prometheus,True,16,8,
2026-09-28T07:01:14.833767+00:00,YATA,True,16,8,
2026-09-28T07:01:14.833767+00:00,Prometheus,True,16,8,
2026-09-28T07:24:38.360644+00:00,YATA,True,16,8,
2026-09-28T07:24:38.360644+00:00,Prometheus,True,16,8,
2026-09-28T07:45:12.292559+00:00,YATA,True,16,8,
2026-09-28T07:45:12.292559+00:00,Prometheus,True,16,8,
2026-09-28T08:00:51.830432+00:00,YATA,True,16,8,
2026-09-28T08:00:51.830432+00:00,Prometheus,True,16,8,
2026-09-28T08:26:05.299895+00:00,YATA,True,16,8,
2026-09-28T08:26:05.299895+00:00,Prometheus,True,16,8,
2026-09-28T08:47:40.554480+00:00,YATA,True,16,8,
2026-09-28T08:47:40.554480+00:00,Prometheus,True,16,8,
2026-09-28T09:02:00.418215+00:00,YATA,True,16,8,
2026-09-28T09:02:00.418215+00:00,Prometheus,True,16,8,
2026-09-28T09:26:18.677415+00:00,YATA,True,16,8,
2026-09-28T09:26:18.677415+00:00,Prometheus,True,16,8,
2026-09-28T09:48:00.867691+00:00,YATA,True,16,8,
2026-09-28T09:48:00.867691+00:00,Prometheus,True,16,8,
2026-09-28T10:02:26.111096+00:00,YATA,True,16,8,
2026-09-28T10:02:26.111096+00:00,Prometheus,True,16,8,
2026-09-28T10:25:16.299980+00:00,YATA,True,16,8,
2026-09-28T10:25:16.299980+00:00,Prometheus,True,16,8,
2026-09-28T10:45:40.773600+00:00,YATA,True,16,8,
2026-09-28T10:45:40.773600+00:00,Prometheus,True,16,8,
2026-09-28T11:00:11.423693+00:00,YATA,True,16,8,
2026-09-28T11:00:11.423693+00:00,Prometheus,True,16,8,
2026-09-28T11:21:52.079113+00:00,YATA,True,16,8,
2026-09-28T11:21:52.079113+00:00,Prometheus,True,16,8,
2026-09-28T11:42:41.684954+00:00,YATA,True,16,8,
2026-09-28T11:42:41.684954+00:00,Prometheus,True,16,8,
2026-09-28T11:57:49.824946+00:00,YATA,True,16,8,
2026-09-28T11:57:49.824946+00:00,Prometheus,True,16,8,
2026-09-28T12:25:59.334044+00:00,YATA,True,16,8,
2026-09-28T12:25:59.334044+00:00,Prometheus,True,16,8,
2026-09-28T12:51:43.227546+00:00,YATA,True,16,8,
2026-09-28T12:51:43.227546+00:00,Prometheus,True,16,8,
2026-09-28T13:09:35.671693+00:00,YATA,True,16,8,
2026-09-28T13:09:35.671693+00:00,Prometheus,True,16,8,
2026-09-28T13:31:42.291844+00:00,YATA,True,16,8,
2026-09-28T13:31:42.291844+00:00,Prometheus,True,16,8,
2026-09-28T13:53:06.904022+00:00,YATA,True,16,8,
2026-09-28T13:53:06.904022+00:00,Prometheus,True,16,8,
2026-09-28T14:12:33.245137+00:00,YATA,True,16,8,
2026-09-28T14:12:33.245137+00:00,Prometheus,True,16,8,
2026-09-28T14:35:55.407112+00:00,YATA,True,16,8,
2026-09-28T14:35:55.407112+00:00,Prometheus,True,16,8,
2026-09-28T14:56:38.751243+00:00,YATA,True,16,8,
2026-09-28T14:56:38.751243+00:00,Prometheus,True,16,8,
2026-09-28T15:21:03.360516+00:00,YATA,True,16,8,
2026-09-28T15:21:03.360516+00:00,Prometheus,True,16,8,
2026-09-28T15:40:53.423138+00:00,YATA,True,16,8,
2026-09-28T15:40:53.423138+00:00,Prometheus,True,16,8,
2026-09-28T15:58:37.403793+00:00,YATA,True,16,8,
2026-09-28T15:58:37.403793+00:00,Prometheus,True,16,8,
2026-09-28T16:23:55.795592+00:00,YATA,True,16,8,
2026-09-28T16:23:55.795592+00:00,Prometheus,True,16,8,
2026-09-28T16:43:16.090188+00:00,YATA,True,16,8,
2026-09-28T16:43:16.090188+00:00,Prometheus,True,16,8,
2026-09-28T16:59:08.776915+00:00,YATA,True,16,8,
2026-09-28T16:59:08.776915+00:00,Prometheus,True,16,8,
2026-09-28T17:20:49.020047+00:00,YATA,True,16,8,
2026-09-28T17:20:49.020047+00:00,Prometheus,True,16,8,
2026-09-28T17:38:54.512324+00:00,YATA,True,16,8,
2026-09-28T17:38:54.512324+00:00,Prometheus,True,16,8,
2026-09-28T17:55:10.037224+00:00,YATA,True,16,8,
2026-09-28T17:55:10.037224+00:00,Prometheus,True,16,8,
2026-09-28T18:18:25.572062+00:00,YATA,True,16,8,
2026-09-28T18:18:25.572062+00:00,Prometheus,True,16,8,
2026-09-28T18:40:24.637644+00:00,YATA,True,16,8,
2026-09-28T18:40:24.637644+00:00,Prometheus,True,16,8,
2026-09-28T18:59:12.523078+00:00,YATA,True,16,8,
2026-09-28T18:59:12.523078+00:00,Prometheus,True,16,8,
2026-09-28T19:19:44.192874+00:00,YATA,True,16,8,
2026-09-28T19:19:44.192874+00:00,Prometheus,True,16,8,
2026-09-28T19:38:14.227924+00:00,YATA,True,16,8,
2026-09-28T19:38:14.227924+00:00,Prometheus,True,16,8,
2026-09-28T19:54:37.641113+00:00,YATA,True,16,8,
2026-09-28T19:54:37.641113+00:00,Prometheus,True,16,8,
2026-09-28T20:13:39.138161+00:00,YATA,True,16,8,
2026-09-28T20:13:39.138161+00:00,Prometheus,True,16,8,
2026-09-28T20:32:45.629122+00:00,YATA,True,16,8,
2026-09-28T20:32:45.629122+00:00,Prometheus,True,16,8,
2026-09-28T20:51:14.880793+00:00,YATA,True,16,8,
2026-09-28T20:51:14.880793+00:00,Prometheus,True,16,8,
2026-09-28T21:07:47.002699+00:00,YATA,True,16,8,
2026-09-28T21:07:47.002699+00:00,Prometheus,True,16,8,
2026-09-28T21:26:50.062431+00:00,YATA,False,0,0,TimeoutError: The read operation timed out
2026-09-28T21:26:50.062431+00:00,Prometheus,True,16,8,
2026-09-28T21:44:26.626661+00:00,YATA,True,16,8,
2026-09-28T21:44:26.626661+00:00,Prometheus,True,16,8,
2026-09-28T21:58:12.686616+00:00,YATA,True,16,8,
2026-09-28T21:58:12.686616+00:00,Prometheus,True,16,8,
2026-09-28T22:19:06.524595+00:00,YATA,True,16,8,
2026-09-28T22:19:06.524595+00:00,Prometheus,True,16,8,
2026-09-28T22:35:10.339459+00:00,YATA,True,16,8,
2026-09-28T22:35:10.339459+00:00,Prometheus,True,16,8,
2026-09-28T22:50:43.965360+00:00,YATA,True,16,8,
2026-09-28T22:50:43.965360+00:00,Prometheus,True,16,8,
2026-09-28T23:05:55.882083+00:00,YATA,True,16,8,
2026-09-28T23:05:55.882083+00:00,Prometheus,True,16,8,
2026-09-28T23:24:30.839727+00:00,YATA,True,16,8,
2026-09-28T23:24:30.839727+00:00,Prometheus,True,16,8,
2026-09-28T23:42:04.688245+00:00,YATA,True,16,8,
2026-09-28T23:42:04.688245+00:00,Prometheus,True,16,8,
2026-09-28T23:56:01.293023+00:00,YATA,True,16,8,
2026-09-28T23:56:01.293023+00:00,Prometheus,True,16,8,
2026-09-29T00:24:59.109735+00:00,YATA,True,16,8,
2026-09-29T00:24:59.109735+00:00,Prometheus,True,16,8,
2026-09-29T00:49:19.646093+00:00,YATA,True,16,8,
2026-09-29T00:49:19.646093+00:00,Prometheus,True,16,8,
2026-09-29T01:05:20.734048+00:00,YATA,True,16,8,
2026-09-29T01:05:20.734048+00:00,Prometheus,True,16,8,
2026-09-29T01:24:24.983222+00:00,YATA,True,16,8,
2026-09-29T01:24:24.983222+00:00,Prometheus,True,16,8,
2026-09-29T01:42:23.852897+00:00,YATA,True,16,8,
2026-09-29T01:42:23.852897+00:00,Prometheus,True,16,8,
2026-09-29T01:57:28.937152+00:00,YATA,True,16,8,
2026-09-29T01:57:28.937152+00:00,Prometheus,True,16,8,
2026-09-29T02:18:06.778952+00:00,YATA,True,16,8,
2026-09-29T02:18:06.778952+00:00,Prometheus,True,16,8,
2026-09-29T02:33:46.491194+00:00,YATA,True,16,8,
2026-09-29T02:33:46.491194+00:00,Prometheus,True,16,8,
2026-09-29T02:50:06.833691+00:00,YATA,True,16,8,
2026-09-29T02:50:06.833691+00:00,Prometheus,True,16,8,
2026-09-29T03:05:25.264700+00:00,YATA,True,16,8,
2026-09-29T03:05:25.264700+00:00,Prometheus,True,16,8,
2026-09-29T03:26:47.699795+00:00,YATA,False,0,0,HTTPError: HTTP Error 502: Bad Gateway
2026-09-29T03:26:47.699795+00:00,Prometheus,True,16,8,
2026-09-29T03:48:14.975204+00:00,YATA,True,16,8,
2026-09-29T03:48:14.975204+00:00,Prometheus,True,16,8,
2026-09-29T04:01:00.803156+00:00,YATA,True,16,8,
2026-09-29T04:01:00.803156+00:00,Prometheus,True,16,8,
2026-09-29T04:22:59.567638+00:00,YATA,True,16,8,
2026-09-29T04:22:59.567638+00:00,Prometheus,True,16,8,
2026-09-29T04:42:39.520834+00:00,YATA,True,16,8,
2026-09-29T04:42:39.520834+00:00,Prometheus,True,16,8,
2026-09-29T04:58:27.821855+00:00,YATA,True,16,8,
2026-09-29T04:58:27.821855+00:00,Prometheus,True,16,8,
2026-09-29T05:20:15.954130+00:00,YATA,True,16,8,
2026-09-29T05:20:15.954130+00:00,Prometheus,True,16,8,
2026-09-29T05:39:10.556585+00:00,YATA,True,16,8,
2026-09-29T05:39:10.556585+00:00,Prometheus,True,16,8,
2026-09-29T05:55:47.708306+00:00,YATA,True,16,8,
2026-09-29T05:55:47.708306+00:00,Prometheus,True,16,8,
2026-09-29T06:22:19.286885+00:00,YATA,True,16,8,
2026-09-29T06:22:19.286885+00:00,Prometheus,True,16,8,
2026-09-29T06:46:01.552217+00:00,YATA,True,16,8,
2026-09-29T06:46:01.552217+00:00,Prometheus,True,16,8,
2026-09-29T07:03:11.135252+00:00,YATA,True,16,8,
2026-09-29T07:03:11.135252+00:00,Prometheus,True,16,8,
2026-09-29T07:25:43.454915+00:00,YATA,True,16,8,
2026-09-29T07:25:43.454915+00:00,Prometheus,True,16,8,
2026-09-29T07:46:21.559840+00:00,YATA,True,16,8,
2026-09-29T07:46:21.559840+00:00,Prometheus,True,16,8,
2026-09-29T08:01:40.839410+00:00,YATA,True,16,8,
2026-09-29T08:01:40.839410+00:00,Prometheus,True,16,8,
2026-09-29T08:25:29.230527+00:00,YATA,True,16,8,
2026-09-29T08:25:29.230527+00:00,Prometheus,True,16,8,
2026-09-29T08:47:11.283975+00:00,YATA,True,16,8,
2026-09-29T08:47:11.283975+00:00,Prometheus,True,16,8,
2026-09-29T09:02:00.549697+00:00,YATA,True,16,8,
2026-09-29T09:02:00.549697+00:00,Prometheus,True,16,8,
2026-09-29T09:25:12.985749+00:00,YATA,True,16,8,
2026-09-29T09:25:12.985749+00:00,Prometheus,True,16,8,
2026-09-29T09:46:54.255138+00:00,YATA,True,16,8,
2026-09-29T09:46:54.255138+00:00,Prometheus,True,16,8,
2026-09-29T10:01:19.378979+00:00,YATA,True,16,8,
2026-09-29T10:01:19.378979+00:00,Prometheus,True,16,8,
2026-09-29T10:23:47.595035+00:00,YATA,True,16,8,
2026-09-29T10:23:47.595035+00:00,Prometheus,True,16,8,
2026-09-29T10:44:53.394520+00:00,YATA,True,16,8,
2026-09-29T10:44:53.394520+00:00,Prometheus,True,16,8,
2026-09-29T10:59:36.616060+00:00,YATA,True,16,8,
2026-09-29T10:59:36.616060+00:00,Prometheus,True,16,8,
2026-09-29T11:21:16.676719+00:00,YATA,True,16,8,
2026-09-29T11:21:16.676719+00:00,Prometheus,True,16,8,
2026-09-29T11:39:56.647618+00:00,YATA,True,16,8,
2026-09-29T11:39:56.647618+00:00,Prometheus,True,16,8,
2026-09-29T11:56:57.554108+00:00,YATA,True,16,8,
2026-09-29T11:56:57.554108+00:00,Prometheus,True,16,8,
2026-09-29T12:25:05.812961+00:00,YATA,True,16,8,
2026-09-29T12:25:05.812961+00:00,Prometheus,True,16,8,
2026-09-29T12:50:35.738600+00:00,YATA,True,16,8,
2026-09-29T12:50:35.738600+00:00,Prometheus,True,16,8,
2026-09-29T13:09:22.285708+00:00,YATA,True,16,8,
2026-09-29T13:09:22.285708+00:00,Prometheus,True,16,8,
2026-09-29T13:33:45.104960+00:00,YATA,True,16,8,
2026-09-29T13:33:45.104960+00:00,Prometheus,True,16,8,
2026-09-29T13:53:38.407705+00:00,YATA,True,16,8,
2026-09-29T13:53:38.407705+00:00,Prometheus,True,16,8,
2026-09-29T14:14:27.772502+00:00,YATA,True,16,8,
2026-09-29T14:14:27.772502+00:00,Prometheus,True,16,8,
2026-09-29T14:35:54.587433+00:00,YATA,True,16,8,
2026-09-29T14:35:54.587433+00:00,Prometheus,True,16,8,
2026-09-29T14:55:41.798507+00:00,YATA,True,16,8,
2026-09-29T14:55:41.798507+00:00,Prometheus,True,16,8,
2026-09-29T15:19:27.172844+00:00,YATA,True,16,8,
2026-09-29T15:19:27.172844+00:00,Prometheus,True,16,8,
2026-09-29T15:39:45.892196+00:00,YATA,True,16,8,
2026-09-29T15:39:45.892196+00:00,Prometheus,True,16,8,
2026-09-29T15:58:25.436162+00:00,YATA,True,16,8,
2026-09-29T15:58:25.436162+00:00,Prometheus,True,16,8,
2026-09-29T16:23:28.885820+00:00,YATA,True,16,8,
2026-09-29T16:23:28.885820+00:00,Prometheus,True,16,8,
2026-09-29T16:45:01.127782+00:00,YATA,True,16,8,
2026-09-29T16:45:01.127782+00:00,Prometheus,True,16,8,
2026-09-29T17:00:24.674734+00:00,YATA,True,16,8,
2026-09-29T17:00:24.674734+00:00,Prometheus,True,16,8,
2026-09-29T17:21:40.915013+00:00,YATA,True,16,8,
2026-09-29T17:21:40.915013+00:00,Prometheus,True,16,8,
2026-09-29T17:41:01.589725+00:00,YATA,True,16,8,
2026-09-29T17:41:01.589725+00:00,Prometheus,True,16,8,
2026-09-29T17:58:28.620023+00:00,YATA,True,16,8,
2026-09-29T17:58:28.620023+00:00,Prometheus,True,16,8,
2026-09-29T18:25:31.852344+00:00,YATA,True,16,8,
2026-09-29T18:25:31.852344+00:00,Prometheus,True,16,8,
2026-09-29T18:48:15.951546+00:00,YATA,True,16,8,
2026-09-29T18:48:15.951546+00:00,Prometheus,True,16,8,
2026-09-29T19:02:52.912899+00:00,YATA,True,16,8,
2026-09-29T19:02:52.912899+00:00,Prometheus,True,16,8,
2026-09-29T19:24:37.416242+00:00,YATA,True,16,8,
2026-09-29T19:24:37.416242+00:00,Prometheus,True,16,8,
2026-09-29T19:43:39.253498+00:00,YATA,False,0,0,TimeoutError: The read operation timed out
2026-09-29T19:43:39.253498+00:00,Prometheus,True,16,8,
2026-09-29T19:59:16.117569+00:00,YATA,True,16,8,
2026-09-29T19:59:16.117569+00:00,Prometheus,True,16,8,
2026-09-29T20:22:08.221995+00:00,YATA,True,16,8,
2026-09-29T20:22:08.221995+00:00,Prometheus,True,16,8,
2026-09-29T20:41:28.747277+00:00,YATA,True,16,8,
2026-09-29T20:41:28.747277+00:00,Prometheus,True,16,8,
2026-09-29T20:56:53.076269+00:00,YATA,True,16,8,
2026-09-29T20:56:53.076269+00:00,Prometheus,True,16,8,
2026-09-29T21:18:20.196037+00:00,YATA,True,16,8,
2026-09-29T21:18:20.196037+00:00,Prometheus,True,16,8,
2026-09-29T21:35:48.783588+00:00,YATA,True,16,8,
2026-09-29T21:35:48.783588+00:00,Prometheus,True,16,8,
2026-09-29T21:52:19.376887+00:00,YATA,True,16,8,
2026-09-29T21:52:19.376887+00:00,Prometheus,True,16,8,
2026-09-29T22:09:31.725088+00:00,YATA,True,16,8,
2026-09-29T22:09:31.725088+00:00,Prometheus,True,16,8,
2026-09-29T22:29:07.239347+00:00,YATA,True,16,8,
2026-09-29T22:29:07.239347+00:00,Prometheus,True,16,8,
2026-09-29T22:46:02.411396+00:00,YATA,True,16,8,
2026-09-29T22:46:02.411396+00:00,Prometheus,True,16,8,
2026-09-29T22:58:55.041630+00:00,YATA,True,16,8,
2026-09-29T22:58:55.041630+00:00,Prometheus,True,16,8,
2026-09-29T23:18:44.945717+00:00,YATA,True,16,8,
2026-09-29T23:18:44.945717+00:00,Prometheus,True,16,8,
2026-09-29T23:33:53.379933+00:00,YATA,True,16,8,
2026-09-29T23:33:53.379933+00:00,Prometheus,True,16,8,
2026-09-29T23:48:56.803807+00:00,YATA,True,16,8,
2026-09-29T23:48:56.803807+00:00,Prometheus,True,16,8,
2026-09-30T00:03:30.589587+00:00,YATA,True,16,8,
2026-09-30T00:03:30.589587+00:00,Prometheus,True,16,8,
2026-09-30T00:32:38.772522+00:00,YATA,True,16,8,
2026-09-30T00:32:38.772522+00:00,Prometheus,True,16,8,
2026-09-30T00:56:07.720102+00:00,YATA,True,16,8,
2026-09-30T00:56:07.720102+00:00,Prometheus,True,16,8,
2026-09-30T01:18:32.138387+00:00,YATA,True,16,8,
2026-09-30T01:18:32.138387+00:00,Prometheus,True,16,8,
2026-09-30T01:35:56.972980+00:00,YATA,True,16,8,
2026-09-30T01:35:56.972980+00:00,Prometheus,True,16,8,
2026-09-30T01:52:57.812786+00:00,YATA,True,16,8,
2026-09-30T01:52:57.812786+00:00,Prometheus,True,16,8,
2026-09-30T02:10:55.348180+00:00,YATA,True,16,8,
2026-09-30T02:10:55.348180+00:00,Prometheus,True,16,8,
2026-09-30T02:30:31.412682+00:00,YATA,True,16,8,
2026-09-30T02:30:31.412682+00:00,Prometheus,True,16,8,
2026-09-30T02:48:47.647001+00:00,YATA,True,16,8,
2026-09-30T02:48:47.647001+00:00,Prometheus,True,16,8,
2026-09-30T03:03:00.698497+00:00,YATA,False,0,0,TimeoutError: The read operation timed out
2026-09-30T03:03:00.698497+00:00,Prometheus,True,16,8,
2026-09-30T03:24:58.780634+00:00,YATA,False,0,0,HTTPError: HTTP Error 502: Bad Gateway
2026-09-30T03:24:58.780634+00:00,Prometheus,True,16,8,
2026-09-30T03:46:12.568949+00:00,YATA,True,16,8,
2026-09-30T03:46:12.568949+00:00,Prometheus,True,16,8,
2026-09-30T04:00:48.002159+00:00,YATA,True,16,8,
2026-09-30T04:00:48.002159+00:00,Prometheus,True,16,8,
2026-09-30T04:24:09.589761+00:00,YATA,True,16,8,
2026-09-30T04:24:09.589761+00:00,Prometheus,True,16,8,
2026-09-30T04:44:41.385748+00:00,YATA,True,16,8,
2026-09-30T04:44:41.385748+00:00,Prometheus,True,16,8,
2026-09-30T05:00:02.133561+00:00,YATA,True,16,8,
2026-09-30T05:00:02.133561+00:00,Prometheus,True,16,8,
2026-09-30T05:22:45.150417+00:00,YATA,True,16,8,
2026-09-30T05:22:45.150417+00:00,Prometheus,True,16,8,
2026-09-30T05:42:18.822153+00:00,YATA,True,16,8,
2026-09-30T05:42:18.822153+00:00,Prometheus,True,16,8,
2026-09-30T05:57:59.358825+00:00,YATA,True,16,8,
2026-09-30T05:57:59.358825+00:00,Prometheus,True,16,8,
2026-09-30T06:25:48.757467+00:00,YATA,True,16,8,
2026-09-30T06:25:48.757467+00:00,Prometheus,True,16,8,
2026-09-30T06:51:01.222533+00:00,YATA,True,16,8,
2026-09-30T06:51:01.222533+00:00,Prometheus,True,16,8,
2026-09-30T07:09:20.077428+00:00,YATA,True,16,8,
2026-09-30T07:09:20.077428+00:00,Prometheus,True,16,8,
2026-09-30T07:32:34.094191+00:00,YATA,True,16,8,
2026-09-30T07:32:34.094191+00:00,Prometheus,True,16,8,
2026-09-30T07:52:07.369203+00:00,YATA,True,16,8,
2026-09-30T07:52:07.369203+00:00,Prometheus,True,16,8,
2026-09-30T08:11:39.766755+00:00,YATA,True,16,8,
2026-09-30T08:11:39.766755+00:00,Prometheus,True,16,8,
2026-09-30T08:35:40.263106+00:00,YATA,True,16,8,
2026-09-30T08:35:40.263106+00:00,Prometheus,True,16,8,
2026-09-30T08:54:30.160194+00:00,YATA,True,16,8,
2026-09-30T08:54:30.160194+00:00,Prometheus,True,16,8,
2026-09-30T09:14:55.764941+00:00,YATA,True,16,8,
2026-09-30T09:14:55.764941+00:00,Prometheus,True,16,8,
2026-09-30T09:36:10.191322+00:00,YATA,True,16,8,
2026-09-30T09:36:10.191322+00:00,Prometheus,True,16,8,
2026-09-30T09:55:23.232406+00:00,YATA,True,16,8,
2026-09-30T09:55:23.232406+00:00,Prometheus,True,16,8,
2026-09-30T10:17:52.776349+00:00,YATA,True,16,8,
2026-09-30T10:17:52.776349+00:00,Prometheus,True,16,8,
2026-09-30T10:37:39.316636+00:00,YATA,True,16,8,
2026-09-30T10:37:39.316636+00:00,Prometheus,True,16,8,
2026-09-30T10:56:03.357984+00:00,YATA,True,16,8,
2026-09-30T10:56:03.357984+00:00,Prometheus,True,16,8,
2026-09-30T11:17:16.016994+00:00,YATA,True,16,8,
2026-09-30T11:17:16.016994+00:00,Prometheus,True,16,8,
2026-09-30T11:34:51.829768+00:00,YATA,True,16,8,
2026-09-30T11:34:51.829768+00:00,Prometheus,True,16,8,
2026-09-30T11:53:35.722445+00:00,YATA,True,16,8,
2026-09-30T11:53:35.722445+00:00,Prometheus,True,16,8,
2026-09-30T12:46:12.293141+00:00,YATA,True,16,8,
2026-09-30T12:46:12.293141+00:00,Prometheus,True,16,8,
2026-09-30T13:05:26.479036+00:00,YATA,True,16,8,
2026-09-30T13:05:26.479036+00:00,Prometheus,True,16,8,
2026-09-30T13:28:45.595320+00:00,YATA,True,16,8,
2026-09-30T13:28:45.595320+00:00,Prometheus,True,16,8,
2026-09-30T13:49:13.892241+00:00,YATA,True,16,8,
2026-09-30T13:49:13.892241+00:00,Prometheus,True,16,8,
2026-09-30T14:07:04.119640+00:00,YATA,True,16,8,
2026-09-30T14:07:04.119640+00:00,Prometheus,True,16,8,
2026-09-30T14:32:12.925779+00:00,YATA,True,16,8,
2026-09-30T14:32:12.925779+00:00,Prometheus,True,16,8,
2026-09-30T14:54:25.338127+00:00,YATA,True,16,8,
2026-09-30T14:54:25.338127+00:00,Prometheus,True,16,8,
2026-09-30T15:18:49.655041+00:00,YATA,True,16,8,
2026-09-30T15:18:49.655041+00:00,Prometheus,True,16,8,
2026-09-30T15:40:25.199813+00:00,YATA,True,16,8,
2026-09-30T15:40:25.199813+00:00,Prometheus,True,16,8,
2026-09-30T16:00:06.614790+00:00,YATA,True,16,8,
2026-09-30T16:00:06.614790+00:00,Prometheus,True,16,8,
2026-09-30T16:25:54.991255+00:00,YATA,True,16,8,
2026-09-30T16:25:54.991255+00:00,Prometheus,True,16,8,
2026-09-30T16:47:11.831836+00:00,YATA,True,16,8,
2026-09-30T16:47:11.831836+00:00,Prometheus,True,16,8,
2026-09-30T17:01:58.870443+00:00,YATA,True,16,8,
2026-09-30T17:01:58.870443+00:00,Prometheus,True,16,8,
2026-09-30T17:23:59.695084+00:00,YATA,True,16,8,
2026-09-30T17:23:59.695084+00:00,Prometheus,True,16,8,
2026-09-30T17:42:50.185162+00:00,YATA,True,16,8,
2026-09-30T17:42:50.185162+00:00,Prometheus,True,16,8,
2026-09-30T17:58:35.551934+00:00,YATA,True,16,8,
2026-09-30T17:58:35.551934+00:00,Prometheus,True,16,8,
2026-09-30T18:23:18.940939+00:00,YATA,True,16,8,
2026-09-30T18:23:18.940939+00:00,Prometheus,True,16,8,
2026-09-30T18:46:14.197600+00:00,YATA,True,16,8,
2026-09-30T18:46:14.197600+00:00,Prometheus,True,16,8,
2026-09-30T19:03:22.869624+00:00,YATA,True,16,8,
2026-09-30T19:03:22.869624+00:00,Prometheus,True,16,8,
2026-09-30T19:25:18.840526+00:00,YATA,True,16,8,
2026-09-30T19:25:18.840526+00:00,Prometheus,True,16,8,
2026-09-30T19:44:09.960874+00:00,YATA,True,16,8,
2026-09-30T19:44:09.960874+00:00,Prometheus,True,16,8,
2026-09-30T19:58:27.304022+00:00,YATA,True,16,8,
2026-09-30T19:58:27.304022+00:00,Prometheus,True,16,8,
2026-09-30T20:21:01.875475+00:00,YATA,True,16,8,
2026-09-30T20:21:01.875475+00:00,Prometheus,True,16,8,
2026-09-30T20:39:28.043349+00:00,YATA,True,16,8,
2026-09-30T20:39:28.043349+00:00,Prometheus,True,16,8,
2026-09-30T20:55:08.737038+00:00,YATA,True,16,8,
2026-09-30T20:55:08.737038+00:00,Prometheus,True,16,8,
2026-09-30T21:15:10.145333+00:00,YATA,True,16,8,
2026-09-30T21:15:10.145333+00:00,Prometheus,True,16,8,
2026-09-30T21:35:52.495004+00:00,YATA,True,16,8,
2026-09-30T21:35:52.495004+00:00,Prometheus,True,16,8,
2026-09-30T21:54:28.576169+00:00,YATA,True,16,8,
2026-09-30T21:54:28.576169+00:00,Prometheus,True,16,8,
2026-09-30T22:14:26.242006+00:00,YATA,True,16,8,
2026-09-30T22:14:26.242006+00:00,Prometheus,True,16,8,
2026-09-30T22:34:22.628432+00:00,YATA,True,16,8,
2026-09-30T22:34:22.628432+00:00,Prometheus,True,16,8,
2026-09-30T22:52:28.016005+00:00,YATA,True,16,8,
2026-09-30T22:52:28.016005+00:00,Prometheus,True,16,8,
2026-09-30T23:08:48.324406+00:00,YATA,True,16,8,
2026-09-30T23:08:48.324406+00:00,Prometheus,True,16,8,
2026-09-30T23:27:11.312749+00:00,YATA,True,16,8,
2026-09-30T23:27:11.312749+00:00,Prometheus,True,16,8,
2026-09-30T23:45:06.315175+00:00,YATA,True,16,8,
2026-09-30T23:45:06.315175+00:00,Prometheus,True,16,8,
2026-09-30T23:58:03.258376+00:00,YATA,True,16,8,
2026-09-30T23:58:03.258376+00:00,Prometheus,True,16,8,
2026-10-01T00:29:43.173479+00:00,YATA,True,16,8,
2026-10-01T00:29:43.173479+00:00,Prometheus,True,16,8,
2026-10-01T00:54:58.586962+00:00,YATA,True,16,8,
2026-10-01T00:54:58.586962+00:00,Prometheus,True,16,8,
2026-10-01T01:16:40.593708+00:00,YATA,True,16,8,
2026-10-01T01:16:40.593708+00:00,Prometheus,True,16,8,
2026-10-01T01:35:01.677897+00:00,YATA,True,16,8,
2026-10-01T01:35:01.677897+00:00,Prometheus,True,16,8,
2026-10-01T01:52:39.469458+00:00,YATA,True,16,8,
2026-10-01T01:52:39.469458+00:00,Prometheus,True,16,8,
2026-10-01T02:11:01.522394+00:00,YATA,True,16,8,
2026-10-01T02:11:01.522394+00:00,Prometheus,True,16,8,
2026-10-01T02:31:22.259813+00:00,YATA,True,16,8,
2026-10-01T02:31:22.259813+00:00,Prometheus,True,16,8,
