lower_bound,upper_bound,country,item,from_stock,to_stock,type,source,source_update
2026-09-17T21:22:06.360545+00:00,2026-09-17T21:28:26+00:00,Canada,Xanax,0,2434,restock,YATA,1789680506
2026-09-17T21:28:18+00:00,2026-09-17T21:35:16+00:00,UAE,Camel Plushie,211,0,stockout,YATA,1789680916
2026-09-17T21:27:30+00:00,2026-09-17T21:35:10+00:00,China,Panda Plushie,344,0,stockout,YATA,1789680910
2026-09-17T21:34:49+00:00,2026-09-17T21:46:48+00:00,South Africa,Lion Plushie,325,0,stockout,YATA,1789681608
2026-09-17T21:35:10+00:00,2026-09-17T21:47:54+00:00,China,Panda Plushie,0,2379,restock,YATA,1789681674
2026-09-17T21:46:48+00:00,2026-09-17T22:00:28+00:00,South Africa,Lion Plushie,0,2239,restock,YATA,1789682428
2026-09-17T21:46:38+00:00,2026-09-17T22:00:25+00:00,UAE,Camel Plushie,0,1722,restock,YATA,1789682425
2026-09-17T22:00:28+00:00,2026-09-17T22:19:09+00:00,South Africa,Raw Ivory,0,2500,restock,YATA,1789683549
2026-09-17T22:00:28+00:00,2026-09-17T22:19:09+00:00,South Africa,Smoke Grenade,134,0,stockout,YATA,1789683549
2026-09-17T22:00:31+00:00,2026-09-17T22:18:38+00:00,Canada,Xanax,17,0,stockout,YATA,1789683518
2026-09-17T22:18:17+00:00,2026-09-17T22:32:01+00:00,UAE,Camel Plushie,324,0,stockout,YATA,1789684321
2026-09-17T22:30:55+00:00,2026-09-17T22:44:47+00:00,South Africa,Lion Plushie,331,0,stockout,YATA,1789685087
2026-09-17T22:32:53+00:00,2026-09-17T22:45:26+00:00,United Kingdom,Xanax,0,2343,restock,YATA,1789685126
2026-09-17T22:32:01+00:00,2026-09-17T22:45:21+00:00,UAE,Camel Plushie,0,1895,restock,YATA,1789685121
2026-09-17T22:31:49+00:00,2026-09-17T22:45:27+00:00,China,Panda Plushie,343,0,stockout,YATA,1789685127
2026-09-17T22:44:47+00:00,2026-09-17T22:58:27+00:00,South Africa,Lion Plushie,0,2228,restock,YATA,1789685907
2026-09-17T22:45:27+00:00,2026-09-17T22:58:07+00:00,China,Panda Plushie,0,2059,restock,YATA,1789685887
2026-09-17T22:58:27+00:00,2026-09-17T23:15:22+00:00,South Africa,Smoke Grenade,0,2500,restock,YATA,1789686922
2026-09-17T22:57:45+00:00,2026-09-17T23:15:16+00:00,Japan,Xanax,0,1791,restock,YATA,1789686916
2026-09-17T23:15:22+00:00,2026-09-17T23:27:04+00:00,South Africa,Raw Ivory,369,0,stockout,YATA,1789687624
2026-09-17T23:14:46+00:00,2026-09-17T23:27:46+00:00,UAE,Camel Plushie,162,0,stockout,YATA,1789687666
2026-09-17T23:27:04+00:00,2026-09-17T23:41:52+00:00,South Africa,Lion Plushie,653,0,stockout,YATA,1789688512
2026-09-17T23:27:46+00:00,2026-09-17T23:42:00+00:00,UAE,Tribulus Omanense,196,0,stockout,YATA,1789688520
2026-09-17T23:27:46+00:00,2026-09-17T23:42:00+00:00,UAE,Camel Plushie,0,1711,restock,YATA,1789688520
2026-09-17T23:41:27+00:00,2026-09-17T23:53:51+00:00,Japan,Xanax,318,0,stockout,YATA,1789689231
2026-09-17T23:41:10+00:00,2026-09-17T23:53:40+00:00,China,Panda Plushie,227,0,stockout,YATA,1789689220
2026-09-17T23:54:09+00:00,2026-09-18T00:17:41+00:00,South Africa,Lion Plushie,0,902,restock,YATA,1789690661
2026-09-17T23:53:56+00:00,2026-09-18T00:19:44+00:00,Canada,Xanax,0,1474,restock,YATA,1789690784
2026-09-17T23:53:47+00:00,2026-09-18T00:19:31+00:00,UAE,Camel Plushie,1075,0,stockout,YATA,1789690771
2026-09-17T23:53:40+00:00,2026-09-18T00:20:00+00:00,China,Panda Plushie,0,1594,restock,YATA,1789690800
2026-09-18T00:17:41+00:00,2026-09-18T00:40:42+00:00,South Africa,Lion Plushie,902,0,stockout,YATA,1789692042
2026-09-18T00:19:31+00:00,2026-09-18T00:40:23+00:00,UAE,Tribulus Omanense,0,9790,restock,YATA,1789692023
2026-09-18T00:19:31+00:00,2026-09-18T00:40:23+00:00,UAE,Camel Plushie,0,1376,restock,YATA,1789692023
2026-09-18T00:40:42+00:00,2026-09-18T00:56:18+00:00,South Africa,Lion Plushie,0,1932,restock,YATA,1789692978
2026-09-18T00:39:33+00:00,2026-09-18T00:55:11+00:00,China,Panda Plushie,420,0,stockout,YATA,1789692911
2026-09-18T00:54:53+00:00,2026-09-18T01:15:47+00:00,Canada,Xanax,388,0,stockout,YATA,1789694147
2026-09-18T00:55:11+00:00,2026-09-18T01:14:05+00:00,China,Panda Plushie,0,2181,restock,YATA,1789694045
2026-09-18T01:15:18+00:00,2026-09-18T01:29:48+00:00,South Africa,Lion Plushie,816,0,stockout,YATA,1789694988
2026-09-18T01:29:48+00:00,2026-09-18T01:46:18+00:00,South Africa,Lion Plushie,0,2384,restock,YATA,1789695978
2026-09-18T01:30:03+00:00,2026-09-18T01:46:12+00:00,Japan,Xanax,0,2406,restock,YATA,1789695972
2026-09-18T01:58:38+00:00,2026-09-18T02:18:31+00:00,Japan,Xanax,754,0,stockout,YATA,1789697911
2026-09-18T01:58:26+00:00,2026-09-18T02:17:21+00:00,United Kingdom,Xanax,167,0,stockout,YATA,1789697841
2026-09-18T01:57:49+00:00,2026-09-18T02:18:19+00:00,China,Peony,104,0,stockout,YATA,1789697899
2026-09-18T02:18:22+00:00,2026-09-18T02:35:17+00:00,South Africa,Raw Ivory,0,2500,restock,YATA,1789698917
2026-09-18T02:18:22+00:00,2026-09-18T02:35:17+00:00,South Africa,African Violet,415,0,stockout,YATA,1789698917
2026-09-18T02:50:56+00:00,2026-09-18T03:42:30+00:00,South Africa,Raw Ivory,2005,0,stockout,YATA,1789702950
2026-09-18T02:50:56+00:00,2026-09-18T03:42:30+00:00,South Africa,Smoke Grenade,134,0,stockout,YATA,1789702950
2026-09-18T02:50:56+00:00,2026-09-18T03:42:30+00:00,South Africa,African Violet,0,9741,restock,YATA,1789702950
2026-09-18T02:50:01+00:00,2026-09-18T03:41:24+00:00,Canada,Xanax,0,129,restock,YATA,1789702884
2026-09-18T02:50:09+00:00,2026-09-18T03:43:08+00:00,China,Peony,0,8821,restock,YATA,1789702988
2026-09-18T03:41:24+00:00,2026-09-18T03:55:44+00:00,Canada,Xanax,129,0,stockout,YATA,1789703744
2026-09-18T03:55:23+00:00,2026-09-18T04:16:32+00:00,South Africa,Smoke Grenade,0,2234,restock,YATA,1789704992
2026-09-18T03:55:23+00:00,2026-09-18T04:16:32+00:00,South Africa,Lion Plushie,1106,0,stockout,YATA,1789704992
2026-09-18T03:55:12+00:00,2026-09-18T04:16:25+00:00,Japan,Xanax,0,2042,restock,YATA,1789704985
2026-09-18T03:56:01+00:00,2026-09-18T04:16:22+00:00,China,Panda Plushie,682,0,stockout,YATA,1789704982
2026-09-18T04:16:32+00:00,2026-09-18T04:32:17+00:00,South Africa,Lion Plushie,0,1419,restock,YATA,1789705937
2026-09-18T04:16:38+00:00,2026-09-18T04:33:34+00:00,United Kingdom,Xanax,0,2339,restock,YATA,1789706014
2026-09-18T04:16:22+00:00,2026-09-18T04:33:34+00:00,China,Panda Plushie,0,1895,restock,YATA,1789706014
2026-09-18T04:33:20+00:00,2026-09-18T04:48:24+00:00,Japan,Xanax,773,0,stockout,YATA,1789706904
2026-09-18T04:33:51+00:00,2026-09-18T04:48:09+00:00,UAE,Camel Plushie,672,0,stockout,YATA,1789706889
2026-09-18T04:48:02+00:00,2026-09-18T05:01:47+00:00,South Africa,Lion Plushie,631,0,stockout,YATA,1789707707
2026-09-18T04:48:09+00:00,2026-09-18T05:01:18+00:00,UAE,Camel Plushie,0,2310,restock,YATA,1789707678
2026-09-18T05:01:47+00:00,2026-09-18T05:19:04+00:00,South Africa,Lion Plushie,0,1716,restock,YATA,1789708744
2026-09-18T05:00:33+00:00,2026-09-18T05:17:44+00:00,China,Panda Plushie,637,0,stockout,YATA,1789708664
2026-09-18T05:17:44+00:00,2026-09-18T05:34:20+00:00,China,Panda Plushie,0,2244,restock,YATA,1789709660
2026-09-18T05:32:45+00:00,2026-09-18T05:49:49+00:00,South Africa,Lion Plushie,968,0,stockout,YATA,1789710589
2026-09-18T05:33:23+00:00,2026-09-18T05:49:17+00:00,Canada,Xanax,0,1968,restock,YATA,1789710557
2026-09-18T05:35:36+00:00,2026-09-18T05:50:09+00:00,UAE,Camel Plushie,30,0,stockout,YATA,1789710609
2026-09-18T05:35:47+00:00,2026-09-18T05:47:03+00:00,Switzerland,Neumune Tablet,0,3,restock,YATA,1789710423
2026-09-18T05:49:49+00:00,2026-09-18T06:05:55+00:00,South Africa,Lion Plushie,0,1769,restock,YATA,1789711555
2026-09-18T05:50:09+00:00,2026-09-18T06:05:35+00:00,UAE,Camel Plushie,0,1548,restock,YATA,1789711535
2026-09-18T05:47:03+00:00,2026-09-18T06:05:42+00:00,Switzerland,Neumune Tablet,3,0,stockout,YATA,1789711542
2026-09-18T06:05:59+00:00,2026-09-18T06:29:18+00:00,Canada,Xanax,329,0,stockout,YATA,1789712958
2026-09-18T06:06:06+00:00,2026-09-18T06:30:09+00:00,China,Panda Plushie,902,0,stockout,YATA,1789713009
2026-09-18T06:29:37+00:00,2026-09-18T06:49:13+00:00,Japan,Xanax,0,1262,restock,YATA,1789714153
2026-09-18T06:30:09+00:00,2026-09-18T06:49:55+00:00,China,Panda Plushie,0,1802,restock,YATA,1789714195
2026-09-18T06:50:03+00:00,2026-09-18T07:03:46+00:00,South Africa,Raw Ivory,0,1931,restock,YATA,1789715026
2026-09-18T07:03:46+00:00,2026-09-18T07:22:50+00:00,South Africa,Smoke Grenade,18,0,stockout,YATA,1789716170
2026-09-18T07:03:53+00:00,2026-09-18T07:22:58+00:00,Japan,Xanax,531,0,stockout,YATA,1789716178
2026-09-18T07:04:34+00:00,2026-09-18T07:23:44+00:00,United Kingdom,Xanax,136,0,stockout,YATA,1789716224
2026-09-18T07:04:45+00:00,2026-09-18T07:23:48+00:00,UAE,Camel Plushie,1262,0,stockout,YATA,1789716228
2026-09-18T07:04:50+00:00,2026-09-18T07:23:55+00:00,China,Panda Plushie,699,0,stockout,YATA,1789716235
2026-09-18T07:23:48+00:00,2026-09-18T07:40:00+00:00,UAE,Tribulus Omanense,310,0,stockout,YATA,1789717200
2026-09-18T07:23:48+00:00,2026-09-18T07:40:00+00:00,UAE,Camel Plushie,0,2288,restock,YATA,1789717200
2026-09-18T07:23:55+00:00,2026-09-18T07:39:47+00:00,China,Panda Plushie,0,2028,restock,YATA,1789717187
2026-09-18T07:40:27+00:00,2026-09-18T07:53:10+00:00,South Africa,Raw Ivory,289,0,stockout,YATA,1789717990
2026-09-18T07:53:10+00:00,2026-09-18T08:13:17+00:00,South Africa,Smoke Grenade,0,2470,restock,YATA,1789719197
2026-09-18T07:53:10+00:00,2026-09-18T08:13:17+00:00,South Africa,Lion Plushie,1653,0,stockout,YATA,1789719197
2026-09-18T07:53:44+00:00,2026-09-18T08:14:42+00:00,UAE,Camel Plushie,1059,0,stockout,YATA,1789719282
2026-09-18T08:13:17+00:00,2026-09-18T08:31:30+00:00,South Africa,Lion Plushie,0,1753,restock,YATA,1789720290
2026-09-18T08:14:00+00:00,2026-09-18T08:31:55+00:00,Canada,Xanax,0,487,restock,YATA,1789720315
2026-09-18T08:14:42+00:00,2026-09-18T08:32:01+00:00,UAE,Camel Plushie,0,1294,restock,YATA,1789720321
2026-09-18T08:31:30+00:00,2026-09-18T09:01:40+00:00,South Africa,Lion Plushie,1753,0,stockout,YATA,1789722100
2026-09-18T08:31:55+00:00,2026-09-18T09:00:44+00:00,Canada,Xanax,487,0,stockout,YATA,1789722044
2026-09-18T08:32:01+00:00,2026-09-18T09:02:17+00:00,UAE,Tribulus Omanense,0,8194,restock,YATA,1789722137
2026-09-18T08:32:08+00:00,2026-09-18T09:01:39+00:00,China,Peony,364,0,stockout,YATA,1789722099
2026-09-18T09:01:40+00:00,2026-09-18T09:37:28+00:00,South Africa,Lion Plushie,0,276,restock,YATA,1789724248
2026-09-18T09:01:50+00:00,2026-09-18T09:38:35+00:00,United Kingdom,Xanax,0,2184,restock,YATA,1789724315
2026-09-18T09:02:17+00:00,2026-09-18T09:38:42+00:00,UAE,Camel Plushie,2369,0,stockout,YATA,1789724322
2026-09-18T09:37:28+00:00,2026-09-18T09:52:36+00:00,South Africa,Lion Plushie,276,0,stockout,YATA,1789725156
2026-09-18T09:37:28+00:00,2026-09-18T09:52:36+00:00,South Africa,African Violet,306,0,stockout,YATA,1789725156
2026-09-18T09:38:42+00:00,2026-09-18T09:52:39+00:00,UAE,Camel Plushie,0,1671,restock,YATA,1789725159
2026-09-18T09:38:26+00:00,2026-09-18T09:52:35+00:00,China,Panda Plushie,736,0,stockout,YATA,1789725155
2026-09-18T09:38:26+00:00,2026-09-18T09:52:35+00:00,China,Peony,0,9892,restock,YATA,1789725155
2026-09-18T09:52:36+00:00,2026-09-18T10:10:31+00:00,South Africa,Lion Plushie,0,911,restock,YATA,1789726231
2026-09-18T09:52:35+00:00,2026-09-18T10:10:56+00:00,China,Panda Plushie,0,2169,restock,YATA,1789726256
2026-09-18T10:10:31+00:00,2026-09-18T10:27:51+00:00,South Africa,Lion Plushie,911,0,stockout,YATA,1789727271
2026-09-18T10:11:05+00:00,2026-09-18T10:28:18+00:00,UAE,Camel Plushie,221,0,stockout,YATA,1789727298
2026-09-18T10:27:51+00:00,2026-09-18T10:45:13+00:00,South Africa,Smoke Grenade,1,0,stockout,YATA,1789728313
2026-09-18T10:27:51+00:00,2026-09-18T10:45:13+00:00,South Africa,Lion Plushie,0,998,restock,YATA,1789728313
2026-09-18T10:27:51+00:00,2026-09-18T10:45:13+00:00,South Africa,African Violet,0,9999,restock,YATA,1789728313
2026-09-18T10:28:43+00:00,2026-09-18T10:45:12+00:00,Canada,Xanax,0,1424,restock,YATA,1789728312
2026-09-18T10:28:18+00:00,2026-09-18T10:45:27+00:00,UAE,Camel Plushie,0,1303,restock,YATA,1789728327
2026-09-18T10:28:18+00:00,2026-09-18T10:45:04+00:00,China,Panda Plushie,970,0,stockout,YATA,1789728304
2026-09-18T10:45:13+00:00,2026-09-18T10:57:29+00:00,South Africa,Lion Plushie,998,0,stockout,YATA,1789729049
2026-09-18T10:45:04+00:00,2026-09-18T10:57:47+00:00,China,Panda Plushie,0,1885,restock,YATA,1789729067
2026-09-18T10:57:29+00:00,2026-09-18T11:17:21+00:00,South Africa,Raw Ivory,0,1712,restock,YATA,1789730241
2026-09-18T10:57:29+00:00,2026-09-18T11:17:21+00:00,South Africa,Lion Plushie,0,1676,restock,YATA,1789730241
2026-09-18T10:56:51+00:00,2026-09-18T11:17:16+00:00,Canada,Xanax,228,0,stockout,YATA,1789730236
2026-09-18T11:17:21+00:00,2026-09-18T11:32:56+00:00,South Africa,Smoke Grenade,0,2338,restock,YATA,1789731176
2026-09-18T11:15:35+00:00,2026-09-18T11:31:27+00:00,United Kingdom,Xanax,70,0,stockout,YATA,1789731087
2026-09-18T11:17:04+00:00,2026-09-18T11:32:17+00:00,China,Panda Plushie,608,0,stockout,YATA,1789731137
2026-09-18T11:32:56+00:00,2026-09-18T11:47:03+00:00,South Africa,Lion Plushie,796,0,stockout,YATA,1789732023
2026-09-18T11:32:24+00:00,2026-09-18T11:44:32+00:00,UAE,Camel Plushie,879,0,stockout,YATA,1789731872
2026-09-18T11:32:17+00:00,2026-09-18T11:46:15+00:00,China,Panda Plushie,0,2164,restock,YATA,1789731975
2026-09-18T11:47:03+00:00,2026-09-18T11:58:20+00:00,South Africa,Raw Ivory,353,0,stockout,YATA,1789732700
2026-09-18T11:46:36+00:00,2026-09-18T11:59:35+00:00,Japan,Xanax,0,462,restock,YATA,1789732775
2026-09-18T11:44:32+00:00,2026-09-18T11:59:20+00:00,UAE,Camel Plushie,0,2427,restock,YATA,1789732760
2026-09-18T11:58:20+00:00,2026-09-18T12:23:00+00:00,South Africa,Lion Plushie,0,635,restock,YATA,1789734180
2026-09-18T11:59:35+00:00,2026-09-18T12:24:14+00:00,Japan,Xanax,462,0,stockout,YATA,1789734254
2026-09-18T11:59:35+00:00,2026-09-18T12:24:08+00:00,China,Panda Plushie,1404,0,stockout,YATA,1789734248
2026-09-18T12:24:00+00:00,2026-09-18T12:44:52+00:00,UAE,Camel Plushie,397,0,stockout,YATA,1789735492
2026-09-18T12:24:08+00:00,2026-09-18T12:45:37+00:00,China,Panda Plushie,0,1554,restock,YATA,1789735537
2026-09-18T12:44:52+00:00,2026-09-18T12:58:01+00:00,UAE,Camel Plushie,0,1456,restock,YATA,1789736281
2026-09-18T12:58:24+00:00,2026-09-18T13:18:20+00:00,South Africa,Lion Plushie,1170,0,stockout,YATA,1789737500
2026-09-18T12:58:45+00:00,2026-09-18T13:19:03+00:00,Canada,Xanax,0,726,restock,YATA,1789737543
2026-09-18T12:58:01+00:00,2026-09-18T13:18:08+00:00,UAE,Tribulus Omanense,241,0,stockout,YATA,1789737488
2026-09-18T12:58:01+00:00,2026-09-18T13:18:08+00:00,UAE,Camel Plushie,1456,0,stockout,YATA,1789737488
2026-09-18T12:58:44+00:00,2026-09-18T13:18:50+00:00,China,Panda Plushie,767,0,stockout,YATA,1789737530
2026-09-18T13:18:20+00:00,2026-09-18T13:34:30+00:00,South Africa,Lion Plushie,0,2133,restock,YATA,1789738470
2026-09-18T13:18:56+00:00,2026-09-18T13:34:04+00:00,United Kingdom,Xanax,0,2174,restock,YATA,1789738444
2026-09-18T13:18:08+00:00,2026-09-18T13:33:36+00:00,UAE,Camel Plushie,0,1602,restock,YATA,1789738416
2026-09-18T13:18:50+00:00,2026-09-18T13:33:58+00:00,China,Panda Plushie,0,1811,restock,YATA,1789738438
2026-09-18T13:34:06+00:00,2026-09-18T13:49:02+00:00,Canada,Xanax,55,0,stockout,YATA,1789739342
2026-09-18T13:49:50+00:00,2026-09-18T14:04:14+00:00,South Africa,Smoke Grenade,299,0,stockout,YATA,1789740254
2026-09-18T13:49:50+00:00,2026-09-18T14:04:14+00:00,South Africa,Lion Plushie,761,0,stockout,YATA,1789740254
2026-09-18T13:50:01+00:00,2026-09-18T14:04:20+00:00,UAE,Camel Plushie,84,0,stockout,YATA,1789740260
2026-09-18T13:49:42+00:00,2026-09-18T14:04:58+00:00,China,Panda Plushie,510,0,stockout,YATA,1789740298
2026-09-18T14:04:14+00:00,2026-09-18T14:24:02+00:00,South Africa,Lion Plushie,0,1123,restock,YATA,1789741442
2026-09-18T14:04:02+00:00,2026-09-18T14:23:48+00:00,Japan,Xanax,0,139,restock,YATA,1789741428
2026-09-18T14:04:20+00:00,2026-09-18T14:24:22+00:00,UAE,Tribulus Omanense,0,9624,restock,YATA,1789741462
2026-09-18T14:04:58+00:00,2026-09-18T14:23:15+00:00,China,Panda Plushie,0,1142,restock,YATA,1789741395
2026-09-18T14:24:02+00:00,2026-09-18T14:40:42+00:00,South Africa,Lion Plushie,1123,0,stockout,YATA,1789742442
2026-09-18T14:23:48+00:00,2026-09-18T14:40:08+00:00,Japan,Xanax,139,0,stockout,YATA,1789742408
2026-09-18T14:24:14+00:00,2026-09-18T14:41:10+00:00,United Kingdom,Xanax,159,0,stockout,YATA,1789742470
2026-09-18T14:24:22+00:00,2026-09-18T14:41:09+00:00,UAE,Camel Plushie,0,2012,restock,YATA,1789742469
2026-09-18T14:23:15+00:00,2026-09-18T14:40:51+00:00,China,Panda Plushie,1142,0,stockout,YATA,1789742451
2026-09-18T14:23:15+00:00,2026-09-18T14:40:51+00:00,China,Peony,469,0,stockout,YATA,1789742451
2026-09-18T14:40:42+00:00,2026-09-18T14:54:44+00:00,South Africa,Lion Plushie,0,2157,restock,YATA,1789743284
2026-09-18T14:40:51+00:00,2026-09-18T14:55:16+00:00,China,Panda Plushie,0,1932,restock,YATA,1789743316
2026-09-18T14:54:44+00:00,2026-09-18T15:14:48+00:00,South Africa,Raw Ivory,0,1762,restock,YATA,1789744488
2026-09-18T14:54:44+00:00,2026-09-18T15:14:48+00:00,South Africa,Smoke Grenade,0,2461,restock,YATA,1789744488
2026-09-18T15:15:35+00:00,2026-09-18T15:32:08+00:00,China,Panda Plushie,381,0,stockout,YATA,1789745528
2026-09-18T15:31:59+00:00,2026-09-18T15:47:32+00:00,South Africa,Lion Plushie,16,0,stockout,YATA,1789746452
2026-09-18T15:32:14+00:00,2026-09-18T15:47:38+00:00,Canada,Xanax,0,640,restock,YATA,1789746458
2026-09-18T15:32:19+00:00,2026-09-18T15:47:44+00:00,UAE,Camel Plushie,971,0,stockout,YATA,1789746464
2026-09-18T15:32:08+00:00,2026-09-18T15:47:43+00:00,China,Panda Plushie,0,1468,restock,YATA,1789746463
2026-09-18T15:32:08+00:00,2026-09-18T15:47:43+00:00,China,Peony,0,9478,restock,YATA,1789746463
2026-09-18T15:47:32+00:00,2026-09-18T16:00:35+00:00,South Africa,Raw Ivory,294,0,stockout,YATA,1789747235
2026-09-18T15:47:32+00:00,2026-09-18T16:00:35+00:00,South Africa,Lion Plushie,0,1786,restock,YATA,1789747235
2026-09-18T15:47:38+00:00,2026-09-18T16:00:55+00:00,Canada,Xanax,640,0,stockout,YATA,1789747255
2026-09-18T16:00:35+00:00,2026-09-18T16:20:00+00:00,South Africa,African Violet,218,0,stockout,YATA,1789748400
2026-09-18T15:59:58+00:00,2026-09-18T16:18:08+00:00,UAE,Camel Plushie,0,899,restock,YATA,1789748288
2026-09-18T16:18:47+00:00,2026-09-18T16:35:39+00:00,United Kingdom,Xanax,0,2177,restock,YATA,1789749339
2026-09-18T16:18:08+00:00,2026-09-18T16:34:56+00:00,UAE,Camel Plushie,899,0,stockout,YATA,1789749296
2026-09-18T16:34:56+00:00,2026-09-18T16:48:05+00:00,UAE,Camel Plushie,0,2269,restock,YATA,1789750085
2026-09-18T16:48:50+00:00,2026-09-18T17:03:01+00:00,South Africa,Xanax,18,0,stockout,YATA,1789750981
2026-09-18T16:48:50+00:00,2026-09-18T17:03:01+00:00,South Africa,Lion Plushie,942,0,stockout,YATA,1789750981
2026-09-18T16:48:56+00:00,2026-09-18T17:02:22+00:00,China,Panda Plushie,352,0,stockout,YATA,1789750942
2026-09-18T17:03:01+00:00,2026-09-18T17:19:17+00:00,South Africa,Lion Plushie,0,1857,restock,YATA,1789751957
2026-09-18T17:03:01+00:00,2026-09-18T17:19:17+00:00,South Africa,African Violet,0,9746,restock,YATA,1789751957
2026-09-18T17:02:55+00:00,2026-09-18T17:19:05+00:00,UAE,Camel Plushie,1118,0,stockout,YATA,1789751945
2026-09-18T17:02:22+00:00,2026-09-18T17:19:32+00:00,China,Panda Plushie,0,1917,restock,YATA,1789751972
2026-09-18T17:19:05+00:00,2026-09-18T17:32:57+00:00,UAE,Camel Plushie,0,2458,restock,YATA,1789752777
2026-09-18T17:32:44+00:00,2026-09-18T17:45:39+00:00,South Africa,Lion Plushie,767,0,stockout,YATA,1789753539
2026-09-18T17:31:51+00:00,2026-09-18T17:45:32+00:00,United Kingdom,Xanax,175,0,stockout,YATA,1789753532
2026-09-18T17:45:39+00:00,2026-09-18T17:56:05+00:00,South Africa,Smoke Grenade,86,0,stockout,YATA,1789754165
2026-09-18T17:45:15+00:00,2026-09-18T17:57:43+00:00,Canada,Xanax,0,1594,restock,YATA,1789754263
2026-09-18T17:45:11+00:00,2026-09-18T17:56:59+00:00,China,Panda Plushie,241,0,stockout,YATA,1789754219
2026-09-18T17:56:05+00:00,2026-09-18T18:20:40+00:00,South Africa,Lion Plushie,0,388,restock,YATA,1789755640
2026-09-18T17:57:43+00:00,2026-09-18T18:20:57+00:00,Canada,Xanax,1594,0,stockout,YATA,1789755657
2026-09-18T17:57:39+00:00,2026-09-18T18:20:57+00:00,UAE,Camel Plushie,846,0,stockout,YATA,1789755657
2026-09-18T17:56:59+00:00,2026-09-18T18:20:26+00:00,China,Panda Plushie,0,983,restock,YATA,1789755626
2026-09-18T18:20:40+00:00,2026-09-18T18:38:00+00:00,South Africa,Lion Plushie,388,0,stockout,YATA,1789756680
2026-09-18T18:20:31+00:00,2026-09-18T18:37:54+00:00,Japan,Xanax,0,1485,restock,YATA,1789756674
2026-09-18T18:20:57+00:00,2026-09-18T18:38:08+00:00,UAE,Camel Plushie,0,1175,restock,YATA,1789756688
2026-09-18T18:20:26+00:00,2026-09-18T18:37:56+00:00,China,Panda Plushie,983,0,stockout,YATA,1789756676
2026-09-18T18:38:00+00:00,2026-09-18T18:52:11+00:00,South Africa,Raw Ivory,0,1831,restock,YATA,1789757531
2026-09-18T18:38:00+00:00,2026-09-18T18:52:11+00:00,South Africa,Xanax,0,2454,restock,YATA,1789757531
2026-09-18T18:38:00+00:00,2026-09-18T18:52:11+00:00,South Africa,Lion Plushie,0,1644,restock,YATA,1789757531
2026-09-18T18:52:11+00:00,2026-09-18T19:08:24+00:00,South Africa,Smoke Grenade,0,2426,restock,YATA,1789758504
2026-09-18T18:52:06+00:00,2026-09-18T19:08:56+00:00,Japan,Xanax,34,0,stockout,YATA,1789758536
2026-09-18T18:50:24+00:00,2026-09-18T19:09:32+00:00,UAE,Tribulus Omanense,168,0,stockout,YATA,1789758572
2026-09-18T18:50:24+00:00,2026-09-18T19:09:32+00:00,UAE,Camel Plushie,365,0,stockout,YATA,1789758572
2026-09-18T18:51:35+00:00,2026-09-18T19:09:52+00:00,China,Panda Plushie,0,1422,restock,YATA,1789758592
2026-09-18T19:09:32+00:00,2026-09-18T19:24:53+00:00,UAE,Camel Plushie,0,1338,restock,YATA,1789759493
2026-09-18T19:25:17+00:00,2026-09-18T19:38:37+00:00,South Africa,Lion Plushie,86,0,stockout,YATA,1789760317
2026-09-18T19:25:32+00:00,2026-09-18T19:39:17+00:00,United Kingdom,Xanax,0,2280,restock,YATA,1789760357
2026-09-18T19:25:15+00:00,2026-09-18T19:39:02+00:00,China,Panda Plushie,583,0,stockout,YATA,1789760342
2026-09-18T19:38:37+00:00,2026-09-18T19:51:48+00:00,South Africa,Raw Ivory,65,0,stockout,YATA,1789761108
2026-09-18T19:38:37+00:00,2026-09-18T19:51:48+00:00,South Africa,Lion Plushie,0,2009,restock,YATA,1789761108
2026-09-18T19:38:49+00:00,2026-09-18T19:51:37+00:00,UAE,Camel Plushie,58,0,stockout,YATA,1789761097
2026-09-18T19:51:37+00:00,2026-09-18T20:07:33+00:00,UAE,Tribulus Omanense,0,9817,restock,YATA,1789762053
2026-09-18T19:51:37+00:00,2026-09-18T20:07:33+00:00,UAE,Camel Plushie,0,1429,restock,YATA,1789762053
2026-09-18T19:51:42+00:00,2026-09-18T20:08:58+00:00,China,Panda Plushie,0,1274,restock,YATA,1789762138
2026-09-18T20:08:22+00:00,2026-09-18T20:25:32+00:00,South Africa,Lion Plushie,946,0,stockout,YATA,1789763132
2026-09-18T20:08:43+00:00,2026-09-18T20:26:37+00:00,Canada,Xanax,0,1656,restock,YATA,1789763197
2026-09-18T20:25:32+00:00,2026-09-18T20:42:27+00:00,South Africa,Lion Plushie,0,2309,restock,Prometheus,1789764147
2026-09-18T20:25:27+00:00,2026-09-18T20:42:36+00:00,UAE,Camel Plushie,174,0,stockout,Prometheus,1789764156
2026-09-18T20:26:15+00:00,2026-09-18T20:42:45+00:00,China,Panda Plushie,571,0,stockout,Prometheus,1789764165
2026-09-18T20:42:50+00:00,2026-09-18T20:55:00+00:00,Japan,Xanax,0,841,restock,Prometheus,1789764900
2026-09-18T20:42:47+00:00,2026-09-18T20:55:16+00:00,Canada,Xanax,337,0,stockout,YATA,1789764916
2026-09-18T20:42:36+00:00,2026-09-18T20:55:20+00:00,UAE,Camel Plushie,0,1485,restock,Prometheus,1789764920
2026-09-18T20:42:45+00:00,2026-09-18T20:54:20+00:00,China,Panda Plushie,0,2188,restock,Prometheus,1789764860
2026-09-18T20:42:45+00:00,2026-09-18T20:54:20+00:00,China,Pangolin Scales,575,0,stockout,Prometheus,1789764860
2026-09-18T20:55:00+00:00,2026-09-18T21:14:40+00:00,Japan,Xanax,841,0,stockout,YATA,1789766080
2026-09-18T20:55:12+00:00,2026-09-18T21:15:02+00:00,United Kingdom,Xanax,29,0,stockout,Prometheus,1789766102
2026-09-18T21:14:53+00:00,2026-09-18T21:30:38+00:00,South Africa,Lion Plushie,265,0,stockout,YATA,1789767038
2026-09-18T21:14:50+00:00,2026-09-18T21:30:55+00:00,China,Panda Plushie,36,0,stockout,Prometheus,1789767055
2026-09-18T21:14:50+00:00,2026-09-18T21:30:55+00:00,China,Pangolin Scales,0,3789,restock,Prometheus,1789767055
2026-09-18T21:30:38+00:00,2026-09-18T21:43:12+00:00,South Africa,Lion Plushie,0,1988,restock,YATA,1789767792
2026-09-18T21:30:55+00:00,2026-09-18T21:43:32+00:00,China,Panda Plushie,0,1799,restock,Prometheus,1789767812
2026-09-18T21:56:17+00:00,2026-09-18T22:17:00+00:00,UAE,Camel Plushie,927,0,stockout,Prometheus,1789769820
2026-09-18T22:17:00+00:00,2026-09-18T22:31:30+00:00,South Africa,Smoke Grenade,3,0,stockout,Prometheus,1789770690
2026-09-18T21:56:38+00:00,2026-09-18T22:17:00+00:00,South Africa,Lion Plushie,1117,0,stockout,Prometheus,1789769820
2026-09-18T22:17:00+00:00,2026-09-18T22:31:35+00:00,UAE,Camel Plushie,0,2253,restock,Prometheus,1789770695
2026-09-18T22:16:10+00:00,2026-09-18T22:32:22+00:00,China,Panda Plushie,185,0,stockout,Prometheus,1789770742
2026-09-18T22:16:10+00:00,2026-09-18T22:32:22+00:00,China,Pangolin Scales,457,0,stockout,Prometheus,1789770742
2026-09-18T22:31:30+00:00,2026-09-18T22:44:47+00:00,South Africa,Raw Ivory,0,2110,restock,Prometheus,1789771487
2026-09-18T22:31:30+00:00,2026-09-18T22:44:47+00:00,South Africa,Lion Plushie,0,1618,restock,Prometheus,1789771487
2026-09-18T22:32:22+00:00,2026-09-18T22:44:37+00:00,China,Panda Plushie,0,1857,restock,Prometheus,1789771477
2026-09-18T22:44:55+00:00,2026-09-18T22:57:20+00:00,Canada,Xanax,0,1232,restock,Prometheus,1789772240
2026-09-18T22:44:30+00:00,2026-09-18T22:56:38+00:00,United Kingdom,Xanax,0,2245,restock,Prometheus,1789772198
2026-09-18T22:44:37+00:00,2026-09-18T22:57:08+00:00,China,Pangolin Scales,0,4599,restock,Prometheus,1789772228
2026-09-18T22:57:09+00:00,2026-09-18T23:16:39+00:00,Japan,Xanax,0,1281,restock,Prometheus,1789773399
2026-09-18T22:57:20+00:00,2026-09-18T23:15:41+00:00,Canada,Xanax,1232,0,stockout,YATA,1789773341
2026-09-18T22:57:15+00:00,2026-09-18T23:16:32+00:00,UAE,Camel Plushie,1012,0,stockout,Prometheus,1789773392
2026-09-18T23:16:04+00:00,2026-09-18T23:31:25+00:00,South Africa,Smoke Grenade,0,2412,restock,YATA,1789774285
2026-09-18T23:16:04+00:00,2026-09-18T23:31:25+00:00,South Africa,Lion Plushie,86,0,stockout,YATA,1789774285
2026-09-18T23:16:32+00:00,2026-09-18T23:32:15+00:00,UAE,Camel Plushie,0,2348,restock,YATA,1789774335
2026-09-18T23:31:25+00:00,2026-09-18T23:43:25+00:00,South Africa,Lion Plushie,0,2129,restock,Prometheus,1789775005
2026-09-18T23:31:57+00:00,2026-09-18T23:43:04+00:00,Japan,Xanax,334,0,stockout,Prometheus,1789774984
2026-09-18T23:30:22+00:00,2026-09-18T23:43:46+00:00,China,Panda Plushie,132,0,stockout,Prometheus,1789775026
2026-09-18T23:43:25+00:00,2026-09-18T23:57:01+00:00,South Africa,Raw Ivory,74,0,stockout,YATA,1789775821
2026-09-18T23:43:46+00:00,2026-09-18T23:57:07+00:00,China,Panda Plushie,0,2255,restock,Prometheus,1789775827
2026-09-18T23:57:01+00:00,2026-09-19T00:24:09+00:00,South Africa,Lion Plushie,1298,0,stockout,Prometheus,1789777449
2026-09-18T23:57:05+00:00,2026-09-19T00:24:13+00:00,UAE,Camel Plushie,858,0,stockout,Prometheus,1789777453
2026-09-18T23:57:07+00:00,2026-09-19T00:24:07+00:00,China,Pangolin Scales,510,0,stockout,Prometheus,1789777447
2026-09-19T00:24:09+00:00,2026-09-19T00:44:00+00:00,South Africa,Lion Plushie,0,1972,restock,YATA,1789778640
2026-09-19T00:24:09+00:00,2026-09-19T00:44:00+00:00,South Africa,African Violet,56,0,stockout,YATA,1789778640
2026-09-19T00:24:11+00:00,2026-09-19T00:44:45+00:00,United Kingdom,Xanax,153,0,stockout,YATA,1789778685
2026-09-19T00:24:13+00:00,2026-09-19T00:44:12+00:00,UAE,Camel Plushie,0,1554,restock,Prometheus,1789778652
2026-09-19T00:24:07+00:00,2026-09-19T00:44:48+00:00,China,Panda Plushie,922,0,stockout,Prometheus,1789778688
2026-09-19T00:24:07+00:00,2026-09-19T00:44:48+00:00,China,Pangolin Scales,0,4209,restock,Prometheus,1789778688
2026-09-19T00:58:40+00:00,2026-09-19T01:16:52+00:00,South Africa,Lion Plushie,956,0,stockout,Prometheus,1789780612
2026-09-19T00:58:39+00:00,2026-09-19T01:17:48+00:00,UAE,Camel Plushie,608,0,stockout,YATA,1789780668
2026-09-19T00:58:46+00:00,2026-09-19T01:17:23+00:00,China,Panda Plushie,0,1590,restock,YATA,1789780643
2026-09-19T01:16:52+00:00,2026-09-19T01:33:15+00:00,South Africa,Lion Plushie,0,2317,restock,Prometheus,1789781595
2026-09-19T01:16:52+00:00,2026-09-19T01:33:15+00:00,South Africa,African Violet,0,9544,restock,Prometheus,1789781595
2026-09-19T01:17:49+00:00,2026-09-19T01:33:15+00:00,Canada,Xanax,0,486,restock,Prometheus,1789781595
2026-09-19T01:17:48+00:00,2026-09-19T01:33:20+00:00,UAE,Camel Plushie,0,1984,restock,Prometheus,1789781600
2026-09-19T01:17:41+00:00,2026-09-19T01:33:12+00:00,Japan,Xanax,0,2450,restock,Prometheus,1789781592
2026-09-19T01:33:05+00:00,2026-09-19T01:46:59+00:00,China,Pangolin Scales,536,0,stockout,YATA,1789782419
2026-09-19T01:33:15+00:00,2026-09-19T01:47:26+00:00,Canada,Xanax,486,0,stockout,Prometheus,1789782446
2026-09-19T01:46:59+00:00,2026-09-19T01:59:57+00:00,China,Panda Plushie,549,0,stockout,Prometheus,1789783197
2026-09-19T01:59:30+00:00,2026-09-19T02:18:33+00:00,South Africa,Lion Plushie,666,0,stockout,Prometheus,1789784313
2026-09-19T02:00:01+00:00,2026-09-19T02:19:14+00:00,Japan,Xanax,114,0,stockout,YATA,1789784354
2026-09-19T01:59:33+00:00,2026-09-19T02:18:30+00:00,UAE,Camel Plushie,783,0,stockout,Prometheus,1789784310
2026-09-19T01:59:57+00:00,2026-09-19T02:17:34+00:00,China,Panda Plushie,0,2313,restock,Prometheus,1789784254
2026-09-19T01:59:57+00:00,2026-09-19T02:17:34+00:00,China,Pangolin Scales,0,4247,restock,Prometheus,1789784254
2026-09-19T02:18:33+00:00,2026-09-19T02:35:10+00:00,South Africa,Lion Plushie,0,1879,restock,YATA,1789785310
2026-09-19T02:18:30+00:00,2026-09-19T02:35:03+00:00,UAE,Camel Plushie,0,2206,restock,YATA,1789785303
2026-09-19T02:35:10+00:00,2026-09-19T02:47:02+00:00,South Africa,Raw Ivory,0,2125,restock,Prometheus,1789786022
2026-09-19T02:18:00+00:00,2026-09-19T02:35:15+00:00,United Kingdom,Xanax,0,2410,restock,Prometheus,1789785315
2026-09-19T03:21:21+00:00,2026-09-19T03:38:07+00:00,Canada,Xanax,0,2295,restock,Prometheus,1789789087
2026-09-19T03:03:06+00:00,2026-09-19T03:21:03+00:00,UAE,Tribulus Omanense,325,0,stockout,Prometheus,1789788063
2026-09-19T03:37:22+00:00,2026-09-19T03:51:38+00:00,China,Pangolin Scales,207,0,stockout,Prometheus,1789789898
2026-09-19T03:51:18+00:00,2026-09-19T04:07:40+00:00,South Africa,Raw Ivory,458,0,stockout,Prometheus,1789790860
2026-09-19T03:51:18+00:00,2026-09-19T04:07:40+00:00,South Africa,Smoke Grenade,22,0,stockout,Prometheus,1789790860
2026-09-19T03:50:50+00:00,2026-09-19T04:07:41+00:00,Japan,Xanax,0,1354,restock,Prometheus,1789790861
2026-09-19T03:50:17+00:00,2026-09-19T04:07:59+00:00,UAE,Camel Plushie,778,0,stockout,Prometheus,1789790879
2026-09-19T04:07:40+00:00,2026-09-19T04:25:47+00:00,South Africa,Lion Plushie,650,0,stockout,YATA,1789791947
2026-09-19T04:08:03+00:00,2026-09-19T04:26:37+00:00,Canada,Xanax,327,0,stockout,YATA,1789791997
2026-09-19T04:07:59+00:00,2026-09-19T04:26:36+00:00,UAE,Tribulus Omanense,0,9736,restock,YATA,1789791996
2026-09-19T04:07:59+00:00,2026-09-19T04:26:36+00:00,UAE,Camel Plushie,0,1807,restock,YATA,1789791996
2026-09-19T04:08:02+00:00,2026-09-19T04:26:21+00:00,China,Panda Plushie,674,0,stockout,Prometheus,1789791981
2026-09-19T04:08:02+00:00,2026-09-19T04:26:21+00:00,China,Pangolin Scales,0,3576,restock,Prometheus,1789791981
2026-09-19T04:25:47+00:00,2026-09-19T04:42:25+00:00,South Africa,Lion Plushie,0,2017,restock,Prometheus,1789792945
2026-09-19T04:26:21+00:00,2026-09-19T04:42:12+00:00,China,Panda Plushie,0,2342,restock,Prometheus,1789792932
2026-09-19T04:42:23+00:00,2026-09-19T04:55:10+00:00,Japan,Xanax,166,0,stockout,YATA,1789793710
2026-09-19T04:54:59+00:00,2026-09-19T05:13:36+00:00,South Africa,Smoke Grenade,0,2327,restock,Prometheus,1789794816
2026-09-19T04:54:59+00:00,2026-09-19T05:13:36+00:00,South Africa,Lion Plushie,892,0,stockout,Prometheus,1789794816
2026-09-19T04:55:03+00:00,2026-09-19T05:13:06+00:00,UAE,Camel Plushie,132,0,stockout,YATA,1789794786
2026-09-19T05:13:36+00:00,2026-09-19T05:29:02+00:00,South Africa,Lion Plushie,0,1901,restock,YATA,1789795742
2026-09-19T05:13:06+00:00,2026-09-19T05:29:24+00:00,UAE,Camel Plushie,0,1325,restock,Prometheus,1789795764
2026-09-19T05:12:36+00:00,2026-09-19T05:29:25+00:00,China,Pangolin Scales,581,0,stockout,Prometheus,1789795765
2026-09-19T05:29:21+00:00,2026-09-19T05:44:02+00:00,United Kingdom,Xanax,49,0,stockout,Prometheus,1789796642
2026-09-19T05:29:25+00:00,2026-09-19T05:44:08+00:00,China,Panda Plushie,252,0,stockout,Prometheus,1789796648
2026-09-19T05:44:07+00:00,2026-09-19T05:56:33+00:00,South Africa,Lion Plushie,887,0,stockout,Prometheus,1789797393
2026-09-19T05:43:45+00:00,2026-09-19T05:56:26+00:00,UAE,Camel Plushie,411,0,stockout,Prometheus,1789797386
2026-09-19T05:44:08+00:00,2026-09-19T05:56:35+00:00,China,Panda Plushie,0,2307,restock,Prometheus,1789797395
2026-09-19T05:44:08+00:00,2026-09-19T05:56:35+00:00,China,Pangolin Scales,0,4481,restock,Prometheus,1789797395
2026-09-19T05:56:33+00:00,2026-09-19T06:21:20+00:00,South Africa,Lion Plushie,0,1161,restock,YATA,1789798880
2026-09-19T05:56:26+00:00,2026-09-19T06:21:09+00:00,UAE,Camel Plushie,0,1600,restock,Prometheus,1789798869
2026-09-19T06:21:20+00:00,2026-09-19T06:40:42+00:00,South Africa,Lion Plushie,1161,0,stockout,Prometheus,1789800042
2026-09-19T06:21:31+00:00,2026-09-19T06:40:59+00:00,Japan,Xanax,0,1963,restock,Prometheus,1789800059
2026-09-19T06:21:36+00:00,2026-09-19T06:40:26+00:00,Canada,Xanax,0,983,restock,Prometheus,1789800026
2026-09-19T06:40:42+00:00,2026-09-19T06:55:20+00:00,South Africa,Lion Plushie,0,1967,restock,YATA,1789800920
2026-09-19T06:40:57+00:00,2026-09-19T06:55:08+00:00,UAE,Camel Plushie,654,0,stockout,Prometheus,1789800908
2026-09-19T06:40:53+00:00,2026-09-19T06:55:11+00:00,China,Panda Plushie,291,0,stockout,YATA,1789800911
2026-09-19T06:55:28+00:00,2026-09-19T07:14:15+00:00,Canada,Xanax,532,0,stockout,YATA,1789802055
2026-09-19T06:55:08+00:00,2026-09-19T07:13:41+00:00,UAE,Camel Plushie,0,2049,restock,YATA,1789802021
2026-09-19T06:55:11+00:00,2026-09-19T07:13:51+00:00,China,Panda Plushie,0,986,restock,YATA,1789802031
2026-09-19T06:55:11+00:00,2026-09-19T07:13:51+00:00,China,Pangolin Scales,218,0,stockout,YATA,1789802031
2026-09-19T07:12:46+00:00,2026-09-19T07:29:16+00:00,South Africa,Raw Ivory,0,1814,restock,Prometheus,1789802956
2026-09-19T07:12:46+00:00,2026-09-19T07:29:16+00:00,South Africa,Lion Plushie,659,0,stockout,Prometheus,1789802956
2026-09-19T07:14:15+00:00,2026-09-19T07:29:24+00:00,Japan,Xanax,321,0,stockout,Prometheus,1789802964
2026-09-19T07:13:57+00:00,2026-09-19T07:29:35+00:00,United Kingdom,Xanax,0,2412,restock,Prometheus,1789802975
2026-09-19T07:13:51+00:00,2026-09-19T07:29:45+00:00,China,Panda Plushie,986,0,stockout,Prometheus,1789802985
2026-09-19T07:13:51+00:00,2026-09-19T07:29:45+00:00,China,Pangolin Scales,0,4669,restock,Prometheus,1789802985
2026-09-19T07:29:16+00:00,2026-09-19T07:44:05+00:00,South Africa,Smoke Grenade,133,0,stockout,YATA,1789803845
2026-09-19T07:29:16+00:00,2026-09-19T07:44:05+00:00,South Africa,Lion Plushie,0,2304,restock,YATA,1789803845
2026-09-19T07:29:45+00:00,2026-09-19T07:44:25+00:00,China,Panda Plushie,0,2279,restock,Prometheus,1789803865
2026-09-19T07:44:21+00:00,2026-09-19T07:57:02+00:00,UAE,Camel Plushie,311,0,stockout,Prometheus,1789804622
2026-09-19T07:57:02+00:00,2026-09-19T08:17:19+00:00,UAE,Camel Plushie,0,1639,restock,Prometheus,1789805839
2026-09-19T08:17:58+00:00,2026-09-19T08:33:49+00:00,South Africa,Raw Ivory,470,0,stockout,Prometheus,1789806829
2026-09-19T08:17:58+00:00,2026-09-19T08:33:49+00:00,South Africa,Lion Plushie,732,0,stockout,Prometheus,1789806829
2026-09-19T08:17:40+00:00,2026-09-19T08:33:31+00:00,China,Pangolin Scales,936,0,stockout,Prometheus,1789806811
2026-09-19T08:33:49+00:00,2026-09-19T08:48:32+00:00,South Africa,Smoke Grenade,0,2389,restock,YATA,1789807712
2026-09-19T08:33:49+00:00,2026-09-19T08:48:32+00:00,South Africa,Lion Plushie,0,2277,restock,YATA,1789807712
2026-09-19T08:33:13+00:00,2026-09-19T08:48:37+00:00,UAE,Camel Plushie,506,0,stockout,Prometheus,1789807717
2026-09-19T08:33:31+00:00,2026-09-19T08:48:57+00:00,China,Panda Plushie,390,0,stockout,Prometheus,1789807737
2026-09-19T08:48:32+00:00,2026-09-19T09:02:12+00:00,South Africa,African Violet,98,0,stockout,YATA,1789808532
2026-09-19T08:48:37+00:00,2026-09-19T09:02:44+00:00,UAE,Camel Plushie,0,1706,restock,Prometheus,1789808564
2026-09-19T08:48:57+00:00,2026-09-19T09:02:57+00:00,China,Panda Plushie,0,1697,restock,Prometheus,1789808577
2026-09-19T09:02:12+00:00,2026-09-19T09:21:01+00:00,South Africa,Lion Plushie,1212,0,stockout,YATA,1789809661
2026-09-19T08:48:57+00:00,2026-09-19T09:02:57+00:00,China,Pangolin Scales,0,4708,restock,Prometheus,1789808577
2026-09-19T09:21:01+00:00,2026-09-19T09:36:45+00:00,South Africa,Lion Plushie,0,1812,restock,Prometheus,1789810605
2026-09-19T09:21:07+00:00,2026-09-19T09:37:02+00:00,Japan,Xanax,0,847,restock,Prometheus,1789810622
2026-09-19T09:21:11+00:00,2026-09-19T09:36:37+00:00,Canada,Xanax,0,333,restock,Prometheus,1789810597
2026-09-19T09:20:52+00:00,2026-09-19T09:36:31+00:00,UAE,Camel Plushie,471,0,stockout,Prometheus,1789810591
2026-09-19T09:37:02+00:00,2026-09-19T09:50:39+00:00,Japan,Xanax,847,0,stockout,Prometheus,1789811439
2026-09-19T09:36:37+00:00,2026-09-19T09:50:41+00:00,Canada,Xanax,333,0,stockout,Prometheus,1789811441
2026-09-19T09:36:59+00:00,2026-09-19T09:50:26+00:00,United Kingdom,Xanax,55,0,stockout,Prometheus,1789811426
2026-09-19T09:36:31+00:00,2026-09-19T09:50:44+00:00,UAE,Camel Plushie,0,1790,restock,Prometheus,1789811444
2026-09-19T09:36:56+00:00,2026-09-19T09:50:46+00:00,China,Panda Plushie,79,0,stockout,Prometheus,1789811446
2026-09-19T09:36:56+00:00,2026-09-19T09:50:46+00:00,China,Pangolin Scales,749,0,stockout,Prometheus,1789811446
2026-09-19T09:50:38+00:00,2026-09-19T10:05:39+00:00,South Africa,Lion Plushie,718,0,stockout,Prometheus,1789812339
2026-09-19T09:50:38+00:00,2026-09-19T10:05:39+00:00,South Africa,African Violet,0,9625,restock,Prometheus,1789812339
2026-09-19T09:50:46+00:00,2026-09-19T10:05:18+00:00,China,Panda Plushie,0,1833,restock,Prometheus,1789812318
2026-09-19T10:05:39+00:00,2026-09-19T10:23:06+00:00,South Africa,Lion Plushie,0,1859,restock,Prometheus,1789813386
2026-09-19T10:05:56+00:00,2026-09-19T10:21:17+00:00,UAE,Camel Plushie,662,0,stockout,YATA,1789813277
2026-09-19T10:05:18+00:00,2026-09-19T10:22:24+00:00,China,Pangolin Scales,0,4048,restock,Prometheus,1789813344
2026-09-19T10:21:17+00:00,2026-09-19T10:35:22+00:00,UAE,Camel Plushie,0,1898,restock,Prometheus,1789814122
2026-09-19T10:22:24+00:00,2026-09-19T10:38:55+00:00,China,Panda Plushie,528,0,stockout,Prometheus,1789814335
2026-09-19T10:38:41+00:00,2026-09-19T10:51:13+00:00,South Africa,Lion Plushie,654,0,stockout,Prometheus,1789815073
2026-09-19T10:35:22+00:00,2026-09-19T10:50:20+00:00,UAE,Tribulus Omanense,168,0,stockout,Prometheus,1789815020
2026-09-19T10:38:55+00:00,2026-09-19T10:51:06+00:00,China,Panda Plushie,0,2182,restock,Prometheus,1789815066
2026-09-19T10:51:13+00:00,2026-09-19T11:06:39+00:00,South Africa,Lion Plushie,0,2150,restock,Prometheus,1789815999
2026-09-19T10:50:20+00:00,2026-09-19T11:06:31+00:00,UAE,Camel Plushie,954,0,stockout,Prometheus,1789815991
2026-09-19T10:51:06+00:00,2026-09-19T11:06:31+00:00,China,Pangolin Scales,923,0,stockout,Prometheus,1789815991
2026-09-19T11:06:31+00:00,2026-09-19T11:23:09+00:00,UAE,Camel Plushie,0,1630,restock,Prometheus,1789816989
2026-09-19T11:06:31+00:00,2026-09-19T11:22:38+00:00,China,Panda Plushie,1227,0,stockout,Prometheus,1789816958
2026-09-19T11:23:10+00:00,2026-09-19T11:37:51+00:00,South Africa,Raw Ivory,0,2179,restock,Prometheus,1789817871
2026-09-19T11:23:10+00:00,2026-09-19T11:37:51+00:00,South Africa,Smoke Grenade,66,0,stockout,Prometheus,1789817871
2026-09-19T11:23:10+00:00,2026-09-19T11:37:51+00:00,South Africa,Lion Plushie,747,0,stockout,Prometheus,1789817871
2026-09-19T11:22:38+00:00,2026-09-19T11:38:02+00:00,China,Panda Plushie,0,2436,restock,YATA,1789817882
2026-09-19T11:22:38+00:00,2026-09-19T11:38:02+00:00,China,Pangolin Scales,0,3729,restock,YATA,1789817882
2026-09-19T11:37:51+00:00,2026-09-19T11:50:45+00:00,South Africa,Lion Plushie,0,2333,restock,YATA,1789818645
2026-09-19T11:38:02+00:00,2026-09-19T11:50:51+00:00,Japan,Xanax,0,542,restock,YATA,1789818651
2026-09-19T11:38:04+00:00,2026-09-19T11:50:56+00:00,Canada,Xanax,0,1230,restock,Prometheus,1789818656
2026-09-19T11:38:01+00:00,2026-09-19T11:50:56+00:00,United Kingdom,Xanax,0,2287,restock,Prometheus,1789818656
2026-09-19T11:37:39+00:00,2026-09-19T11:50:44+00:00,UAE,Tribulus Omanense,0,9661,restock,Prometheus,1789818644
2026-09-19T11:37:39+00:00,2026-09-19T11:50:44+00:00,UAE,Camel Plushie,336,0,stockout,Prometheus,1789818644
2026-09-19T11:50:51+00:00,2026-09-19T12:07:38+00:00,Japan,Xanax,542,0,stockout,Prometheus,1789819658
2026-09-19T11:50:56+00:00,2026-09-19T12:07:43+00:00,Canada,Xanax,1230,0,stockout,Prometheus,1789819663
2026-09-19T11:50:44+00:00,2026-09-19T12:07:38+00:00,UAE,Camel Plushie,0,1598,restock,YATA,1789819658
2026-09-19T12:07:38+00:00,2026-09-19T12:29:50+00:00,South Africa,Raw Ivory,875,0,stockout,YATA,1789820990
2026-09-19T12:07:38+00:00,2026-09-19T12:29:50+00:00,South Africa,Lion Plushie,1236,0,stockout,YATA,1789820990
2026-09-19T12:07:33+00:00,2026-09-19T12:30:08+00:00,China,Panda Plushie,788,0,stockout,Prometheus,1789821008
2026-09-19T12:07:33+00:00,2026-09-19T12:30:08+00:00,China,Pangolin Scales,1210,0,stockout,Prometheus,1789821008
2026-09-19T12:29:50+00:00,2026-09-19T12:47:19+00:00,South Africa,Smoke Grenade,0,2194,restock,Prometheus,1789822039
2026-09-19T12:29:50+00:00,2026-09-19T12:47:19+00:00,South Africa,Lion Plushie,0,2105,restock,Prometheus,1789822039
2026-09-19T12:30:08+00:00,2026-09-19T12:47:19+00:00,China,Panda Plushie,0,1392,restock,Prometheus,1789822039
2026-09-19T12:47:19+00:00,2026-09-19T12:59:41+00:00,China,Pangolin Scales,0,3759,restock,Prometheus,1789822781
2026-09-19T12:58:36+00:00,2026-09-19T13:19:26+00:00,South Africa,Lion Plushie,1194,0,stockout,Prometheus,1789823966
2026-09-19T12:59:07+00:00,2026-09-19T13:18:44+00:00,UAE,Camel Plushie,1140,0,stockout,Prometheus,1789823924
2026-09-19T12:59:41+00:00,2026-09-19T13:19:28+00:00,China,Panda Plushie,556,0,stockout,Prometheus,1789823968
2026-09-19T13:19:26+00:00,2026-09-19T13:33:26+00:00,South Africa,Lion Plushie,0,2310,restock,Prometheus,1789824806
2026-09-19T13:18:44+00:00,2026-09-19T13:33:24+00:00,UAE,Camel Plushie,0,1975,restock,Prometheus,1789824804
2026-09-19T13:19:28+00:00,2026-09-19T13:33:44+00:00,China,Panda Plushie,0,1383,restock,Prometheus,1789824824
2026-09-19T13:33:44+00:00,2026-09-19T13:46:48+00:00,China,Pangolin Scales,321,0,stockout,YATA,1789825608
2026-09-19T13:46:49+00:00,2026-09-19T13:59:16+00:00,Japan,Xanax,0,1208,restock,Prometheus,1789826356
2026-09-19T13:45:52+00:00,2026-09-19T13:59:19+00:00,United Kingdom,Xanax,169,0,stockout,Prometheus,1789826359
2026-09-19T13:46:52+00:00,2026-09-19T13:58:41+00:00,UAE,Camel Plushie,772,0,stockout,YATA,1789826321
2026-09-19T13:46:48+00:00,2026-09-19T13:59:19+00:00,China,Panda Plushie,367,0,stockout,Prometheus,1789826359
2026-09-19T13:59:13+00:00,2026-09-19T14:18:08+00:00,South Africa,Lion Plushie,583,0,stockout,Prometheus,1789827488
2026-09-19T13:59:16+00:00,2026-09-19T14:18:05+00:00,Japan,Xanax,1208,0,stockout,Prometheus,1789827485
2026-09-19T13:58:41+00:00,2026-09-19T14:17:49+00:00,UAE,Camel Plushie,0,1968,restock,YATA,1789827469
2026-09-19T13:59:19+00:00,2026-09-19T14:17:56+00:00,China,Panda Plushie,0,1804,restock,YATA,1789827476
2026-09-19T13:59:19+00:00,2026-09-19T14:17:56+00:00,China,Pangolin Scales,0,3661,restock,YATA,1789827476
2026-09-19T14:18:08+00:00,2026-09-19T14:32:54+00:00,South Africa,Lion Plushie,0,1119,restock,Prometheus,1789828374
2026-09-19T14:32:54+00:00,2026-09-19T14:44:57+00:00,South Africa,Smoke Grenade,108,0,stockout,Prometheus,1789829097
2026-09-19T14:32:47+00:00,2026-09-19T14:44:48+00:00,China,Panda Plushie,879,0,stockout,Prometheus,1789829088
2026-09-19T14:44:57+00:00,2026-09-19T14:57:45+00:00,South Africa,Lion Plushie,8,0,stockout,Prometheus,1789829865
2026-09-19T14:44:58+00:00,2026-09-19T14:57:34+00:00,UAE,Camel Plushie,1,0,stockout,YATA,1789829854
2026-09-19T14:57:45+00:00,2026-09-19T15:16:54+00:00,South Africa,Raw Ivory,0,1908,restock,Prometheus,1789831014
2026-09-19T14:57:45+00:00,2026-09-19T15:16:54+00:00,South Africa,Lion Plushie,0,1439,restock,Prometheus,1789831014
2026-09-19T14:57:34+00:00,2026-09-19T15:16:20+00:00,UAE,Camel Plushie,0,935,restock,Prometheus,1789830980
2026-09-19T14:57:39+00:00,2026-09-19T15:16:45+00:00,China,Panda Plushie,0,1053,restock,Prometheus,1789831005
2026-09-19T14:57:39+00:00,2026-09-19T15:16:45+00:00,China,Pangolin Scales,382,0,stockout,Prometheus,1789831005
2026-09-19T15:16:45+00:00,2026-09-19T15:31:32+00:00,China,Panda Plushie,1053,0,stockout,Prometheus,1789831892
2026-09-19T15:31:18+00:00,2026-09-19T15:45:13+00:00,South Africa,Lion Plushie,622,0,stockout,YATA,1789832713
2026-09-19T15:31:23+00:00,2026-09-19T15:44:48+00:00,UAE,Camel Plushie,38,0,stockout,Prometheus,1789832688
2026-09-19T15:31:32+00:00,2026-09-19T15:45:08+00:00,China,Panda Plushie,0,2286,restock,Prometheus,1789832708
2026-09-19T15:31:32+00:00,2026-09-19T15:45:08+00:00,China,Pangolin Scales,0,3245,restock,Prometheus,1789832708
2026-09-19T15:45:13+00:00,2026-09-19T15:57:29+00:00,South Africa,Smoke Grenade,0,2454,restock,YATA,1789833449
2026-09-19T15:45:13+00:00,2026-09-19T15:57:29+00:00,South Africa,Lion Plushie,0,2255,restock,YATA,1789833449
2026-09-19T15:45:13+00:00,2026-09-19T15:57:29+00:00,South Africa,African Violet,196,0,stockout,YATA,1789833449
2026-09-19T15:44:48+00:00,2026-09-19T15:58:02+00:00,UAE,Camel Plushie,0,1055,restock,Prometheus,1789833482
2026-09-19T15:57:29+00:00,2026-09-19T16:17:47+00:00,South Africa,Raw Ivory,330,0,stockout,YATA,1789834667
2026-09-19T15:58:01+00:00,2026-09-19T16:17:38+00:00,Japan,Xanax,0,929,restock,Prometheus,1789834658
2026-09-19T15:58:00+00:00,2026-09-19T16:17:48+00:00,Canada,Xanax,0,1049,restock,Prometheus,1789834668
2026-09-19T15:58:04+00:00,2026-09-19T16:17:39+00:00,United Kingdom,Xanax,0,1975,restock,Prometheus,1789834659
2026-09-19T15:58:02+00:00,2026-09-19T16:17:55+00:00,UAE,Camel Plushie,1055,0,stockout,Prometheus,1789834675
2026-09-19T15:58:04+00:00,2026-09-19T16:17:46+00:00,China,Pangolin Scales,1868,0,stockout,Prometheus,1789834666
2026-09-19T16:17:47+00:00,2026-09-19T16:33:13+00:00,South Africa,Lion Plushie,546,0,stockout,Prometheus,1789835593
2026-09-19T16:17:38+00:00,2026-09-19T16:33:17+00:00,Japan,Xanax,929,0,stockout,Prometheus,1789835597
2026-09-19T16:17:48+00:00,2026-09-19T16:33:09+00:00,Canada,Xanax,1049,0,stockout,Prometheus,1789835589
2026-09-19T16:17:55+00:00,2026-09-19T16:33:11+00:00,UAE,Tribulus Omanense,269,0,stockout,Prometheus,1789835591
2026-09-19T16:17:55+00:00,2026-09-19T16:33:11+00:00,UAE,Camel Plushie,0,1970,restock,Prometheus,1789835591
2026-09-19T16:17:46+00:00,2026-09-19T16:33:14+00:00,China,Panda Plushie,250,0,stockout,Prometheus,1789835594
2026-09-19T16:33:13+00:00,2026-09-19T16:46:09+00:00,South Africa,Lion Plushie,0,1702,restock,YATA,1789836369
2026-09-19T16:33:14+00:00,2026-09-19T16:46:08+00:00,China,Panda Plushie,0,2024,restock,Prometheus,1789836368
2026-09-19T16:33:14+00:00,2026-09-19T16:46:08+00:00,China,Pangolin Scales,0,4598,restock,Prometheus,1789836368
2026-09-19T16:46:09+00:00,2026-09-19T16:58:12+00:00,South Africa,African Violet,0,9854,restock,Prometheus,1789837092
2026-09-19T16:45:46+00:00,2026-09-19T16:57:20+00:00,UAE,Camel Plushie,847,0,stockout,Prometheus,1789837040
2026-09-19T16:58:12+00:00,2026-09-19T17:16:23+00:00,South Africa,Lion Plushie,904,0,stockout,Prometheus,1789838183
2026-09-19T16:57:20+00:00,2026-09-19T17:15:51+00:00,UAE,Camel Plushie,0,1813,restock,YATA,1789838151
2026-09-19T17:16:23+00:00,2026-09-19T17:30:01+00:00,South Africa,Lion Plushie,0,2038,restock,Prometheus,1789839001
2026-09-19T17:15:51+00:00,2026-09-19T17:29:21+00:00,UAE,Tribulus Omanense,0,9937,restock,Prometheus,1789838961
2026-09-19T17:16:15+00:00,2026-09-19T17:29:55+00:00,Switzerland,Neumune Tablet,0,3,restock,Prometheus,1789838995
2026-09-19T17:16:17+00:00,2026-09-19T17:29:58+00:00,China,Panda Plushie,300,0,stockout,YATA,1789838998
2026-09-19T17:29:21+00:00,2026-09-19T17:42:47+00:00,UAE,Camel Plushie,268,0,stockout,YATA,1789839767
2026-09-19T17:29:55+00:00,2026-09-19T17:43:25+00:00,Switzerland,Neumune Tablet,3,0,stockout,Prometheus,1789839805
2026-09-19T17:29:58+00:00,2026-09-19T17:43:26+00:00,China,Panda Plushie,0,1840,restock,Prometheus,1789839806
2026-09-19T17:29:58+00:00,2026-09-19T17:43:26+00:00,China,Pangolin Scales,503,0,stockout,Prometheus,1789839806
2026-09-19T17:43:16+00:00,2026-09-19T17:55:13+00:00,United Kingdom,Xanax,26,0,stockout,Prometheus,1789840513
2026-09-19T17:42:47+00:00,2026-09-19T17:55:06+00:00,UAE,Camel Plushie,0,2092,restock,Prometheus,1789840506
2026-09-19T17:54:31+00:00,2026-09-19T18:17:10+00:00,China,Panda Plushie,1199,0,stockout,Prometheus,1789841830
2026-09-19T17:54:31+00:00,2026-09-19T18:17:10+00:00,China,Pangolin Scales,0,4043,restock,Prometheus,1789841830
2026-09-19T18:16:57+00:00,2026-09-19T18:34:05+00:00,South Africa,Smoke Grenade,219,0,stockout,YATA,1789842845
2026-09-19T18:16:46+00:00,2026-09-19T18:34:14+00:00,Japan,Xanax,0,733,restock,Prometheus,1789842854
2026-09-19T18:17:17+00:00,2026-09-19T18:34:08+00:00,Canada,Xanax,0,654,restock,Prometheus,1789842848
2026-09-19T18:17:15+00:00,2026-09-19T18:33:17+00:00,UAE,Camel Plushie,426,0,stockout,Prometheus,1789842797
2026-09-19T18:17:10+00:00,2026-09-19T18:34:06+00:00,China,Panda Plushie,0,1930,restock,Prometheus,1789842846
2026-09-19T18:34:14+00:00,2026-09-19T18:48:14+00:00,Japan,Xanax,733,0,stockout,Prometheus,1789843694
2026-09-19T18:34:08+00:00,2026-09-19T18:48:46+00:00,Canada,Xanax,654,0,stockout,Prometheus,1789843726
2026-09-19T18:33:17+00:00,2026-09-19T18:48:26+00:00,UAE,Camel Plushie,0,1286,restock,YATA,1789843706
2026-09-19T18:48:57+00:00,2026-09-19T19:02:37+00:00,South Africa,Lion Plushie,97,0,stockout,Prometheus,1789844557
2026-09-19T19:02:37+00:00,2026-09-19T19:17:27+00:00,South Africa,Raw Ivory,0,2312,restock,Prometheus,1789845447
2026-09-19T19:02:37+00:00,2026-09-19T19:17:27+00:00,South Africa,Lion Plushie,0,1836,restock,Prometheus,1789845447
2026-09-19T19:02:32+00:00,2026-09-19T19:17:40+00:00,UAE,Camel Plushie,469,0,stockout,Prometheus,1789845460
2026-09-19T19:02:24+00:00,2026-09-19T19:17:52+00:00,China,Panda Plushie,390,0,stockout,Prometheus,1789845472
2026-09-19T19:02:24+00:00,2026-09-19T19:17:52+00:00,China,Pangolin Scales,709,0,stockout,Prometheus,1789845472
2026-09-19T19:17:40+00:00,2026-09-19T19:30:23+00:00,UAE,Camel Plushie,0,1943,restock,Prometheus,1789846223
2026-09-19T19:17:52+00:00,2026-09-19T19:30:27+00:00,China,Panda Plushie,0,2143,restock,YATA,1789846227
2026-09-19T19:30:05+00:00,2026-09-19T19:43:18+00:00,South Africa,Smoke Grenade,0,2443,restock,Prometheus,1789846998
2026-09-19T19:30:31+00:00,2026-09-19T19:42:51+00:00,United Kingdom,Xanax,0,2488,restock,YATA,1789846971
2026-09-19T19:30:27+00:00,2026-09-19T19:43:03+00:00,China,Pangolin Scales,0,4638,restock,YATA,1789846983
2026-09-19T19:43:18+00:00,2026-09-19T19:53:57+00:00,South Africa,Lion Plushie,365,0,stockout,YATA,1789847637
2026-09-19T19:53:57+00:00,2026-09-19T20:15:12+00:00,South Africa,Lion Plushie,0,2139,restock,Prometheus,1789848912
2026-09-19T19:54:33+00:00,2026-09-19T20:15:04+00:00,UAE,Camel Plushie,450,0,stockout,Prometheus,1789848904
2026-09-19T19:54:17+00:00,2026-09-19T20:15:24+00:00,China,Panda Plushie,603,0,stockout,Prometheus,1789848924
2026-09-19T20:15:12+00:00,2026-09-19T20:32:20+00:00,South Africa,Raw Ivory,177,0,stockout,Prometheus,1789849940
2026-09-19T20:15:04+00:00,2026-09-19T20:32:21+00:00,UAE,Camel Plushie,0,1636,restock,YATA,1789849941
2026-09-19T20:15:24+00:00,2026-09-19T20:32:07+00:00,China,Panda Plushie,0,2214,restock,Prometheus,1789849927
2026-09-19T20:32:24+00:00,2026-09-19T20:44:49+00:00,Canada,Xanax,0,2258,restock,Prometheus,1789850689
2026-09-19T20:44:28+00:00,2026-09-19T20:57:16+00:00,South Africa,Lion Plushie,280,0,stockout,Prometheus,1789851436
2026-09-19T20:44:51+00:00,2026-09-19T20:57:29+00:00,Japan,Xanax,0,927,restock,Prometheus,1789851449
2026-09-19T20:44:38+00:00,2026-09-19T20:57:09+00:00,China,Pangolin Scales,217,0,stockout,YATA,1789851429
2026-09-19T20:57:16+00:00,2026-09-19T21:16:53+00:00,South Africa,Lion Plushie,0,1774,restock,YATA,1789852613
2026-09-19T20:57:29+00:00,2026-09-19T21:16:32+00:00,Japan,Xanax,927,0,stockout,Prometheus,1789852592
2026-09-19T20:57:29+00:00,2026-09-19T21:16:51+00:00,Canada,Xanax,1054,0,stockout,Prometheus,1789852611
2026-09-19T20:56:50+00:00,2026-09-19T21:16:52+00:00,UAE,Camel Plushie,352,0,stockout,Prometheus,1789852612
2026-09-19T20:57:09+00:00,2026-09-19T21:16:44+00:00,China,Panda Plushie,1000,0,stockout,Prometheus,1789852604
2026-09-19T21:16:52+00:00,2026-09-19T21:31:19+00:00,UAE,Camel Plushie,0,1530,restock,Prometheus,1789853479
2026-09-19T21:15:28+00:00,2026-09-19T21:31:15+00:00,Switzerland,Neumune Tablet,0,3,restock,Prometheus,1789853475
2026-09-19T21:16:44+00:00,2026-09-19T21:31:17+00:00,China,Panda Plushie,0,2408,restock,YATA,1789853477
2026-09-19T21:16:44+00:00,2026-09-19T21:31:17+00:00,China,Pangolin Scales,0,3867,restock,YATA,1789853477
2026-09-19T21:31:15+00:00,2026-09-19T21:44:00+00:00,Switzerland,Neumune Tablet,3,0,stockout,Prometheus,1789854240
2026-09-19T21:43:27+00:00,2026-09-19T21:56:12+00:00,South Africa,Lion Plushie,150,0,stockout,Prometheus,1789854972
2026-09-19T21:56:12+00:00,2026-09-19T22:16:03+00:00,South Africa,Lion Plushie,0,1548,restock,Prometheus,1789856163
2026-09-19T22:30:39+00:00,2026-09-19T22:43:37+00:00,South Africa,Lion Plushie,307,0,stockout,Prometheus,1789857817
2026-09-19T22:30:36+00:00,2026-09-19T22:43:40+00:00,China,Panda Plushie,85,0,stockout,Prometheus,1789857820
2026-09-19T22:30:36+00:00,2026-09-19T22:43:40+00:00,China,Pangolin Scales,179,0,stockout,Prometheus,1789857820
2026-09-19T22:43:37+00:00,2026-09-19T22:55:56+00:00,South Africa,Lion Plushie,0,2045,restock,Prometheus,1789858556
2026-09-19T22:43:40+00:00,2026-09-19T22:56:04+00:00,China,Panda Plushie,0,2037,restock,Prometheus,1789858564
2026-09-19T22:55:47+00:00,2026-09-19T23:14:20+00:00,Japan,Xanax,0,1950,restock,Prometheus,1789859660
2026-09-19T22:56:04+00:00,2026-09-19T23:13:46+00:00,China,Pangolin Scales,0,3887,restock,YATA,1789859626
2026-09-19T23:14:41+00:00,2026-09-19T23:28:54+00:00,Canada,Xanax,0,1587,restock,Prometheus,1789860534
2026-09-19T23:14:02+00:00,2026-09-19T23:29:01+00:00,United Kingdom,Xanax,91,0,stockout,Prometheus,1789860541
2026-09-19T23:28:51+00:00,2026-09-19T23:42:56+00:00,South Africa,Raw Ivory,0,2258,restock,Prometheus,1789861376
2026-09-19T23:28:51+00:00,2026-09-19T23:42:56+00:00,South Africa,Smoke Grenade,123,0,stockout,Prometheus,1789861376
2026-09-19T23:28:51+00:00,2026-09-19T23:42:56+00:00,South Africa,Lion Plushie,94,0,stockout,Prometheus,1789861376
2026-09-19T23:28:51+00:00,2026-09-19T23:42:56+00:00,South Africa,African Violet,631,0,stockout,Prometheus,1789861376
2026-09-19T23:42:56+00:00,2026-09-19T23:54:19+00:00,South Africa,Xanax,12,0,stockout,Prometheus,1789862059
2026-09-19T23:42:56+00:00,2026-09-19T23:54:19+00:00,South Africa,Lion Plushie,0,1786,restock,Prometheus,1789862059
2026-09-19T23:42:16+00:00,2026-09-19T23:55:29+00:00,Japan,Xanax,128,0,stockout,Prometheus,1789862129
2026-09-19T23:42:30+00:00,2026-09-19T23:54:13+00:00,UAE,Camel Plushie,793,0,stockout,YATA,1789862053
2026-09-19T23:42:40+00:00,2026-09-19T23:55:11+00:00,China,Panda Plushie,97,0,stockout,Prometheus,1789862111
2026-09-19T23:54:19+00:00,2026-09-20T00:23:01+00:00,South Africa,Lion Plushie,1786,0,stockout,Prometheus,1789863781
2026-09-19T23:54:13+00:00,2026-09-20T00:19:58+00:00,UAE,Tribulus Omanense,540,0,stockout,Prometheus,1789863598
2026-09-19T23:54:13+00:00,2026-09-20T00:19:58+00:00,UAE,Camel Plushie,0,1426,restock,Prometheus,1789863598
2026-09-19T23:55:11+00:00,2026-09-20T00:23:11+00:00,China,Panda Plushie,0,1547,restock,Prometheus,1789863791
2026-09-20T00:23:01+00:00,2026-09-20T00:43:53+00:00,South Africa,Raw Ivory,974,0,stockout,YATA,1789865033
2026-09-20T00:23:01+00:00,2026-09-20T00:43:53+00:00,South Africa,Lion Plushie,0,2172,restock,YATA,1789865033
2026-09-20T00:23:01+00:00,2026-09-20T00:43:53+00:00,South Africa,African Violet,0,9971,restock,YATA,1789865033
2026-09-20T00:22:09+00:00,2026-09-20T00:43:47+00:00,Canada,Xanax,40,0,stockout,Prometheus,1789865027
2026-09-20T00:19:58+00:00,2026-09-20T00:44:12+00:00,UAE,Camel Plushie,1426,0,stockout,YATA,1789865052
2026-09-20T00:23:11+00:00,2026-09-20T00:44:09+00:00,China,Pangolin Scales,577,0,stockout,Prometheus,1789865049
2026-09-20T00:43:53+00:00,2026-09-20T00:58:27+00:00,South Africa,Smoke Grenade,0,2308,restock,YATA,1789865907
2026-09-20T00:44:12+00:00,2026-09-20T00:58:48+00:00,UAE,Camel Plushie,0,2346,restock,YATA,1789865928
2026-09-20T00:58:48+00:00,2026-09-20T01:16:41+00:00,UAE,Tribulus Omanense,0,9962,restock,Prometheus,1789867001
2026-09-20T00:58:52+00:00,2026-09-20T01:16:05+00:00,China,Panda Plushie,48,0,stockout,Prometheus,1789866965
2026-09-20T00:58:52+00:00,2026-09-20T01:16:05+00:00,China,Pangolin Scales,0,3232,restock,Prometheus,1789866965
2026-09-20T01:16:35+00:00,2026-09-20T01:31:08+00:00,South Africa,Lion Plushie,589,0,stockout,Prometheus,1789867868
2026-09-20T01:17:20+00:00,2026-09-20T01:32:26+00:00,United Kingdom,Xanax,0,2418,restock,Prometheus,1789867946
2026-09-20T01:16:05+00:00,2026-09-20T01:32:35+00:00,China,Panda Plushie,0,1864,restock,YATA,1789867955
2026-09-20T01:31:08+00:00,2026-09-20T01:46:44+00:00,South Africa,Lion Plushie,0,2157,restock,Prometheus,1789868804
2026-09-20T01:32:37+00:00,2026-09-20T01:46:47+00:00,Japan,Xanax,0,1662,restock,Prometheus,1789868807
2026-09-20T01:32:11+00:00,2026-09-20T01:46:16+00:00,UAE,Camel Plushie,464,0,stockout,Prometheus,1789868776
2026-09-20T01:46:44+00:00,2026-09-20T01:59:13+00:00,South Africa,Xanax,0,2499,restock,Prometheus,1789869553
2026-09-20T01:46:16+00:00,2026-09-20T01:58:26+00:00,UAE,Camel Plushie,0,2151,restock,Prometheus,1789869506
2026-09-20T01:59:20+00:00,2026-09-20T02:19:26+00:00,Canada,Xanax,0,2404,restock,Prometheus,1789870766
2026-09-20T01:59:17+00:00,2026-09-20T02:18:01+00:00,China,Pangolin Scales,719,0,stockout,YATA,1789870681
2026-09-20T02:19:33+00:00,2026-09-20T02:35:30+00:00,South Africa,Lion Plushie,87,0,stockout,Prometheus,1789871730
2026-09-20T02:19:18+00:00,2026-09-20T02:35:31+00:00,Japan,Xanax,176,0,stockout,YATA,1789871731
2026-09-20T02:18:01+00:00,2026-09-20T02:35:41+00:00,China,Panda Plushie,373,0,stockout,Prometheus,1789871741
2026-09-20T02:35:30+00:00,2026-09-20T02:49:52+00:00,South Africa,Lion Plushie,0,1831,restock,Prometheus,1789872592
2026-09-20T02:35:38+00:00,2026-09-20T02:49:50+00:00,UAE,Camel Plushie,123,0,stockout,Prometheus,1789872590
2026-09-20T02:35:41+00:00,2026-09-20T02:50:10+00:00,China,Panda Plushie,0,2098,restock,YATA,1789872610
2026-09-20T02:35:41+00:00,2026-09-20T02:50:10+00:00,China,Pangolin Scales,0,4360,restock,YATA,1789872610
2026-09-20T02:49:50+00:00,2026-09-20T03:05:09+00:00,UAE,Camel Plushie,0,1762,restock,YATA,1789873509
2026-09-20T03:05:19+00:00,2026-09-20T03:23:13+00:00,Canada,Xanax,389,0,stockout,Prometheus,1789874593
2026-09-20T03:23:46+00:00,2026-09-20T03:41:10+00:00,UAE,Camel Plushie,870,0,stockout,YATA,1789875670
2026-09-20T03:23:51+00:00,2026-09-20T03:40:29+00:00,China,Panda Plushie,497,0,stockout,YATA,1789875629
2026-09-20T03:23:54+00:00,2026-09-20T03:41:05+00:00,South Africa,Raw Ivory,0,2500,restock,Prometheus,1789875665
2026-09-20T03:40:29+00:00,2026-09-20T03:54:44+00:00,China,Panda Plushie,0,2216,restock,Prometheus,1789876484
2026-09-20T03:54:28+00:00,2026-09-20T04:14:24+00:00,UAE,Camel Plushie,0,1180,restock,Prometheus,1789877664
2026-09-20T03:54:44+00:00,2026-09-20T04:14:23+00:00,China,Pangolin Scales,399,0,stockout,Prometheus,1789877663
2026-09-20T04:14:38+00:00,2026-09-20T04:32:32+00:00,South Africa,Lion Plushie,416,0,stockout,Prometheus,1789878752
2026-09-20T04:14:42+00:00,2026-09-20T04:32:33+00:00,Japan,Xanax,0,932,restock,Prometheus,1789878753
2026-09-20T04:14:23+00:00,2026-09-20T04:32:35+00:00,China,Pangolin Scales,0,4637,restock,Prometheus,1789878755
2026-09-20T04:32:32+00:00,2026-09-20T04:47:21+00:00,South Africa,Lion Plushie,0,2020,restock,YATA,1789879641
2026-09-20T04:31:06+00:00,2026-09-20T04:47:24+00:00,UAE,Camel Plushie,336,0,stockout,Prometheus,1789879644
2026-09-20T04:32:35+00:00,2026-09-20T04:46:06+00:00,China,Panda Plushie,99,0,stockout,Prometheus,1789879566
2026-09-20T04:47:21+00:00,2026-09-20T04:59:37+00:00,South Africa,Raw Ivory,277,0,stockout,Prometheus,1789880377
2026-09-20T04:47:21+00:00,2026-09-20T04:59:37+00:00,South Africa,Smoke Grenade,5,0,stockout,Prometheus,1789880377
2026-09-20T04:47:22+00:00,2026-09-20T04:58:45+00:00,Japan,Xanax,169,0,stockout,Prometheus,1789880325
2026-09-20T04:47:24+00:00,2026-09-20T04:59:23+00:00,UAE,Camel Plushie,0,2256,restock,Prometheus,1789880363
2026-09-20T04:46:06+00:00,2026-09-20T04:59:34+00:00,China,Panda Plushie,0,2144,restock,Prometheus,1789880374
2026-09-20T04:59:37+00:00,2026-09-20T05:18:35+00:00,South Africa,Lion Plushie,1232,0,stockout,Prometheus,1789881515
2026-09-20T04:59:36+00:00,2026-09-20T05:18:18+00:00,Canada,Xanax,0,2344,restock,Prometheus,1789881498
2026-09-20T05:18:35+00:00,2026-09-20T05:33:51+00:00,South Africa,Lion Plushie,0,1859,restock,Prometheus,1789882431
2026-09-20T05:33:56+00:00,2026-09-20T05:47:16+00:00,UAE,Camel Plushie,87,0,stockout,YATA,1789883236
2026-09-20T05:47:30+00:00,2026-09-20T06:00:01+00:00,South Africa,Smoke Grenade,0,2267,restock,Prometheus,1789884001
2026-09-20T05:47:16+00:00,2026-09-20T05:59:50+00:00,UAE,Camel Plushie,0,1799,restock,Prometheus,1789883990
2026-09-20T05:46:51+00:00,2026-09-20T05:59:59+00:00,China,Panda Plushie,177,0,stockout,Prometheus,1789883999
2026-09-20T05:46:51+00:00,2026-09-20T05:59:59+00:00,China,Pangolin Scales,34,0,stockout,Prometheus,1789883999
2026-09-20T05:59:24+00:00,2026-09-20T06:22:48+00:00,United Kingdom,Xanax,110,0,stockout,Prometheus,1789885368
2026-09-20T05:59:59+00:00,2026-09-20T06:23:40+00:00,China,Panda Plushie,0,1867,restock,Prometheus,1789885420
2026-09-20T05:59:59+00:00,2026-09-20T06:23:40+00:00,China,Pangolin Scales,0,3975,restock,Prometheus,1789885420
2026-09-20T05:59:31+00:00,2026-09-20T06:24:03+00:00,Canada,Xanax,397,0,stockout,Prometheus,1789885443
2026-09-20T06:23:42+00:00,2026-09-20T06:43:04+00:00,UAE,Camel Plushie,732,0,stockout,Prometheus,1789886584
2026-09-20T06:43:51+00:00,2026-09-20T06:57:44+00:00,South Africa,Lion Plushie,283,0,stockout,Prometheus,1789887464
2026-09-20T06:43:48+00:00,2026-09-20T06:57:39+00:00,Japan,Xanax,0,844,restock,Prometheus,1789887459
2026-09-20T06:43:04+00:00,2026-09-20T06:57:51+00:00,UAE,Camel Plushie,0,2075,restock,YATA,1789887471
2026-09-20T06:57:44+00:00,2026-09-20T07:17:03+00:00,South Africa,Lion Plushie,0,1282,restock,Prometheus,1789888623
2026-09-20T06:57:39+00:00,2026-09-20T07:17:08+00:00,Japan,Xanax,844,0,stockout,Prometheus,1789888628
2026-09-20T06:57:55+00:00,2026-09-20T07:16:50+00:00,China,Panda Plushie,735,0,stockout,Prometheus,1789888610
2026-09-20T07:16:50+00:00,2026-09-20T07:31:42+00:00,China,Panda Plushie,0,2343,restock,YATA,1789889502
2026-09-20T07:16:50+00:00,2026-09-20T07:31:42+00:00,China,Pangolin Scales,673,0,stockout,YATA,1789889502
2026-09-20T07:32:27+00:00,2026-09-20T07:45:43+00:00,South Africa,Lion Plushie,243,0,stockout,Prometheus,1789890343
2026-09-20T07:32:25+00:00,2026-09-20T07:44:49+00:00,UAE,Camel Plushie,58,0,stockout,YATA,1789890289
2026-09-20T07:45:43+00:00,2026-09-20T07:58:12+00:00,South Africa,Raw Ivory,0,2449,restock,Prometheus,1789891092
2026-09-20T07:45:43+00:00,2026-09-20T07:58:12+00:00,South Africa,Lion Plushie,0,1704,restock,Prometheus,1789891092
2026-09-20T07:32:27+00:00,2026-09-20T07:45:43+00:00,South Africa,African Violet,661,0,stockout,Prometheus,1789890343
2026-09-20T07:44:49+00:00,2026-09-20T07:58:11+00:00,UAE,Camel Plushie,0,1886,restock,YATA,1789891091
2026-09-20T07:57:39+00:00,2026-09-20T08:18:51+00:00,United Kingdom,Xanax,0,2321,restock,Prometheus,1789892331
2026-09-20T07:58:16+00:00,2026-09-20T08:18:49+00:00,China,Panda Plushie,1002,0,stockout,Prometheus,1789892329
2026-09-20T07:58:16+00:00,2026-09-20T08:18:49+00:00,China,Pangolin Scales,0,2967,restock,Prometheus,1789892329
2026-09-20T08:18:41+00:00,2026-09-20T08:35:01+00:00,South Africa,Lion Plushie,767,0,stockout,Prometheus,1789893301
2026-09-20T08:18:35+00:00,2026-09-20T08:35:11+00:00,Canada,Xanax,0,1851,restock,Prometheus,1789893311
2026-09-20T08:18:19+00:00,2026-09-20T08:35:07+00:00,UAE,Tribulus Omanense,52,0,stockout,Prometheus,1789893307
2026-09-20T08:18:19+00:00,2026-09-20T08:35:07+00:00,UAE,Camel Plushie,528,0,stockout,Prometheus,1789893307
2026-09-20T08:18:49+00:00,2026-09-20T08:35:07+00:00,China,Panda Plushie,0,2459,restock,Prometheus,1789893307
2026-09-20T08:35:01+00:00,2026-09-20T08:49:22+00:00,South Africa,Smoke Grenade,17,0,stockout,YATA,1789894162
2026-09-20T08:35:01+00:00,2026-09-20T08:49:22+00:00,South Africa,Lion Plushie,0,1997,restock,YATA,1789894162
2026-09-20T08:35:01+00:00,2026-09-20T08:49:22+00:00,South Africa,African Violet,0,9920,restock,YATA,1789894162
2026-09-20T08:35:07+00:00,2026-09-20T08:49:08+00:00,UAE,Camel Plushie,0,1772,restock,YATA,1789894148
2026-09-20T08:49:22+00:00,2026-09-20T09:03:11+00:00,South Africa,Raw Ivory,24,0,stockout,Prometheus,1789894991
2026-09-20T08:49:32+00:00,2026-09-20T09:02:48+00:00,China,Pangolin Scales,292,0,stockout,Prometheus,1789894968
2026-09-20T09:03:11+00:00,2026-09-20T09:20:57+00:00,South Africa,Lion Plushie,497,0,stockout,Prometheus,1789896057
2026-09-20T09:03:28+00:00,2026-09-20T09:20:53+00:00,Japan,Xanax,0,1580,restock,Prometheus,1789896053
2026-09-20T09:03:27+00:00,2026-09-20T09:20:48+00:00,UAE,Camel Plushie,490,0,stockout,Prometheus,1789896048
2026-09-20T09:02:48+00:00,2026-09-20T09:20:59+00:00,China,Panda Plushie,902,0,stockout,Prometheus,1789896059
2026-09-20T09:20:57+00:00,2026-09-20T09:36:16+00:00,South Africa,Lion Plushie,0,1382,restock,Prometheus,1789896976
2026-09-20T09:20:53+00:00,2026-09-20T09:36:25+00:00,Japan,Xanax,1580,0,stockout,Prometheus,1789896985
2026-09-20T09:20:48+00:00,2026-09-20T09:35:56+00:00,UAE,Tribulus Omanense,0,9536,restock,Prometheus,1789896956
2026-09-20T09:20:48+00:00,2026-09-20T09:35:56+00:00,UAE,Camel Plushie,0,1439,restock,Prometheus,1789896956
2026-09-20T09:20:59+00:00,2026-09-20T09:36:35+00:00,China,Panda Plushie,0,2368,restock,Prometheus,1789896995
2026-09-20T09:20:59+00:00,2026-09-20T09:36:35+00:00,China,Pangolin Scales,0,3035,restock,Prometheus,1789896995
2026-09-20T09:36:16+00:00,2026-09-20T09:49:47+00:00,South Africa,Smoke Grenade,0,2436,restock,YATA,1789897787
2026-09-20T09:36:37+00:00,2026-09-20T09:49:41+00:00,Canada,Xanax,284,0,stockout,YATA,1789897781
2026-09-20T09:49:47+00:00,2026-09-20T10:04:35+00:00,South Africa,Lion Plushie,200,0,stockout,YATA,1789898675
2026-09-20T09:49:34+00:00,2026-09-20T10:04:35+00:00,UAE,Camel Plushie,762,0,stockout,YATA,1789898675
2026-09-20T10:04:35+00:00,2026-09-20T10:21:46+00:00,South Africa,Lion Plushie,0,926,restock,YATA,1789899706
2026-09-20T10:04:19+00:00,2026-09-20T10:21:53+00:00,China,Panda Plushie,697,0,stockout,Prometheus,1789899713
2026-09-20T10:04:19+00:00,2026-09-20T10:21:53+00:00,China,Pangolin Scales,279,0,stockout,Prometheus,1789899713
2026-09-20T10:21:46+00:00,2026-09-20T10:37:44+00:00,South Africa,Lion Plushie,926,0,stockout,Prometheus,1789900664
2026-09-20T10:04:35+00:00,2026-09-20T10:21:50+00:00,UAE,Camel Plushie,0,2278,restock,Prometheus,1789899710
2026-09-20T10:21:53+00:00,2026-09-20T10:37:48+00:00,China,Panda Plushie,0,1836,restock,Prometheus,1789900668
2026-09-20T10:37:48+00:00,2026-09-20T10:50:47+00:00,China,Pangolin Scales,0,3129,restock,Prometheus,1789901447
2026-09-20T10:37:44+00:00,2026-09-20T10:50:41+00:00,South Africa,Lion Plushie,0,2474,restock,Prometheus,1789901441
2026-09-20T10:50:40+00:00,2026-09-20T11:05:45+00:00,United Kingdom,Xanax,51,0,stockout,YATA,1789902345
2026-09-20T10:50:02+00:00,2026-09-20T11:05:31+00:00,UAE,Camel Plushie,29,0,stockout,Prometheus,1789902331
2026-09-20T10:50:47+00:00,2026-09-20T11:05:48+00:00,China,Panda Plushie,935,0,stockout,Prometheus,1789902348
2026-09-20T11:05:31+00:00,2026-09-20T11:22:19+00:00,UAE,Camel Plushie,0,1035,restock,Prometheus,1789903339
2026-09-20T11:05:48+00:00,2026-09-20T11:22:13+00:00,China,Panda Plushie,0,2190,restock,Prometheus,1789903333
2026-09-20T11:22:07+00:00,2026-09-20T11:37:15+00:00,South Africa,Lion Plushie,8,0,stockout,Prometheus,1789904235
2026-09-20T11:05:56+00:00,2026-09-20T11:22:28+00:00,Japan,Xanax,0,2403,restock,Prometheus,1789903348
2026-09-20T11:22:13+00:00,2026-09-20T11:37:41+00:00,China,Pangolin Scales,14,0,stockout,Prometheus,1789904261
2026-09-20T11:37:15+00:00,2026-09-20T11:49:55+00:00,South Africa,Raw Ivory,0,2280,restock,Prometheus,1789904995
2026-09-20T11:37:15+00:00,2026-09-20T11:49:55+00:00,South Africa,Lion Plushie,0,1548,restock,Prometheus,1789904995
2026-09-20T11:37:42+00:00,2026-09-20T11:49:44+00:00,Japan,Xanax,18,0,stockout,Prometheus,1789904984
2026-09-20T11:37:27+00:00,2026-09-20T11:49:44+00:00,Canada,Xanax,0,2143,restock,YATA,1789904984
2026-09-20T11:22:19+00:00,2026-09-20T11:37:36+00:00,UAE,Camel Plushie,1035,0,stockout,Prometheus,1789904256
2026-09-20T11:37:41+00:00,2026-09-20T11:50:05+00:00,China,Panda Plushie,505,0,stockout,Prometheus,1789905005
2026-09-20T11:50:04+00:00,2026-09-20T12:05:53+00:00,UAE,Camel Plushie,0,973,restock,YATA,1789905953
2026-09-20T11:50:05+00:00,2026-09-20T12:05:36+00:00,China,Panda Plushie,0,2059,restock,YATA,1789905936
2026-09-20T11:50:05+00:00,2026-09-20T12:05:36+00:00,China,Pangolin Scales,0,3635,restock,YATA,1789905936
2026-09-20T12:05:28+00:00,2026-09-20T12:28:21+00:00,South Africa,Lion Plushie,655,0,stockout,Prometheus,1789907301
2026-09-20T12:05:53+00:00,2026-09-20T12:28:12+00:00,UAE,Camel Plushie,973,0,stockout,YATA,1789907292
2026-09-20T12:28:21+00:00,2026-09-20T12:47:05+00:00,South Africa,Lion Plushie,0,1715,restock,Prometheus,1789908425
2026-09-20T12:28:12+00:00,2026-09-20T12:46:05+00:00,UAE,Camel Plushie,0,1878,restock,Prometheus,1789908365
2026-09-20T12:28:11+00:00,2026-09-20T12:47:05+00:00,China,Panda Plushie,711,0,stockout,YATA,1789908425
2026-09-20T12:28:11+00:00,2026-09-20T12:47:05+00:00,China,Pangolin Scales,1394,0,stockout,YATA,1789908425
2026-09-20T12:47:05+00:00,2026-09-20T12:58:53+00:00,South Africa,Raw Ivory,49,0,stockout,Prometheus,1789909133
2026-09-20T12:47:05+00:00,2026-09-20T12:58:53+00:00,South Africa,Smoke Grenade,149,0,stockout,Prometheus,1789909133
2026-09-20T12:47:09+00:00,2026-09-20T12:58:58+00:00,United Kingdom,Xanax,0,2380,restock,Prometheus,1789909138
2026-09-20T12:47:05+00:00,2026-09-20T12:59:17+00:00,China,Panda Plushie,0,2336,restock,Prometheus,1789909157
2026-09-20T12:58:53+00:00,2026-09-20T13:18:36+00:00,South Africa,Lion Plushie,652,0,stockout,Prometheus,1789910316
2026-09-20T12:59:18+00:00,2026-09-20T13:18:33+00:00,Canada,Xanax,22,0,stockout,YATA,1789910313
2026-09-20T12:59:16+00:00,2026-09-20T13:18:40+00:00,UAE,Camel Plushie,874,0,stockout,Prometheus,1789910320
2026-09-20T12:59:17+00:00,2026-09-20T13:18:44+00:00,China,Pangolin Scales,0,4140,restock,Prometheus,1789910324
2026-09-20T13:18:36+00:00,2026-09-20T13:32:56+00:00,South Africa,Lion Plushie,0,1264,restock,Prometheus,1789911176
2026-09-20T13:18:39+00:00,2026-09-20T13:33:25+00:00,Japan,Xanax,0,2207,restock,YATA,1789911205
2026-09-20T13:18:40+00:00,2026-09-20T13:33:12+00:00,UAE,Camel Plushie,0,2052,restock,YATA,1789911192
2026-09-20T13:18:49+00:00,2026-09-20T13:33:30+00:00,Switzerland,Neumune Tablet,0,2,restock,Prometheus,1789911210
2026-09-20T13:33:30+00:00,2026-09-20T13:46:29+00:00,Switzerland,Neumune Tablet,2,0,stockout,Prometheus,1789911989
2026-09-20T13:33:26+00:00,2026-09-20T13:46:31+00:00,China,Panda Plushie,482,0,stockout,Prometheus,1789911991
2026-09-20T13:46:27+00:00,2026-09-20T13:58:46+00:00,South Africa,Smoke Grenade,0,2445,restock,Prometheus,1789912726
2026-09-20T13:46:27+00:00,2026-09-20T13:58:46+00:00,South Africa,Lion Plushie,175,0,stockout,Prometheus,1789912726
2026-09-20T13:46:17+00:00,2026-09-20T13:58:42+00:00,Japan,Xanax,804,0,stockout,Prometheus,1789912722
2026-09-20T13:46:31+00:00,2026-09-20T13:58:45+00:00,China,Panda Plushie,0,2198,restock,YATA,1789912725
2026-09-20T13:58:46+00:00,2026-09-20T14:17:54+00:00,South Africa,Lion Plushie,0,780,restock,Prometheus,1789913874
2026-09-20T13:58:46+00:00,2026-09-20T14:17:54+00:00,South Africa,African Violet,420,0,stockout,Prometheus,1789913874
2026-09-20T13:57:30+00:00,2026-09-20T14:17:54+00:00,UAE,Tribulus Omanense,570,0,stockout,Prometheus,1789913874
2026-09-20T13:58:45+00:00,2026-09-20T14:17:50+00:00,China,Pangolin Scales,711,0,stockout,YATA,1789913870
2026-09-20T14:17:54+00:00,2026-09-20T14:32:49+00:00,South Africa,Lion Plushie,780,0,stockout,Prometheus,1789914769
2026-09-20T14:17:54+00:00,2026-09-20T14:32:34+00:00,United Kingdom,Xanax,55,0,stockout,Prometheus,1789914754
2026-09-20T14:17:50+00:00,2026-09-20T14:32:47+00:00,China,Panda Plushie,897,0,stockout,Prometheus,1789914767
2026-09-20T14:32:49+00:00,2026-09-20T14:46:02+00:00,South Africa,Lion Plushie,0,2233,restock,Prometheus,1789915562
2026-09-20T14:32:19+00:00,2026-09-20T14:46:19+00:00,UAE,Camel Plushie,574,0,stockout,YATA,1789915579
2026-09-20T14:32:47+00:00,2026-09-20T14:46:16+00:00,China,Pangolin Scales,0,3982,restock,Prometheus,1789915576
2026-09-20T14:46:00+00:00,2026-09-20T14:59:04+00:00,Canada,Xanax,0,2184,restock,Prometheus,1789916344
2026-09-20T14:46:19+00:00,2026-09-20T14:59:09+00:00,UAE,Camel Plushie,0,2042,restock,Prometheus,1789916349
2026-09-20T14:32:47+00:00,2026-09-20T14:46:16+00:00,China,Panda Plushie,0,2463,restock,Prometheus,1789915576
2026-09-20T14:59:05+00:00,2026-09-20T15:18:26+00:00,South Africa,Lion Plushie,1108,0,stockout,Prometheus,1789917506
2026-09-20T14:59:05+00:00,2026-09-20T15:18:26+00:00,South Africa,African Violet,0,9211,restock,Prometheus,1789917506
2026-09-20T14:59:09+00:00,2026-09-20T15:17:53+00:00,UAE,Tribulus Omanense,0,9580,restock,Prometheus,1789917473
2026-09-20T15:18:26+00:00,2026-09-20T15:33:41+00:00,South Africa,Raw Ivory,0,2484,restock,Prometheus,1789918421
2026-09-20T15:18:26+00:00,2026-09-20T15:33:41+00:00,South Africa,Lion Plushie,0,1484,restock,Prometheus,1789918421
2026-09-20T15:17:54+00:00,2026-09-20T15:33:44+00:00,China,Panda Plushie,367,0,stockout,Prometheus,1789918424
2026-09-20T15:17:54+00:00,2026-09-20T15:33:44+00:00,China,Pangolin Scales,721,0,stockout,Prometheus,1789918424
2026-09-20T15:33:44+00:00,2026-09-20T15:46:19+00:00,China,Panda Plushie,0,1967,restock,Prometheus,1789919179
2026-09-20T15:46:38+00:00,2026-09-20T15:59:18+00:00,South Africa,Lion Plushie,546,0,stockout,Prometheus,1789919958
2026-09-20T15:46:29+00:00,2026-09-20T15:59:24+00:00,Japan,Xanax,0,564,restock,Prometheus,1789919964
2026-09-20T15:45:43+00:00,2026-09-20T15:58:40+00:00,Canada,Xanax,2,0,stockout,Prometheus,1789919920
2026-09-20T15:46:19+00:00,2026-09-20T15:59:23+00:00,China,Pangolin Scales,0,4383,restock,Prometheus,1789919963
2026-09-20T15:59:18+00:00,2026-09-20T16:19:00+00:00,South Africa,Smoke Grenade,131,0,stockout,YATA,1789921140
2026-09-20T15:59:18+00:00,2026-09-20T16:19:00+00:00,South Africa,Lion Plushie,0,1933,restock,YATA,1789921140
2026-09-20T15:59:24+00:00,2026-09-20T16:19:28+00:00,Japan,Xanax,564,0,stockout,Prometheus,1789921168
2026-09-20T15:59:23+00:00,2026-09-20T16:19:20+00:00,China,Panda Plushie,1016,0,stockout,Prometheus,1789921160
2026-09-20T16:19:00+00:00,2026-09-20T16:35:25+00:00,South Africa,Raw Ivory,513,0,stockout,Prometheus,1789922125
2026-09-20T16:35:25+00:00,2026-09-20T16:49:02+00:00,South Africa,Lion Plushie,715,0,stockout,YATA,1789922942
2026-09-20T16:19:14+00:00,2026-09-20T16:35:14+00:00,United Kingdom,Xanax,0,1759,restock,Prometheus,1789922114
2026-09-20T16:35:06+00:00,2026-09-20T16:48:57+00:00,UAE,Camel Plushie,418,0,stockout,YATA,1789922937
2026-09-20T16:19:20+00:00,2026-09-20T16:35:06+00:00,China,Pangolin Scales,1520,0,stockout,Prometheus,1789922106
2026-09-20T16:49:02+00:00,2026-09-20T17:02:32+00:00,South Africa,Lion Plushie,0,2319,restock,Prometheus,1789923752
2026-09-20T16:48:57+00:00,2026-09-20T17:02:30+00:00,UAE,Camel Plushie,0,1527,restock,Prometheus,1789923750
2026-09-20T17:02:32+00:00,2026-09-20T17:19:28+00:00,South Africa,Smoke Grenade,0,2494,restock,Prometheus,1789924768
2026-09-20T16:48:56+00:00,2026-09-20T17:02:45+00:00,China,Panda Plushie,0,2288,restock,Prometheus,1789923765
2026-09-20T17:02:45+00:00,2026-09-20T17:19:12+00:00,China,Pangolin Scales,0,2417,restock,Prometheus,1789924752
2026-09-20T17:19:28+00:00,2026-09-20T17:33:19+00:00,South Africa,Lion Plushie,406,0,stockout,YATA,1789925599
2026-09-20T17:19:26+00:00,2026-09-20T17:33:51+00:00,UAE,Camel Plushie,92,0,stockout,Prometheus,1789925631
2026-09-20T17:33:19+00:00,2026-09-20T17:46:40+00:00,South Africa,Lion Plushie,0,2061,restock,Prometheus,1789926400
2026-09-20T17:33:52+00:00,2026-09-20T17:46:42+00:00,Canada,Xanax,0,2203,restock,YATA,1789926402
2026-09-20T17:33:50+00:00,2026-09-20T17:46:46+00:00,United Kingdom,Xanax,332,0,stockout,Prometheus,1789926406
2026-09-20T17:33:51+00:00,2026-09-20T17:46:48+00:00,UAE,Camel Plushie,0,1507,restock,Prometheus,1789926408
2026-09-20T17:33:19+00:00,2026-09-20T17:46:46+00:00,China,Panda Plushie,186,0,stockout,Prometheus,1789926406
2026-09-20T17:33:19+00:00,2026-09-20T17:46:46+00:00,China,Pangolin Scales,1072,0,stockout,Prometheus,1789926406
2026-09-20T17:46:38+00:00,2026-09-20T17:59:27+00:00,Japan,Xanax,0,2141,restock,Prometheus,1789927167
2026-09-20T17:46:46+00:00,2026-09-20T17:59:29+00:00,China,Panda Plushie,0,1396,restock,Prometheus,1789927169
2026-09-20T17:59:06+00:00,2026-09-20T18:20:43+00:00,South Africa,Lion Plushie,981,0,stockout,YATA,1789928443
2026-09-20T17:59:27+00:00,2026-09-20T18:20:40+00:00,Japan,Xanax,2141,0,stockout,Prometheus,1789928440
2026-09-20T17:59:29+00:00,2026-09-20T18:20:41+00:00,China,Panda Plushie,1396,0,stockout,Prometheus,1789928441
2026-09-20T17:59:29+00:00,2026-09-20T18:20:41+00:00,China,Pangolin Scales,0,4094,restock,Prometheus,1789928441
2026-09-20T18:20:43+00:00,2026-09-20T18:37:38+00:00,South Africa,Lion Plushie,0,1673,restock,Prometheus,1789929458
2026-09-20T18:20:41+00:00,2026-09-20T18:37:43+00:00,China,Panda Plushie,0,2167,restock,YATA,1789929463
2026-09-20T18:37:48+00:00,2026-09-20T18:50:31+00:00,UAE,Camel Plushie,942,0,stockout,Prometheus,1789930231
2026-09-20T18:51:05+00:00,2026-09-20T19:05:39+00:00,South Africa,Lion Plushie,777,0,stockout,Prometheus,1789931139
2026-09-20T18:50:52+00:00,2026-09-20T19:05:40+00:00,Canada,Xanax,8,0,stockout,Prometheus,1789931140
2026-09-20T18:50:31+00:00,2026-09-20T19:05:08+00:00,UAE,Tribulus Omanense,1321,0,stockout,Prometheus,1789931108
2026-09-20T19:05:39+00:00,2026-09-20T19:20:19+00:00,South Africa,Lion Plushie,0,2411,restock,YATA,1789932019
2026-09-20T18:50:31+00:00,2026-09-20T19:05:08+00:00,UAE,Camel Plushie,0,2500,restock,Prometheus,1789931108
2026-09-20T19:05:30+00:00,2026-09-20T19:20:32+00:00,China,Pangolin Scales,56,0,stockout,YATA,1789932032
2026-09-20T19:20:15+00:00,2026-09-20T19:33:50+00:00,UAE,Camel Plushie,721,0,stockout,Prometheus,1789932830
2026-09-20T19:20:32+00:00,2026-09-20T19:33:49+00:00,China,Panda Plushie,134,0,stockout,Prometheus,1789932829
2026-09-20T19:33:39+00:00,2026-09-20T19:46:12+00:00,South Africa,Raw Ivory,0,2229,restock,YATA,1789933572
2026-09-20T19:33:50+00:00,2026-09-20T19:46:23+00:00,UAE,Camel Plushie,0,2227,restock,YATA,1789933583
2026-09-20T19:33:49+00:00,2026-09-20T19:45:41+00:00,China,Panda Plushie,0,2046,restock,Prometheus,1789933541
2026-09-20T19:33:49+00:00,2026-09-20T19:45:41+00:00,China,Pangolin Scales,0,3755,restock,Prometheus,1789933541
2026-09-20T19:46:05+00:00,2026-09-20T19:58:23+00:00,United Kingdom,Xanax,0,2322,restock,YATA,1789934303
2026-09-20T19:58:58+00:00,2026-09-20T20:17:49+00:00,South Africa,Lion Plushie,203,0,stockout,Prometheus,1789935469
2026-09-20T19:58:58+00:00,2026-09-20T20:17:49+00:00,South Africa,African Violet,605,0,stockout,Prometheus,1789935469
2026-09-20T19:58:53+00:00,2026-09-20T20:17:53+00:00,Japan,Xanax,0,1692,restock,Prometheus,1789935473
2026-09-20T19:59:02+00:00,2026-09-20T20:17:42+00:00,UAE,Tribulus Omanense,0,9806,restock,YATA,1789935462
2026-09-20T19:59:02+00:00,2026-09-20T20:17:42+00:00,UAE,Camel Plushie,1132,0,stockout,YATA,1789935462
2026-09-20T20:17:49+00:00,2026-09-20T20:33:15+00:00,South Africa,Lion Plushie,0,1326,restock,YATA,1789936395
2026-09-20T20:17:53+00:00,2026-09-20T20:33:25+00:00,Japan,Xanax,1692,0,stockout,Prometheus,1789936405
2026-09-20T20:17:42+00:00,2026-09-20T20:33:14+00:00,UAE,Camel Plushie,0,2369,restock,Prometheus,1789936394
2026-09-20T20:33:16+00:00,2026-09-20T20:45:34+00:00,China,Pangolin Scales,167,0,stockout,YATA,1789937134
2026-09-20T20:45:28+00:00,2026-09-20T20:58:26+00:00,South Africa,Raw Ivory,1,0,stockout,YATA,1789937906
2026-09-20T20:45:28+00:00,2026-09-20T20:58:26+00:00,South Africa,Lion Plushie,794,0,stockout,YATA,1789937906
2026-09-20T20:45:35+00:00,2026-09-20T20:58:32+00:00,Canada,Xanax,0,2000,restock,Prometheus,1789937912
2026-09-20T20:58:26+00:00,2026-09-20T21:17:22+00:00,South Africa,Smoke Grenade,45,0,stockout,Prometheus,1789939042
2026-09-20T20:58:26+00:00,2026-09-20T21:17:22+00:00,South Africa,Lion Plushie,0,2081,restock,Prometheus,1789939042
2026-09-20T20:58:26+00:00,2026-09-20T21:17:22+00:00,South Africa,African Violet,0,9971,restock,Prometheus,1789939042
2026-09-20T20:58:08+00:00,2026-09-20T21:17:24+00:00,UAE,Camel Plushie,717,0,stockout,Prometheus,1789939044
2026-09-20T20:58:31+00:00,2026-09-20T21:17:28+00:00,China,Pangolin Scales,0,3581,restock,Prometheus,1789939048
2026-09-20T21:17:24+00:00,2026-09-20T21:32:14+00:00,UAE,Camel Plushie,0,1651,restock,YATA,1789939934
2026-09-20T21:32:12+00:00,2026-09-20T21:45:15+00:00,South Africa,Lion Plushie,1039,0,stockout,Prometheus,1789940715
2026-09-20T21:32:13+00:00,2026-09-20T21:43:15+00:00,United Kingdom,Xanax,43,0,stockout,YATA,1789940595
2026-09-20T21:28:43+00:00,2026-09-20T21:45:22+00:00,China,Panda Plushie,112,0,stockout,Prometheus,1789940722
2026-09-20T21:45:02+00:00,2026-09-20T21:58:04+00:00,Canada,Xanax,192,0,stockout,YATA,1789941484
2026-09-20T21:44:47+00:00,2026-09-20T21:58:14+00:00,UAE,Camel Plushie,767,0,stockout,YATA,1789941494
2026-09-20T21:45:22+00:00,2026-09-20T21:57:56+00:00,China,Panda Plushie,0,1930,restock,YATA,1789941476
2026-09-20T21:57:51+00:00,2026-09-20T22:16:57+00:00,South Africa,Smoke Grenade,0,2184,restock,YATA,1789942617
2026-09-20T21:57:51+00:00,2026-09-20T22:16:57+00:00,South Africa,Lion Plushie,0,843,restock,YATA,1789942617
2026-09-20T21:58:14+00:00,2026-09-20T22:17:05+00:00,UAE,Camel Plushie,0,1934,restock,Prometheus,1789942625
2026-09-20T21:57:56+00:00,2026-09-20T22:17:16+00:00,China,Pangolin Scales,794,0,stockout,Prometheus,1789942636
2026-09-20T22:16:57+00:00,2026-09-20T22:32:18+00:00,South Africa,Lion Plushie,843,0,stockout,Prometheus,1789943538
2026-09-20T22:32:18+00:00,2026-09-20T22:46:30+00:00,South Africa,Lion Plushie,0,2367,restock,Prometheus,1789944390
2026-09-20T22:32:14+00:00,2026-09-20T22:46:33+00:00,Japan,Xanax,0,1237,restock,Prometheus,1789944393
2026-09-20T22:31:43+00:00,2026-09-20T22:46:34+00:00,China,Pangolin Scales,0,4514,restock,Prometheus,1789944394
2026-09-20T22:46:33+00:00,2026-09-20T22:58:25+00:00,Japan,Xanax,1237,0,stockout,Prometheus,1789945105
2026-09-20T22:46:18+00:00,2026-09-20T22:58:18+00:00,UAE,Camel Plushie,5,0,stockout,Prometheus,1789945098
2026-09-20T22:46:34+00:00,2026-09-20T22:57:54+00:00,China,Panda Plushie,5,0,stockout,Prometheus,1789945074
2026-09-20T22:58:18+00:00,2026-09-20T23:16:19+00:00,UAE,Camel Plushie,0,1255,restock,Prometheus,1789946179
2026-09-20T22:57:54+00:00,2026-09-20T23:17:03+00:00,China,Panda Plushie,0,1501,restock,Prometheus,1789946223
2026-09-20T23:15:40+00:00,2026-09-20T23:30:00+00:00,South Africa,Lion Plushie,683,0,stockout,YATA,1789947000
2026-09-20T23:30:00+00:00,2026-09-20T23:44:57+00:00,South Africa,Lion Plushie,0,2456,restock,Prometheus,1789947897
2026-09-20T23:30:34+00:00,2026-09-20T23:44:32+00:00,United Kingdom,Xanax,0,2060,restock,Prometheus,1789947872
2026-09-20T23:30:28+00:00,2026-09-20T23:44:46+00:00,UAE,Camel Plushie,177,0,stockout,Prometheus,1789947886
2026-09-20T23:44:46+00:00,2026-09-20T23:56:43+00:00,UAE,Camel Plushie,0,2042,restock,Prometheus,1789948603
2026-09-20T23:44:54+00:00,2026-09-20T23:57:02+00:00,China,Panda Plushie,42,0,stockout,Prometheus,1789948622
2026-09-20T23:44:54+00:00,2026-09-20T23:57:02+00:00,China,Pangolin Scales,156,0,stockout,Prometheus,1789948622
2026-09-20T23:56:28+00:00,2026-09-21T00:25:09+00:00,South Africa,Raw Ivory,0,1721,restock,Prometheus,1789950309
2026-09-20T23:56:56+00:00,2026-09-21T00:25:18+00:00,Canada,Xanax,0,1930,restock,Prometheus,1789950318
2026-09-20T23:57:02+00:00,2026-09-21T00:25:15+00:00,China,Panda Plushie,0,1335,restock,Prometheus,1789950315
2026-09-20T23:57:02+00:00,2026-09-21T00:25:15+00:00,China,Pangolin Scales,0,3999,restock,Prometheus,1789950315
2026-09-21T00:25:09+00:00,2026-09-21T00:45:00+00:00,South Africa,Lion Plushie,410,0,stockout,YATA,1789951500
2026-09-21T00:45:00+00:00,2026-09-21T01:00:50+00:00,South Africa,Lion Plushie,0,1998,restock,YATA,1789952450
2026-09-21T00:47:16+00:00,2026-09-21T01:01:02+00:00,Japan,Xanax,0,503,restock,Prometheus,1789952462
2026-09-21T01:00:50+00:00,2026-09-21T01:19:58+00:00,South Africa,Raw Ivory,425,0,stockout,Prometheus,1789953598
2026-09-21T01:01:02+00:00,2026-09-21T01:19:49+00:00,Japan,Xanax,503,0,stockout,Prometheus,1789953589
2026-09-21T01:00:56+00:00,2026-09-21T01:19:48+00:00,United Kingdom,Xanax,236,0,stockout,Prometheus,1789953588
2026-09-21T01:01:03+00:00,2026-09-21T01:19:56+00:00,China,Panda Plushie,153,0,stockout,Prometheus,1789953596
2026-09-21T01:19:58+00:00,2026-09-21T01:35:53+00:00,South Africa,Lion Plushie,914,0,stockout,YATA,1789954553
2026-09-21T01:19:59+00:00,2026-09-21T01:36:17+00:00,UAE,Camel Plushie,296,0,stockout,Prometheus,1789954577
2026-09-21T01:19:56+00:00,2026-09-21T01:36:34+00:00,China,Panda Plushie,0,1484,restock,YATA,1789954594
2026-09-21T01:19:56+00:00,2026-09-21T01:36:34+00:00,China,Pangolin Scales,76,0,stockout,YATA,1789954594
2026-09-21T01:35:53+00:00,2026-09-21T01:52:04+00:00,South Africa,Lion Plushie,0,2120,restock,Prometheus,1789955524
2026-09-21T01:36:17+00:00,2026-09-21T01:51:45+00:00,UAE,Camel Plushie,0,1650,restock,Prometheus,1789955505
2026-09-21T01:36:34+00:00,2026-09-21T01:51:46+00:00,China,Pangolin Scales,0,4564,restock,Prometheus,1789955506
2026-09-21T01:52:04+00:00,2026-09-21T02:08:09+00:00,South Africa,Smoke Grenade,6,0,stockout,YATA,1789956489
2026-09-21T02:08:09+00:00,2026-09-21T02:27:52+00:00,South Africa,Lion Plushie,696,0,stockout,Prometheus,1789957672
2026-09-21T02:08:43+00:00,2026-09-21T02:27:44+00:00,UAE,Tribulus Omanense,158,0,stockout,Prometheus,1789957664
2026-09-21T02:08:43+00:00,2026-09-21T02:27:44+00:00,UAE,Camel Plushie,861,0,stockout,Prometheus,1789957664
2026-09-21T02:08:37+00:00,2026-09-21T02:27:35+00:00,China,Panda Plushie,151,0,stockout,Prometheus,1789957655
2026-09-21T02:27:52+00:00,2026-09-21T02:44:04+00:00,South Africa,Lion Plushie,0,1229,restock,Prometheus,1789958644
2026-09-21T02:27:44+00:00,2026-09-21T02:45:00+00:00,Canada,Xanax,271,0,stockout,YATA,1789958700
2026-09-21T02:27:44+00:00,2026-09-21T02:45:12+00:00,UAE,Camel Plushie,0,1513,restock,Prometheus,1789958712
2026-09-21T02:27:35+00:00,2026-09-21T02:45:21+00:00,China,Panda Plushie,0,1594,restock,Prometheus,1789958721
2026-09-21T02:44:56+00:00,2026-09-21T02:58:02+00:00,Japan,Xanax,0,2372,restock,Prometheus,1789959482
2026-09-21T02:45:21+00:00,2026-09-21T02:58:11+00:00,China,Pangolin Scales,910,0,stockout,Prometheus,1789959491
2026-09-21T02:58:30+00:00,2026-09-21T03:20:06+00:00,South Africa,Smoke Grenade,0,2160,restock,Prometheus,1789960806
2026-09-21T03:19:51+00:00,2026-09-21T03:39:14+00:00,Japan,Xanax,282,0,stockout,Prometheus,1789961954
2026-09-21T02:58:25+00:00,2026-09-21T03:20:08+00:00,United Kingdom,Xanax,0,2500,restock,Prometheus,1789960808
2026-09-21T03:19:58+00:00,2026-09-21T03:38:57+00:00,UAE,Tribulus Omanense,0,9727,restock,Prometheus,1789961937
2026-09-21T03:20:07+00:00,2026-09-21T03:39:18+00:00,China,Pangolin Scales,0,3682,restock,Prometheus,1789961958
2026-09-21T03:54:55+00:00,2026-09-21T04:15:35+00:00,South Africa,African Violet,113,0,stockout,Prometheus,1789964135
2026-09-21T03:54:38+00:00,2026-09-21T04:15:37+00:00,UAE,Camel Plushie,279,0,stockout,Prometheus,1789964137
2026-09-21T04:15:35+00:00,2026-09-21T04:35:00+00:00,South Africa,Raw Ivory,0,2161,restock,Prometheus,1789965300
2026-09-21T04:14:34+00:00,2026-09-21T04:34:55+00:00,Canada,Xanax,0,2418,restock,YATA,1789965295
2026-09-21T04:15:37+00:00,2026-09-21T04:33:54+00:00,UAE,Camel Plushie,0,1105,restock,Prometheus,1789965234
2026-09-21T04:15:34+00:00,2026-09-21T04:34:35+00:00,China,Pangolin Scales,996,0,stockout,Prometheus,1789965275
2026-09-21T04:35:00+00:00,2026-09-21T04:51:36+00:00,South Africa,Lion Plushie,109,0,stockout,Prometheus,1789966296
2026-09-21T04:33:54+00:00,2026-09-21T04:51:28+00:00,UAE,Camel Plushie,1105,0,stockout,YATA,1789966288
2026-09-21T04:34:35+00:00,2026-09-21T04:51:26+00:00,China,Panda Plushie,23,0,stockout,Prometheus,1789966286
2026-09-21T04:51:36+00:00,2026-09-21T05:08:03+00:00,South Africa,Xanax,94,0,stockout,Prometheus,1789967283
2026-09-21T04:51:36+00:00,2026-09-21T05:08:03+00:00,South Africa,Lion Plushie,0,1368,restock,Prometheus,1789967283
2026-09-21T04:51:36+00:00,2026-09-21T05:08:03+00:00,South Africa,African Violet,0,9875,restock,Prometheus,1789967283
2026-09-21T04:51:28+00:00,2026-09-21T05:07:59+00:00,UAE,Camel Plushie,0,2012,restock,Prometheus,1789967279
2026-09-21T04:51:26+00:00,2026-09-21T05:07:54+00:00,China,Panda Plushie,0,1492,restock,Prometheus,1789967274
2026-09-21T04:51:26+00:00,2026-09-21T05:07:54+00:00,China,Pangolin Scales,0,3750,restock,Prometheus,1789967274
2026-09-21T05:08:03+00:00,2026-09-21T05:25:51+00:00,South Africa,Raw Ivory,673,0,stockout,YATA,1789968351
2026-09-21T05:08:03+00:00,2026-09-21T05:25:51+00:00,South Africa,Lion Plushie,1368,0,stockout,YATA,1789968351
2026-09-21T05:08:11+00:00,2026-09-21T05:26:16+00:00,Japan,Xanax,0,1023,restock,Prometheus,1789968376
2026-09-21T05:25:51+00:00,2026-09-21T05:43:51+00:00,South Africa,Smoke Grenade,165,0,stockout,YATA,1789969431
2026-09-21T05:25:51+00:00,2026-09-21T05:43:51+00:00,South Africa,Lion Plushie,0,2120,restock,YATA,1789969431
2026-09-21T05:26:16+00:00,2026-09-21T05:44:09+00:00,Japan,Xanax,1023,0,stockout,Prometheus,1789969449
2026-09-21T05:26:41+00:00,2026-09-21T05:43:22+00:00,UAE,Camel Plushie,620,0,stockout,YATA,1789969402
2026-09-21T05:26:51+00:00,2026-09-21T05:44:07+00:00,China,Panda Plushie,521,0,stockout,Prometheus,1789969447
2026-09-21T05:43:22+00:00,2026-09-21T05:57:23+00:00,UAE,Camel Plushie,0,1840,restock,Prometheus,1789970243
2026-09-21T05:44:07+00:00,2026-09-21T05:57:45+00:00,China,Panda Plushie,0,2175,restock,Prometheus,1789970265
2026-09-21T05:57:56+00:00,2026-09-21T06:25:55+00:00,South Africa,Lion Plushie,743,0,stockout,YATA,1789971955
2026-09-21T05:57:59+00:00,2026-09-21T06:24:52+00:00,United Kingdom,Xanax,216,0,stockout,Prometheus,1789971892
2026-09-21T05:57:45+00:00,2026-09-21T06:26:07+00:00,China,Pangolin Scales,63,0,stockout,Prometheus,1789971967
2026-09-21T06:25:55+00:00,2026-09-21T06:48:45+00:00,South Africa,Smoke Grenade,0,2201,restock,Prometheus,1789973325
2026-09-21T06:25:55+00:00,2026-09-21T06:48:45+00:00,South Africa,Lion Plushie,0,598,restock,Prometheus,1789973325
2026-09-21T06:26:07+00:00,2026-09-21T06:50:01+00:00,China,Pangolin Scales,0,2537,restock,Prometheus,1789973401
2026-09-21T06:48:45+00:00,2026-09-21T07:06:43+00:00,South Africa,Lion Plushie,598,0,stockout,YATA,1789974403
2026-09-21T06:49:57+00:00,2026-09-21T07:06:54+00:00,Switzerland,Neumune Tablet,0,3,restock,Prometheus,1789974414
2026-09-21T07:06:43+00:00,2026-09-21T07:27:49+00:00,South Africa,Xanax,0,2456,restock,Prometheus,1789975669
2026-09-21T07:06:43+00:00,2026-09-21T07:27:49+00:00,South Africa,Lion Plushie,0,1151,restock,Prometheus,1789975669
2026-09-21T07:06:56+00:00,2026-09-21T07:27:24+00:00,UAE,Camel Plushie,929,0,stockout,YATA,1789975644
2026-09-21T07:06:54+00:00,2026-09-21T07:27:29+00:00,Switzerland,Neumune Tablet,3,0,stockout,Prometheus,1789975649
2026-09-21T07:06:58+00:00,2026-09-21T07:27:44+00:00,China,Panda Plushie,1107,0,stockout,Prometheus,1789975664
2026-09-21T07:06:58+00:00,2026-09-21T07:27:44+00:00,China,Pangolin Scales,495,0,stockout,Prometheus,1789975664
2026-09-21T07:27:49+00:00,2026-09-21T07:46:21+00:00,South Africa,Lion Plushie,1151,0,stockout,Prometheus,1789976781
2026-09-21T07:27:24+00:00,2026-09-21T07:45:38+00:00,UAE,Camel Plushie,0,1382,restock,Prometheus,1789976738
2026-09-21T07:27:44+00:00,2026-09-21T07:46:37+00:00,China,Panda Plushie,0,1400,restock,Prometheus,1789976797
2026-09-21T07:27:44+00:00,2026-09-21T07:46:37+00:00,China,Pangolin Scales,0,4454,restock,Prometheus,1789976797
2026-09-21T07:46:21+00:00,2026-09-21T07:58:35+00:00,South Africa,Lion Plushie,0,2420,restock,YATA,1789977515
2026-09-21T07:59:42+00:00,2026-09-21T08:23:01+00:00,United Kingdom,Xanax,0,2200,restock,Prometheus,1789978981
2026-09-21T07:59:41+00:00,2026-09-21T08:23:19+00:00,China,Pangolin Scales,2098,0,stockout,Prometheus,1789978999
2026-09-21T08:22:03+00:00,2026-09-21T08:41:12+00:00,South Africa,Raw Ivory,0,1428,restock,Prometheus,1789980072
2026-09-21T08:41:06+00:00,2026-09-21T08:55:26+00:00,Canada,Xanax,108,0,stockout,Prometheus,1789980926
2026-09-21T08:40:37+00:00,2026-09-21T08:55:16+00:00,UAE,Tribulus Omanense,309,0,stockout,Prometheus,1789980916
2026-09-21T08:40:37+00:00,2026-09-21T08:55:16+00:00,UAE,Camel Plushie,40,0,stockout,Prometheus,1789980916
2026-09-21T08:41:09+00:00,2026-09-21T08:55:18+00:00,China,Panda Plushie,425,0,stockout,Prometheus,1789980918
2026-09-21T08:41:09+00:00,2026-09-21T08:55:18+00:00,China,Pangolin Scales,0,3825,restock,Prometheus,1789980918
2026-09-21T08:55:18+00:00,2026-09-21T09:16:33+00:00,South Africa,Raw Ivory,928,0,stockout,Prometheus,1789982193
2026-09-21T08:55:16+00:00,2026-09-21T09:16:59+00:00,UAE,Camel Plushie,0,114,restock,YATA,1789982219
2026-09-21T08:55:18+00:00,2026-09-21T09:16:58+00:00,China,Panda Plushie,0,1741,restock,Prometheus,1789982218
2026-09-21T09:16:33+00:00,2026-09-21T09:34:10+00:00,South Africa,Lion Plushie,289,0,stockout,Prometheus,1789983250
2026-09-21T09:16:59+00:00,2026-09-21T09:34:05+00:00,UAE,Camel Plushie,114,0,stockout,Prometheus,1789983245
2026-09-21T09:16:58+00:00,2026-09-21T09:33:45+00:00,China,Pangolin Scales,1046,0,stockout,Prometheus,1789983225
2026-09-21T09:34:10+00:00,2026-09-21T09:49:16+00:00,South Africa,Smoke Grenade,121,0,stockout,Prometheus,1789984156
2026-09-21T09:34:10+00:00,2026-09-21T09:49:16+00:00,South Africa,Lion Plushie,0,673,restock,Prometheus,1789984156
2026-09-21T09:33:45+00:00,2026-09-21T09:49:15+00:00,China,Panda Plushie,639,0,stockout,Prometheus,1789984155
2026-09-21T09:49:16+00:00,2026-09-21T10:03:44+00:00,South Africa,Lion Plushie,673,0,stockout,Prometheus,1789985024
2026-09-21T09:49:26+00:00,2026-09-21T10:03:56+00:00,Japan,Xanax,0,380,restock,Prometheus,1789985036
2026-09-21T09:49:05+00:00,2026-09-21T10:03:01+00:00,UAE,Tribulus Omanense,0,8544,restock,Prometheus,1789984981
2026-09-21T09:49:15+00:00,2026-09-21T10:03:54+00:00,China,Panda Plushie,0,1922,restock,Prometheus,1789985034
2026-09-21T09:49:15+00:00,2026-09-21T10:03:54+00:00,China,Pangolin Scales,0,4056,restock,Prometheus,1789985034
2026-09-21T10:03:44+00:00,2026-09-21T10:22:54+00:00,South Africa,Lion Plushie,0,756,restock,Prometheus,1789986174
2026-09-21T10:03:44+00:00,2026-09-21T10:22:54+00:00,South Africa,African Violet,365,0,stockout,Prometheus,1789986174
2026-09-21T10:03:56+00:00,2026-09-21T10:23:13+00:00,Japan,Xanax,380,0,stockout,Prometheus,1789986193
2026-09-21T10:03:32+00:00,2026-09-21T10:22:58+00:00,United Kingdom,Xanax,247,0,stockout,Prometheus,1789986178
2026-09-21T10:03:01+00:00,2026-09-21T10:22:59+00:00,UAE,Camel Plushie,0,994,restock,YATA,1789986179
2026-09-21T10:22:54+00:00,2026-09-21T10:39:31+00:00,South Africa,Lion Plushie,756,0,stockout,Prometheus,1789987171
2026-09-21T10:22:59+00:00,2026-09-21T10:39:27+00:00,UAE,Camel Plushie,994,0,stockout,Prometheus,1789987167
2026-09-21T10:22:59+00:00,2026-09-21T10:39:42+00:00,China,Panda Plushie,839,0,stockout,Prometheus,1789987182
2026-09-21T10:22:59+00:00,2026-09-21T10:39:42+00:00,China,Pangolin Scales,1775,0,stockout,Prometheus,1789987182
2026-09-21T10:39:31+00:00,2026-09-21T10:53:10+00:00,South Africa,Smoke Grenade,0,2138,restock,YATA,1789987990
2026-09-21T10:39:31+00:00,2026-09-21T10:53:10+00:00,South Africa,Lion Plushie,0,1232,restock,YATA,1789987990
2026-09-21T10:39:22+00:00,2026-09-21T10:53:10+00:00,Canada,Xanax,0,2444,restock,Prometheus,1789987990
2026-09-21T10:39:27+00:00,2026-09-21T10:53:16+00:00,UAE,Camel Plushie,0,2327,restock,Prometheus,1789987996
2026-09-21T10:53:10+00:00,2026-09-21T11:10:55+00:00,South Africa,Lion Plushie,1232,0,stockout,Prometheus,1789989055
2026-09-21T10:53:10+00:00,2026-09-21T11:10:55+00:00,South Africa,African Violet,0,9519,restock,Prometheus,1789989055
2026-09-21T10:53:15+00:00,2026-09-21T11:11:20+00:00,China,Panda Plushie,0,1284,restock,Prometheus,1789989080
2026-09-21T11:10:55+00:00,2026-09-21T11:30:27+00:00,South Africa,Lion Plushie,0,1132,restock,Prometheus,1789990227
2026-09-21T11:11:20+00:00,2026-09-21T11:30:23+00:00,China,Pangolin Scales,0,2165,restock,Prometheus,1789990223
2026-09-21T11:30:27+00:00,2026-09-21T11:46:30+00:00,South Africa,Lion Plushie,1132,0,stockout,Prometheus,1789991190
2026-09-21T11:30:23+00:00,2026-09-21T11:46:46+00:00,China,Panda Plushie,198,0,stockout,Prometheus,1789991206
2026-09-21T11:46:30+00:00,2026-09-21T11:59:14+00:00,South Africa,Lion Plushie,0,1869,restock,Prometheus,1789991954
2026-09-21T11:46:46+00:00,2026-09-21T11:59:09+00:00,UAE,Camel Plushie,504,0,stockout,YATA,1789991949
2026-09-21T11:46:46+00:00,2026-09-21T11:59:17+00:00,China,Panda Plushie,0,1317,restock,Prometheus,1789991957
2026-09-21T11:46:46+00:00,2026-09-21T11:59:17+00:00,China,Pangolin Scales,547,0,stockout,Prometheus,1789991957
2026-09-21T11:59:14+00:00,2026-09-21T12:21:39+00:00,South Africa,Raw Ivory,0,2025,restock,Prometheus,1789993299
2026-09-21T11:59:14+00:00,2026-09-21T12:21:39+00:00,South Africa,Lion Plushie,1869,0,stockout,Prometheus,1789993299
2026-09-21T11:59:09+00:00,2026-09-21T12:22:36+00:00,UAE,Camel Plushie,0,844,restock,YATA,1789993356
2026-09-21T11:59:17+00:00,2026-09-21T12:23:48+00:00,China,Panda Plushie,1317,0,stockout,Prometheus,1789993428
2026-09-21T11:59:17+00:00,2026-09-21T12:23:48+00:00,China,Pangolin Scales,0,3829,restock,Prometheus,1789993428
2026-09-21T12:21:39+00:00,2026-09-21T12:42:46+00:00,South Africa,Lion Plushie,0,1987,restock,Prometheus,1789994566
2026-09-21T12:23:39+00:00,2026-09-21T12:42:48+00:00,United Kingdom,Xanax,0,1852,restock,Prometheus,1789994568
2026-09-21T12:22:36+00:00,2026-09-21T12:42:58+00:00,UAE,Camel Plushie,844,0,stockout,Prometheus,1789994578
2026-09-21T12:23:48+00:00,2026-09-21T12:42:54+00:00,China,Panda Plushie,0,752,restock,YATA,1789994574
2026-09-21T12:42:58+00:00,2026-09-21T12:57:21+00:00,UAE,Camel Plushie,0,1183,restock,YATA,1789995441
2026-09-21T12:42:54+00:00,2026-09-21T12:57:14+00:00,China,Panda Plushie,752,0,stockout,Prometheus,1789995434
2026-09-21T12:42:54+00:00,2026-09-21T12:57:14+00:00,China,Pangolin Scales,1207,0,stockout,Prometheus,1789995434
2026-09-21T12:57:15+00:00,2026-09-21T13:17:16+00:00,South Africa,Raw Ivory,405,0,stockout,YATA,1789996636
2026-09-21T12:57:15+00:00,2026-09-21T13:17:16+00:00,South Africa,Lion Plushie,794,0,stockout,YATA,1789996636
2026-09-21T12:57:21+00:00,2026-09-21T13:17:43+00:00,UAE,Tribulus Omanense,1007,0,stockout,Prometheus,1789996663
2026-09-21T12:57:21+00:00,2026-09-21T13:17:43+00:00,UAE,Camel Plushie,1183,0,stockout,Prometheus,1789996663
2026-09-21T12:57:14+00:00,2026-09-21T13:18:14+00:00,China,Panda Plushie,0,1806,restock,Prometheus,1789996694
2026-09-21T13:17:16+00:00,2026-09-21T13:33:43+00:00,South Africa,Smoke Grenade,86,0,stockout,YATA,1789997623
2026-09-21T13:17:16+00:00,2026-09-21T13:33:43+00:00,South Africa,Lion Plushie,0,1213,restock,YATA,1789997623
2026-09-21T13:17:43+00:00,2026-09-21T13:34:05+00:00,UAE,Camel Plushie,0,934,restock,Prometheus,1789997645
2026-09-21T13:18:14+00:00,2026-09-21T13:34:19+00:00,China,Pangolin Scales,0,3288,restock,Prometheus,1789997659
2026-09-21T13:33:43+00:00,2026-09-21T13:50:04+00:00,South Africa,Lion Plushie,1213,0,stockout,Prometheus,1789998604
2026-09-21T13:34:05+00:00,2026-09-21T13:50:20+00:00,UAE,Camel Plushie,934,0,stockout,Prometheus,1789998620
2026-09-21T13:34:19+00:00,2026-09-21T13:50:23+00:00,China,Panda Plushie,634,0,stockout,Prometheus,1789998623
2026-09-21T13:50:04+00:00,2026-09-21T14:05:22+00:00,South Africa,Lion Plushie,0,1835,restock,YATA,1789999522
2026-09-21T13:49:55+00:00,2026-09-21T14:05:40+00:00,United Kingdom,Xanax,108,0,stockout,Prometheus,1789999540
2026-09-21T13:50:20+00:00,2026-09-21T14:04:58+00:00,UAE,Camel Plushie,0,1405,restock,Prometheus,1789999498
2026-09-21T13:50:23+00:00,2026-09-21T14:05:41+00:00,China,Panda Plushie,0,1834,restock,Prometheus,1789999541
2026-09-21T13:50:23+00:00,2026-09-21T14:05:41+00:00,China,Pangolin Scales,1232,0,stockout,Prometheus,1789999541
2026-09-21T14:05:22+00:00,2026-09-21T14:25:11+00:00,South Africa,Smoke Grenade,0,2431,restock,Prometheus,1790000711
2026-09-21T14:05:37+00:00,2026-09-21T14:25:33+00:00,Japan,Xanax,0,877,restock,Prometheus,1790000733
2026-09-21T14:05:15+00:00,2026-09-21T14:25:18+00:00,Canada,Xanax,103,0,stockout,Prometheus,1790000718
2026-09-21T14:04:58+00:00,2026-09-21T14:25:36+00:00,UAE,Tribulus Omanense,0,9327,restock,Prometheus,1790000736
2026-09-21T14:04:58+00:00,2026-09-21T14:25:36+00:00,UAE,Camel Plushie,1405,0,stockout,Prometheus,1790000736
2026-09-21T14:05:41+00:00,2026-09-21T14:25:28+00:00,China,Panda Plushie,1834,0,stockout,Prometheus,1790000728
2026-09-21T14:25:33+00:00,2026-09-21T14:44:03+00:00,Japan,Xanax,877,0,stockout,Prometheus,1790001843
2026-09-21T14:25:36+00:00,2026-09-21T14:43:35+00:00,UAE,Camel Plushie,0,1232,restock,Prometheus,1790001815
2026-09-21T14:25:28+00:00,2026-09-21T14:44:01+00:00,China,Panda Plushie,0,2149,restock,Prometheus,1790001841
2026-09-21T14:25:28+00:00,2026-09-21T14:44:01+00:00,China,Pangolin Scales,0,2281,restock,Prometheus,1790001841
2026-09-21T14:57:37+00:00,2026-09-21T15:16:38+00:00,South Africa,Lion Plushie,1077,0,stockout,Prometheus,1790003798
2026-09-21T14:57:40+00:00,2026-09-21T15:17:07+00:00,China,Panda Plushie,1375,0,stockout,Prometheus,1790003827
2026-09-21T14:57:40+00:00,2026-09-21T15:17:07+00:00,China,Pangolin Scales,747,0,stockout,Prometheus,1790003827
2026-09-21T15:16:38+00:00,2026-09-21T15:32:55+00:00,South Africa,Lion Plushie,0,1758,restock,Prometheus,1790004775
2026-09-21T15:16:38+00:00,2026-09-21T15:32:55+00:00,South Africa,African Violet,188,0,stockout,Prometheus,1790004775
2026-09-21T15:17:07+00:00,2026-09-21T15:32:52+00:00,China,Panda Plushie,0,1990,restock,YATA,1790004772
2026-09-21T15:17:07+00:00,2026-09-21T15:32:52+00:00,China,Pangolin Scales,0,4719,restock,YATA,1790004772
2026-09-21T15:32:55+00:00,2026-09-21T15:48:10+00:00,South Africa,Lion Plushie,1758,0,stockout,Prometheus,1790005690
2026-09-21T15:32:26+00:00,2026-09-21T15:47:28+00:00,UAE,Camel Plushie,552,0,stockout,Prometheus,1790005648
2026-09-21T15:47:28+00:00,2026-09-21T16:00:31+00:00,UAE,Camel Plushie,0,1799,restock,Prometheus,1790006431
2026-09-21T16:00:33+00:00,2026-09-21T16:21:36+00:00,South Africa,Raw Ivory,0,2500,restock,Prometheus,1790007696
2026-09-21T16:00:33+00:00,2026-09-21T16:21:36+00:00,South Africa,Lion Plushie,0,55,restock,Prometheus,1790007696
2026-09-21T16:00:55+00:00,2026-09-21T16:21:26+00:00,Canada,Xanax,0,2313,restock,Prometheus,1790007686
2026-09-21T16:00:57+00:00,2026-09-21T16:21:35+00:00,United Kingdom,Xanax,0,1458,restock,Prometheus,1790007695
2026-09-21T16:00:31+00:00,2026-09-21T16:21:15+00:00,UAE,Camel Plushie,1799,0,stockout,Prometheus,1790007675
2026-09-21T16:00:56+00:00,2026-09-21T16:21:34+00:00,China,Pangolin Scales,510,0,stockout,YATA,1790007694
2026-09-21T16:00:33+00:00,2026-09-21T16:21:36+00:00,South Africa,Smoke Grenade,378,0,stockout,Prometheus,1790007696
2026-09-21T16:21:36+00:00,2026-09-21T16:39:18+00:00,South Africa,African Violet,0,9195,restock,YATA,1790008758
2026-09-21T16:21:37+00:00,2026-09-21T16:39:01+00:00,Japan,Xanax,0,337,restock,Prometheus,1790008741
2026-09-21T16:21:15+00:00,2026-09-21T16:39:15+00:00,UAE,Camel Plushie,0,1839,restock,Prometheus,1790008755
2026-09-21T16:21:34+00:00,2026-09-21T16:39:09+00:00,China,Panda Plushie,1610,0,stockout,Prometheus,1790008749
2026-09-21T16:21:34+00:00,2026-09-21T16:39:09+00:00,China,Pangolin Scales,0,3722,restock,Prometheus,1790008749
2026-09-21T16:39:01+00:00,2026-09-21T16:54:11+00:00,Japan,Xanax,337,0,stockout,YATA,1790009651
2026-09-21T16:39:09+00:00,2026-09-21T16:54:11+00:00,China,Panda Plushie,0,1311,restock,Prometheus,1790009651
2026-09-21T16:54:05+00:00,2026-09-21T17:10:15+00:00,United Kingdom,Xanax,361,0,stockout,Prometheus,1790010615
2026-09-21T16:53:44+00:00,2026-09-21T17:10:54+00:00,UAE,Camel Plushie,319,0,stockout,YATA,1790010654
2026-09-21T16:54:11+00:00,2026-09-21T17:10:55+00:00,China,Panda Plushie,1311,0,stockout,Prometheus,1790010655
2026-09-21T16:54:11+00:00,2026-09-21T17:10:55+00:00,China,Pangolin Scales,1776,0,stockout,Prometheus,1790010655
2026-09-21T17:10:42+00:00,2026-09-21T17:26:19+00:00,South Africa,Raw Ivory,320,0,stockout,YATA,1790011579
2026-09-21T17:10:42+00:00,2026-09-21T17:26:19+00:00,South Africa,Smoke Grenade,0,2472,restock,YATA,1790011579
2026-09-21T17:10:42+00:00,2026-09-21T17:26:19+00:00,South Africa,Lion Plushie,160,0,stockout,YATA,1790011579
2026-09-21T17:10:54+00:00,2026-09-21T17:26:42+00:00,UAE,Camel Plushie,0,1227,restock,Prometheus,1790011602
2026-09-21T17:10:55+00:00,2026-09-21T17:26:46+00:00,China,Panda Plushie,0,2350,restock,Prometheus,1790011606
2026-09-21T17:26:19+00:00,2026-09-21T17:42:50+00:00,South Africa,Lion Plushie,0,1345,restock,Prometheus,1790012570
2026-09-21T17:26:46+00:00,2026-09-21T17:42:42+00:00,China,Pangolin Scales,0,3816,restock,Prometheus,1790012562
2026-09-21T17:26:42+00:00,2026-09-21T17:42:17+00:00,UAE,Camel Plushie,1227,0,stockout,Prometheus,1790012537
2026-09-21T17:55:22+00:00,2026-09-21T18:18:01+00:00,UAE,Tribulus Omanense,295,0,stockout,Prometheus,1790014681
2026-09-21T17:55:22+00:00,2026-09-21T18:18:01+00:00,UAE,Camel Plushie,0,586,restock,Prometheus,1790014681
2026-09-21T18:18:01+00:00,2026-09-21T18:37:53+00:00,UAE,Camel Plushie,586,0,stockout,Prometheus,1790015873
2026-09-21T18:18:31+00:00,2026-09-21T18:37:51+00:00,China,Pangolin Scales,342,0,stockout,Prometheus,1790015871
2026-09-21T18:37:41+00:00,2026-09-21T18:54:40+00:00,South Africa,Lion Plushie,323,0,stockout,Prometheus,1790016880
2026-09-21T18:37:38+00:00,2026-09-21T18:54:54+00:00,Japan,Xanax,0,301,restock,Prometheus,1790016894
2026-09-21T18:37:53+00:00,2026-09-21T18:54:32+00:00,UAE,Camel Plushie,0,675,restock,YATA,1790016872
2026-09-21T18:37:51+00:00,2026-09-21T18:54:57+00:00,China,Panda Plushie,997,0,stockout,Prometheus,1790016897
2026-09-21T18:37:51+00:00,2026-09-21T18:54:57+00:00,China,Pangolin Scales,0,4360,restock,Prometheus,1790016897
2026-09-21T18:54:40+00:00,2026-09-21T19:12:42+00:00,South Africa,Lion Plushie,0,1030,restock,YATA,1790017962
2026-09-21T18:54:54+00:00,2026-09-21T19:13:09+00:00,Japan,Xanax,301,0,stockout,YATA,1790017989
2026-09-21T18:54:46+00:00,2026-09-21T19:13:34+00:00,United Kingdom,Xanax,0,1962,restock,Prometheus,1790018014
2026-09-21T18:54:32+00:00,2026-09-21T19:13:23+00:00,UAE,Tribulus Omanense,0,8820,restock,YATA,1790018003
2026-09-21T18:54:32+00:00,2026-09-21T19:13:23+00:00,UAE,Camel Plushie,675,0,stockout,YATA,1790018003
2026-09-21T18:54:57+00:00,2026-09-21T19:13:28+00:00,China,Panda Plushie,0,1922,restock,Prometheus,1790018008
2026-09-21T19:13:23+00:00,2026-09-21T19:30:41+00:00,UAE,Camel Plushie,0,973,restock,YATA,1790019041
2026-09-21T19:13:32+00:00,2026-09-21T19:31:03+00:00,Hawaii,Shark Fin,0,967,restock,Prometheus,1790019063
2026-09-21T19:31:03+00:00,2026-09-21T19:44:22+00:00,Hawaii,Shark Fin,967,0,stockout,Prometheus,1790019862
2026-09-21T19:30:51+00:00,2026-09-21T19:44:15+00:00,China,Pangolin Scales,703,0,stockout,Prometheus,1790019855
2026-09-21T19:44:20+00:00,2026-09-21T19:56:21+00:00,Canada,Xanax,27,0,stockout,YATA,1790020581
2026-09-21T19:44:14+00:00,2026-09-21T19:56:19+00:00,UAE,Camel Plushie,3,0,stockout,Prometheus,1790020579
2026-09-21T19:44:15+00:00,2026-09-21T19:56:27+00:00,China,Panda Plushie,180,0,stockout,YATA,1790020587
2026-09-21T19:56:16+00:00,2026-09-21T20:16:01+00:00,South Africa,Lion Plushie,1021,0,stockout,YATA,1790021761
2026-09-21T19:56:19+00:00,2026-09-21T20:16:43+00:00,UAE,Camel Plushie,0,1354,restock,YATA,1790021803
2026-09-21T19:56:27+00:00,2026-09-21T20:17:10+00:00,China,Panda Plushie,0,1529,restock,YATA,1790021830
2026-09-21T19:56:27+00:00,2026-09-21T20:17:10+00:00,China,Pangolin Scales,0,3640,restock,YATA,1790021830
2026-09-21T20:16:01+00:00,2026-09-21T20:32:06+00:00,South Africa,Smoke Grenade,29,0,stockout,Prometheus,1790022726
2026-09-21T20:16:01+00:00,2026-09-21T20:32:06+00:00,South Africa,Lion Plushie,0,2108,restock,Prometheus,1790022726
2026-09-21T19:56:24+00:00,2026-09-21T20:16:39+00:00,United Kingdom,Xanax,555,0,stockout,Prometheus,1790021799
2026-09-21T20:16:01+00:00,2026-09-21T20:32:06+00:00,South Africa,Raw Ivory,0,2500,restock,Prometheus,1790022726
2026-09-21T20:32:06+00:00,2026-09-21T20:46:22+00:00,South Africa,Smoke Grenade,0,3,restock,Prometheus,1790023582
2026-09-21T20:31:11+00:00,2026-09-21T20:46:23+00:00,UAE,Camel Plushie,306,0,stockout,Prometheus,1790023583
2026-09-21T20:31:11+00:00,2026-09-21T20:46:23+00:00,UAE,Natural Pearls,349,0,stockout,Prometheus,1790023583
2026-09-21T20:46:22+00:00,2026-09-21T20:59:31+00:00,South Africa,Smoke Grenade,3,0,stockout,Prometheus,1790024371
2026-09-21T20:46:23+00:00,2026-09-21T20:59:16+00:00,UAE,Camel Plushie,0,1499,restock,Prometheus,1790024356
2026-09-21T20:46:36+00:00,2026-09-21T20:59:31+00:00,China,Panda Plushie,251,0,stockout,Prometheus,1790024371
2026-09-21T20:46:36+00:00,2026-09-21T20:59:31+00:00,China,Pangolin Scales,1022,0,stockout,Prometheus,1790024371
2026-09-21T20:59:31+00:00,2026-09-21T21:19:01+00:00,South Africa,Smoke Grenade,0,2472,restock,Prometheus,1790025541
2026-09-21T20:59:31+00:00,2026-09-21T21:19:01+00:00,South Africa,Lion Plushie,482,0,stockout,Prometheus,1790025541
2026-09-21T20:59:16+00:00,2026-09-21T21:19:02+00:00,UAE,Natural Pearls,0,4981,restock,Prometheus,1790025542
2026-09-21T20:59:31+00:00,2026-09-21T21:18:56+00:00,China,Panda Plushie,0,1457,restock,Prometheus,1790025536
2026-09-21T20:59:31+00:00,2026-09-21T21:18:56+00:00,China,Peony,488,0,stockout,Prometheus,1790025536
2026-09-21T21:19:01+00:00,2026-09-21T21:35:11+00:00,South Africa,Lion Plushie,0,1701,restock,Prometheus,1790026511
2026-09-21T21:19:02+00:00,2026-09-21T21:34:17+00:00,UAE,Camel Plushie,47,0,stockout,Prometheus,1790026457
2026-09-21T21:18:56+00:00,2026-09-21T21:35:15+00:00,China,Pangolin Scales,0,3870,restock,Prometheus,1790026515
2026-09-21T21:34:17+00:00,2026-09-21T21:47:15+00:00,UAE,Camel Plushie,0,1626,restock,Prometheus,1790027235
2026-09-21T21:35:15+00:00,2026-09-21T21:47:23+00:00,China,Panda Plushie,239,0,stockout,YATA,1790027243
2026-09-21T21:47:11+00:00,2026-09-21T21:59:06+00:00,South Africa,Raw Ivory,86,0,stockout,Prometheus,1790027946
2026-09-21T21:47:17+00:00,2026-09-21T21:59:42+00:00,Canada,Xanax,0,2410,restock,Prometheus,1790027982
2026-09-21T21:35:00+00:00,2026-09-21T21:47:23+00:00,Hawaii,Shark Fin,0,4407,restock,Prometheus,1790027243
2026-09-21T21:47:23+00:00,2026-09-21T21:59:08+00:00,China,Panda Plushie,0,1847,restock,Prometheus,1790027948
2026-09-21T21:59:06+00:00,2026-09-21T22:19:05+00:00,South Africa,African Violet,649,0,stockout,Prometheus,1790029145
2026-09-21T21:59:25+00:00,2026-09-21T22:18:31+00:00,UAE,Camel Plushie,696,0,stockout,Prometheus,1790029111
2026-09-21T21:59:32+00:00,2026-09-21T22:19:32+00:00,Hawaii,Shark Fin,588,0,stockout,Prometheus,1790029172
2026-09-21T21:59:08+00:00,2026-09-21T22:19:12+00:00,China,Pangolin Scales,1819,0,stockout,YATA,1790029152
2026-09-21T21:59:08+00:00,2026-09-21T22:19:12+00:00,China,Peony,0,9771,restock,YATA,1790029152
2026-09-21T22:19:17+00:00,2026-09-21T22:35:37+00:00,United Kingdom,Xanax,0,1989,restock,Prometheus,1790030137
2026-09-21T22:18:31+00:00,2026-09-21T22:35:36+00:00,UAE,Camel Plushie,0,1619,restock,YATA,1790030136
2026-09-21T22:35:27+00:00,2026-09-21T22:49:25+00:00,South Africa,Lion Plushie,947,0,stockout,Prometheus,1790030965
2026-09-21T22:35:38+00:00,2026-09-21T22:49:12+00:00,China,Panda Plushie,92,0,stockout,Prometheus,1790030952
2026-09-21T22:49:25+00:00,2026-09-21T23:03:03+00:00,South Africa,Lion Plushie,0,2125,restock,Prometheus,1790031783
2026-09-21T22:49:32+00:00,2026-09-21T23:03:28+00:00,Japan,Xanax,0,644,restock,YATA,1790031808
2026-09-21T22:48:46+00:00,2026-09-21T23:03:25+00:00,UAE,Camel Plushie,859,0,stockout,Prometheus,1790031805
2026-09-21T22:49:26+00:00,2026-09-21T23:03:34+00:00,Hawaii,Shark Fin,0,3122,restock,Prometheus,1790031814
2026-09-21T22:49:12+00:00,2026-09-21T23:03:27+00:00,China,Panda Plushie,0,2045,restock,Prometheus,1790031807
2026-09-21T22:49:12+00:00,2026-09-21T23:03:27+00:00,China,Pangolin Scales,0,3263,restock,Prometheus,1790031807
2026-09-21T23:03:03+00:00,2026-09-21T23:21:07+00:00,South Africa,African Violet,0,9792,restock,Prometheus,1790032867
2026-09-21T23:03:28+00:00,2026-09-21T23:21:03+00:00,Japan,Xanax,644,0,stockout,Prometheus,1790032863
2026-09-21T23:03:25+00:00,2026-09-21T23:20:52+00:00,UAE,Camel Plushie,0,2018,restock,Prometheus,1790032852
2026-09-21T23:21:07+00:00,2026-09-21T23:36:53+00:00,South Africa,Lion Plushie,588,0,stockout,Prometheus,1790033813
2026-09-21T23:21:02+00:00,2026-09-21T23:36:30+00:00,Hawaii,Shark Fin,680,0,stockout,Prometheus,1790033790
2026-09-21T23:36:53+00:00,2026-09-21T23:50:11+00:00,South Africa,Lion Plushie,0,2138,restock,Prometheus,1790034611
2026-09-21T23:36:51+00:00,2026-09-21T23:49:58+00:00,China,Pangolin Scales,755,0,stockout,Prometheus,1790034598
2026-09-21T23:49:58+00:00,2026-09-22T00:06:58+00:00,China,Panda Plushie,99,0,stockout,YATA,1790035618
2026-09-22T00:05:37+00:00,2026-09-22T00:31:16+00:00,South Africa,Smoke Grenade,192,0,stockout,Prometheus,1790037076
2026-09-22T00:05:37+00:00,2026-09-22T00:31:16+00:00,South Africa,Lion Plushie,1102,0,stockout,Prometheus,1790037076
2026-09-22T00:07:09+00:00,2026-09-22T00:31:31+00:00,United Kingdom,Xanax,186,0,stockout,Prometheus,1790037091
2026-09-22T00:06:58+00:00,2026-09-22T00:31:03+00:00,Hawaii,Shark Fin,0,3016,restock,Prometheus,1790037063
2026-09-22T00:06:58+00:00,2026-09-22T00:31:46+00:00,China,Panda Plushie,0,1479,restock,Prometheus,1790037106
2026-09-22T00:06:58+00:00,2026-09-22T00:31:46+00:00,China,Pangolin Scales,0,2730,restock,Prometheus,1790037106
2026-09-22T00:31:16+00:00,2026-09-22T00:50:37+00:00,South Africa,Raw Ivory,0,1960,restock,Prometheus,1790038237
2026-09-22T00:31:16+00:00,2026-09-22T00:50:37+00:00,South Africa,Lion Plushie,0,1551,restock,Prometheus,1790038237
2026-09-22T00:31:42+00:00,2026-09-22T00:50:38+00:00,UAE,Tribulus Omanense,571,0,stockout,Prometheus,1790038238
2026-09-22T00:31:42+00:00,2026-09-22T00:50:38+00:00,UAE,Camel Plushie,463,0,stockout,Prometheus,1790038238
2026-09-22T00:50:38+00:00,2026-09-22T01:04:57+00:00,UAE,Camel Plushie,0,1358,restock,Prometheus,1790039097
2026-09-22T00:50:39+00:00,2026-09-22T01:04:54+00:00,Hawaii,Shark Fin,467,0,stockout,Prometheus,1790039094
2026-09-22T00:50:10+00:00,2026-09-22T01:04:52+00:00,China,Panda Plushie,883,0,stockout,YATA,1790039092
2026-09-22T01:04:55+00:00,2026-09-22T01:21:21+00:00,South Africa,Smoke Grenade,0,2495,restock,YATA,1790040081
2026-09-22T01:04:55+00:00,2026-09-22T01:21:21+00:00,South Africa,Lion Plushie,607,0,stockout,YATA,1790040081
2026-09-22T01:04:58+00:00,2026-09-22T01:21:03+00:00,Japan,Xanax,0,811,restock,Prometheus,1790040063
2026-09-22T01:04:52+00:00,2026-09-22T01:21:01+00:00,China,Panda Plushie,0,2398,restock,Prometheus,1790040061
2026-09-22T01:04:52+00:00,2026-09-22T01:21:01+00:00,China,Pangolin Scales,443,0,stockout,Prometheus,1790040061
2026-09-22T01:21:21+00:00,2026-09-22T01:37:33+00:00,South Africa,Lion Plushie,0,2406,restock,Prometheus,1790041053
2026-09-22T01:21:03+00:00,2026-09-22T01:37:32+00:00,Japan,Xanax,811,0,stockout,Prometheus,1790041052
2026-09-22T01:21:15+00:00,2026-09-22T01:37:36+00:00,UAE,Camel Plushie,59,0,stockout,Prometheus,1790041056
2026-09-22T01:37:33+00:00,2026-09-22T01:50:35+00:00,South Africa,Raw Ivory,210,0,stockout,Prometheus,1790041835
2026-09-22T01:37:36+00:00,2026-09-22T01:50:45+00:00,UAE,Tribulus Omanense,0,9794,restock,Prometheus,1790041845
2026-09-22T01:37:36+00:00,2026-09-22T01:50:45+00:00,UAE,Camel Plushie,0,1228,restock,Prometheus,1790041845
2026-09-22T01:37:36+00:00,2026-09-22T01:50:45+00:00,UAE,Natural Pearls,62,0,stockout,Prometheus,1790041845
2026-09-22T01:37:35+00:00,2026-09-22T01:50:46+00:00,China,Pangolin Scales,0,3655,restock,Prometheus,1790041846
2026-09-22T01:50:45+00:00,2026-09-22T02:07:09+00:00,UAE,Camel Plushie,1228,0,stockout,Prometheus,1790042829
2026-09-22T01:50:36+00:00,2026-09-22T02:07:11+00:00,Hawaii,Shark Fin,0,1146,restock,Prometheus,1790042831
2026-09-22T02:06:49+00:00,2026-09-22T02:25:28+00:00,South Africa,Lion Plushie,514,0,stockout,Prometheus,1790043928
2026-09-22T02:07:09+00:00,2026-09-22T02:25:23+00:00,United Kingdom,Xanax,0,2448,restock,YATA,1790043923
2026-09-22T02:07:09+00:00,2026-09-22T02:25:15+00:00,UAE,Camel Plushie,0,2292,restock,YATA,1790043915
2026-09-22T02:07:09+00:00,2026-09-22T02:25:15+00:00,UAE,Natural Pearls,0,4634,restock,YATA,1790043915
2026-09-22T02:07:11+00:00,2026-09-22T02:25:25+00:00,Hawaii,Shark Fin,1146,0,stockout,Prometheus,1790043925
2026-09-22T02:25:28+00:00,2026-09-22T02:42:55+00:00,South Africa,Lion Plushie,0,1556,restock,YATA,1790044975
2026-09-22T02:43:00+00:00,2026-09-22T02:56:34+00:00,China,Pangolin Scales,35,0,stockout,Prometheus,1790045794
2026-09-22T02:56:18+00:00,2026-09-22T03:17:38+00:00,Hawaii,Shark Fin,0,4051,restock,Prometheus,1790047058
2026-09-22T02:56:34+00:00,2026-09-22T03:17:49+00:00,China,Pangolin Scales,0,4191,restock,Prometheus,1790047069
2026-09-22T03:50:30+00:00,2026-09-22T04:02:44+00:00,South Africa,Lion Plushie,327,0,stockout,Prometheus,1790049764
2026-09-22T03:49:50+00:00,2026-09-22T04:04:36+00:00,Canada,Xanax,18,0,stockout,Prometheus,1790049876
2026-09-22T03:50:08+00:00,2026-09-22T04:04:36+00:00,UAE,Camel Plushie,655,0,stockout,Prometheus,1790049876
2026-09-22T03:34:21+00:00,2026-09-22T03:50:16+00:00,Hawaii,Shark Fin,1052,0,stockout,Prometheus,1790049016
2026-09-22T04:02:44+00:00,2026-09-22T04:23:17+00:00,South Africa,Smoke Grenade,255,0,stockout,YATA,1790050997
2026-09-22T04:02:44+00:00,2026-09-22T04:23:17+00:00,South Africa,Lion Plushie,0,991,restock,YATA,1790050997
2026-09-22T04:04:36+00:00,2026-09-22T04:22:55+00:00,UAE,Camel Plushie,0,1900,restock,YATA,1790050975
2026-09-22T04:04:30+00:00,2026-09-22T04:23:21+00:00,China,Panda Plushie,917,0,stockout,Prometheus,1790051001
2026-09-22T04:04:30+00:00,2026-09-22T04:23:21+00:00,China,Pangolin Scales,282,0,stockout,Prometheus,1790051001
2026-09-22T04:23:17+00:00,2026-09-22T04:40:00+00:00,South Africa,Lion Plushie,991,0,stockout,YATA,1790052000
2026-09-22T04:23:21+00:00,2026-09-22T04:40:55+00:00,China,Panda Plushie,0,2047,restock,Prometheus,1790052055
2026-09-22T04:23:21+00:00,2026-09-22T04:40:55+00:00,China,Pangolin Scales,0,4446,restock,Prometheus,1790052055
2026-09-22T04:23:21+00:00,2026-09-22T04:40:55+00:00,China,Peony,134,0,stockout,Prometheus,1790052055
2026-09-22T04:40:00+00:00,2026-09-22T04:53:13+00:00,South Africa,Raw Ivory,0,2446,restock,YATA,1790052793
2026-09-22T04:40:00+00:00,2026-09-22T04:53:13+00:00,South Africa,Lion Plushie,0,1510,restock,YATA,1790052793
2026-09-22T04:38:43+00:00,2026-09-22T04:54:43+00:00,United Kingdom,Xanax,83,0,stockout,Prometheus,1790052883
2026-09-22T04:40:57+00:00,2026-09-22T04:54:57+00:00,UAE,Camel Plushie,553,0,stockout,Prometheus,1790052897
2026-09-22T04:40:57+00:00,2026-09-22T04:55:03+00:00,Hawaii,Shark Fin,0,1788,restock,Prometheus,1790052903
2026-09-22T04:54:57+00:00,2026-09-22T05:14:10+00:00,UAE,Camel Plushie,0,1876,restock,Prometheus,1790054050
2026-09-22T04:55:03+00:00,2026-09-22T05:14:09+00:00,Hawaii,Shark Fin,1788,0,stockout,Prometheus,1790054049
2026-09-22T05:13:48+00:00,2026-09-22T05:31:30+00:00,South Africa,Smoke Grenade,0,2348,restock,Prometheus,1790055090
2026-09-22T05:14:14+00:00,2026-09-22T05:31:24+00:00,China,Panda Plushie,409,0,stockout,Prometheus,1790055084
2026-09-22T05:14:14+00:00,2026-09-22T05:31:24+00:00,China,Peony,0,9755,restock,Prometheus,1790055084
2026-09-22T05:31:30+00:00,2026-09-22T05:46:10+00:00,South Africa,Raw Ivory,470,0,stockout,Prometheus,1790055970
2026-09-22T05:31:24+00:00,2026-09-22T05:46:56+00:00,China,Panda Plushie,0,1742,restock,Prometheus,1790056016
2026-09-22T05:31:24+00:00,2026-09-22T05:46:56+00:00,China,Pangolin Scales,116,0,stockout,Prometheus,1790056016
2026-09-22T05:45:26+00:00,2026-09-22T05:58:53+00:00,UAE,Camel Plushie,104,0,stockout,YATA,1790056733
2026-09-22T05:58:59+00:00,2026-09-22T06:23:44+00:00,Canada,Xanax,0,2409,restock,YATA,1790058224
2026-09-22T05:58:53+00:00,2026-09-22T06:24:44+00:00,UAE,Camel Plushie,0,1051,restock,YATA,1790058284
2026-09-22T05:58:53+00:00,2026-09-22T06:24:44+00:00,UAE,Natural Pearls,143,0,stockout,YATA,1790058284
2026-09-22T05:59:14+00:00,2026-09-22T06:24:46+00:00,Hawaii,Shark Fin,0,744,restock,Prometheus,1790058286
2026-09-22T05:59:05+00:00,2026-09-22T06:24:14+00:00,China,Panda Plushie,848,0,stockout,Prometheus,1790058254
2026-09-22T05:59:05+00:00,2026-09-22T06:24:14+00:00,China,Pangolin Scales,0,2691,restock,Prometheus,1790058254
2026-09-22T06:24:44+00:00,2026-09-22T06:46:33+00:00,UAE,Camel Plushie,1051,0,stockout,Prometheus,1790059593
2026-09-22T06:24:44+00:00,2026-09-22T06:46:33+00:00,UAE,Natural Pearls,0,4583,restock,Prometheus,1790059593
2026-09-22T06:24:46+00:00,2026-09-22T06:47:12+00:00,Hawaii,Shark Fin,744,0,stockout,Prometheus,1790059632
2026-09-22T06:24:14+00:00,2026-09-22T06:47:12+00:00,China,Panda Plushie,0,1771,restock,Prometheus,1790059632
2026-09-22T06:47:03+00:00,2026-09-22T07:01:21+00:00,South Africa,Xanax,19,0,stockout,Prometheus,1790060481
2026-09-22T06:47:03+00:00,2026-09-22T07:01:21+00:00,South Africa,Lion Plushie,747,0,stockout,Prometheus,1790060481
2026-09-22T06:47:03+00:00,2026-09-22T07:01:21+00:00,South Africa,African Violet,118,0,stockout,Prometheus,1790060481
2026-09-22T06:47:12+00:00,2026-09-22T07:00:44+00:00,United Kingdom,Xanax,0,2183,restock,Prometheus,1790060444
2026-09-22T06:46:33+00:00,2026-09-22T07:00:59+00:00,UAE,Camel Plushie,0,2012,restock,YATA,1790060459
2026-09-22T06:47:12+00:00,2026-09-22T07:01:21+00:00,China,Pangolin Scales,917,0,stockout,Prometheus,1790060481
2026-09-22T07:01:21+00:00,2026-09-22T07:20:34+00:00,South Africa,Lion Plushie,0,1749,restock,Prometheus,1790061634
2026-09-22T07:01:21+00:00,2026-09-22T07:21:02+00:00,China,Panda Plushie,937,0,stockout,Prometheus,1790061662
2026-09-22T07:20:42+00:00,2026-09-22T07:38:22+00:00,UAE,Tribulus Omanense,22,0,stockout,Prometheus,1790062702
2026-09-22T07:20:42+00:00,2026-09-22T07:38:22+00:00,UAE,Camel Plushie,490,0,stockout,Prometheus,1790062702
2026-09-22T07:21:18+00:00,2026-09-22T07:38:54+00:00,Hawaii,Shark Fin,0,1347,restock,Prometheus,1790062734
2026-09-22T07:21:02+00:00,2026-09-22T07:38:08+00:00,China,Panda Plushie,0,1908,restock,Prometheus,1790062688
2026-09-22T07:21:02+00:00,2026-09-22T07:38:08+00:00,China,Pangolin Scales,0,3333,restock,Prometheus,1790062688
2026-09-22T07:38:21+00:00,2026-09-22T07:53:19+00:00,South Africa,Lion Plushie,292,0,stockout,YATA,1790063599
2026-09-22T07:38:22+00:00,2026-09-22T07:53:21+00:00,UAE,Camel Plushie,0,1147,restock,Prometheus,1790063601
2026-09-22T07:38:54+00:00,2026-09-22T07:53:41+00:00,Hawaii,Shark Fin,1347,0,stockout,Prometheus,1790063621
2026-09-22T07:53:19+00:00,2026-09-22T08:12:42+00:00,South Africa,Lion Plushie,0,332,restock,Prometheus,1790064762
2026-09-22T07:53:19+00:00,2026-09-22T08:12:42+00:00,South Africa,African Violet,0,9778,restock,Prometheus,1790064762
2026-09-22T07:53:21+00:00,2026-09-22T08:12:39+00:00,UAE,Camel Plushie,1147,0,stockout,Prometheus,1790064759
2026-09-22T07:53:33+00:00,2026-09-22T08:12:20+00:00,China,Pangolin Scales,1640,0,stockout,Prometheus,1790064740
2026-09-22T08:12:42+00:00,2026-09-22T08:32:11+00:00,South Africa,Smoke Grenade,152,0,stockout,Prometheus,1790065931
2026-09-22T08:12:42+00:00,2026-09-22T08:32:11+00:00,South Africa,Lion Plushie,332,0,stockout,Prometheus,1790065931
2026-09-22T08:12:50+00:00,2026-09-22T08:30:57+00:00,United Kingdom,Xanax,13,0,stockout,Prometheus,1790065857
2026-09-22T08:12:39+00:00,2026-09-22T08:32:05+00:00,UAE,Tribulus Omanense,0,9691,restock,Prometheus,1790065925
2026-09-22T08:12:39+00:00,2026-09-22T08:32:05+00:00,UAE,Camel Plushie,0,1029,restock,Prometheus,1790065925
2026-09-22T08:32:11+00:00,2026-09-22T08:48:59+00:00,South Africa,Xanax,0,2494,restock,Prometheus,1790066939
2026-09-22T08:32:11+00:00,2026-09-22T08:48:59+00:00,South Africa,Lion Plushie,0,741,restock,Prometheus,1790066939
2026-09-22T08:32:05+00:00,2026-09-22T08:49:00+00:00,UAE,Camel Plushie,1029,0,stockout,YATA,1790066940
2026-09-22T08:32:10+00:00,2026-09-22T08:48:56+00:00,Hawaii,Shark Fin,0,904,restock,Prometheus,1790066936
2026-09-22T08:32:09+00:00,2026-09-22T08:48:16+00:00,China,Pangolin Scales,0,3186,restock,YATA,1790066896
2026-09-22T08:48:59+00:00,2026-09-22T09:01:28+00:00,South Africa,Raw Ivory,0,2226,restock,YATA,1790067688
2026-09-22T08:48:59+00:00,2026-09-22T09:01:28+00:00,South Africa,Lion Plushie,741,0,stockout,YATA,1790067688
2026-09-22T08:49:00+00:00,2026-09-22T09:01:00+00:00,UAE,Camel Plushie,0,1913,restock,Prometheus,1790067660
2026-09-22T08:48:56+00:00,2026-09-22T09:01:58+00:00,Hawaii,Shark Fin,904,0,stockout,Prometheus,1790067718
2026-09-22T08:48:16+00:00,2026-09-22T09:02:22+00:00,China,Panda Plushie,517,0,stockout,Prometheus,1790067742
2026-09-22T09:01:28+00:00,2026-09-22T09:21:11+00:00,South Africa,Lion Plushie,0,1405,restock,Prometheus,1790068871
2026-09-22T09:02:22+00:00,2026-09-22T09:21:32+00:00,China,Panda Plushie,0,1599,restock,Prometheus,1790068892
2026-09-22T09:02:22+00:00,2026-09-22T09:21:32+00:00,China,Pangolin Scales,1089,0,stockout,Prometheus,1790068892
2026-09-22T09:01:28+00:00,2026-09-22T09:21:11+00:00,South Africa,Smoke Grenade,0,2500,restock,Prometheus,1790068871
2026-09-22T09:21:11+00:00,2026-09-22T09:38:00+00:00,South Africa,Lion Plushie,1405,0,stockout,YATA,1790069880
2026-09-22T09:21:38+00:00,2026-09-22T09:37:44+00:00,UAE,Camel Plushie,203,0,stockout,YATA,1790069864
2026-09-22T09:38:00+00:00,2026-09-22T09:52:35+00:00,South Africa,Raw Ivory,539,0,stockout,YATA,1790070755
2026-09-22T09:38:00+00:00,2026-09-22T09:52:35+00:00,South Africa,Lion Plushie,0,2388,restock,YATA,1790070755
2026-09-22T09:37:44+00:00,2026-09-22T09:52:21+00:00,UAE,Camel Plushie,0,1175,restock,YATA,1790070741
2026-09-22T09:37:44+00:00,2026-09-22T09:52:21+00:00,UAE,Natural Pearls,228,0,stockout,YATA,1790070741
2026-09-22T09:38:02+00:00,2026-09-22T09:52:38+00:00,China,Panda Plushie,90,0,stockout,YATA,1790070758
2026-09-22T09:38:02+00:00,2026-09-22T09:52:38+00:00,China,Pangolin Scales,0,3463,restock,YATA,1790070758
2026-09-22T09:52:36+00:00,2026-09-22T10:10:36+00:00,United Kingdom,Xanax,0,2378,restock,YATA,1790071836
2026-09-22T09:52:21+00:00,2026-09-22T10:11:31+00:00,UAE,Camel Plushie,1175,0,stockout,Prometheus,1790071891
2026-09-22T09:52:38+00:00,2026-09-22T10:11:13+00:00,China,Panda Plushie,0,1056,restock,Prometheus,1790071873
2026-09-22T09:52:38+00:00,2026-09-22T10:11:13+00:00,China,Peony,77,0,stockout,Prometheus,1790071873
2026-09-22T10:10:55+00:00,2026-09-22T10:29:50+00:00,South Africa,Lion Plushie,658,0,stockout,Prometheus,1790072990
2026-09-22T10:11:31+00:00,2026-09-22T10:30:01+00:00,UAE,Camel Plushie,0,1173,restock,Prometheus,1790073001
2026-09-22T10:11:31+00:00,2026-09-22T10:30:01+00:00,UAE,Natural Pearls,0,4523,restock,Prometheus,1790073001
2026-09-22T10:11:13+00:00,2026-09-22T10:30:36+00:00,China,Panda Plushie,1056,0,stockout,Prometheus,1790073036
2026-09-22T10:11:13+00:00,2026-09-22T10:30:36+00:00,China,Pangolin Scales,1410,0,stockout,Prometheus,1790073036
2026-09-22T10:29:50+00:00,2026-09-22T10:46:43+00:00,South Africa,Lion Plushie,0,1163,restock,Prometheus,1790074003
2026-09-22T10:30:43+00:00,2026-09-22T10:47:10+00:00,Japan,Xanax,0,69,restock,Prometheus,1790074030
2026-09-22T10:30:01+00:00,2026-09-22T10:46:39+00:00,UAE,Camel Plushie,1173,0,stockout,Prometheus,1790073999
2026-09-22T10:30:36+00:00,2026-09-22T10:46:49+00:00,China,Panda Plushie,0,883,restock,Prometheus,1790074009
2026-09-22T10:47:10+00:00,2026-09-22T10:59:29+00:00,Japan,Xanax,69,0,stockout,Prometheus,1790074769
2026-09-22T10:46:39+00:00,2026-09-22T10:58:54+00:00,UAE,Camel Plushie,0,2154,restock,Prometheus,1790074734
2026-09-22T10:46:56+00:00,2026-09-22T10:58:59+00:00,Hawaii,Shark Fin,0,3494,restock,YATA,1790074739
2026-09-22T10:46:49+00:00,2026-09-22T10:59:35+00:00,China,Panda Plushie,883,0,stockout,Prometheus,1790074775
2026-09-22T10:46:49+00:00,2026-09-22T10:59:35+00:00,China,Pangolin Scales,0,4314,restock,Prometheus,1790074775
2026-09-22T10:46:49+00:00,2026-09-22T10:59:35+00:00,China,Peony,0,9495,restock,Prometheus,1790074775
2026-09-22T10:58:59+00:00,2026-09-22T11:19:37+00:00,Hawaii,Shark Fin,3494,0,stockout,Prometheus,1790075977
2026-09-22T10:59:35+00:00,2026-09-22T11:19:32+00:00,China,Panda Plushie,0,1678,restock,Prometheus,1790075972
2026-09-22T11:18:25+00:00,2026-09-22T11:36:15+00:00,United Kingdom,Xanax,301,0,stockout,Prometheus,1790076975
2026-09-22T11:19:32+00:00,2026-09-22T11:36:22+00:00,China,Pangolin Scales,1267,0,stockout,YATA,1790076982
2026-09-22T11:36:26+00:00,2026-09-22T11:50:28+00:00,South Africa,Lion Plushie,526,0,stockout,Prometheus,1790077828
2026-09-22T11:36:22+00:00,2026-09-22T11:50:21+00:00,China,Panda Plushie,515,0,stockout,Prometheus,1790077821
2026-09-22T11:50:28+00:00,2026-09-22T12:05:00+00:00,South Africa,Lion Plushie,0,2114,restock,YATA,1790078700
2026-09-22T11:50:32+00:00,2026-09-22T12:07:11+00:00,Hawaii,Shark Fin,0,2463,restock,Prometheus,1790078831
2026-09-22T11:50:21+00:00,2026-09-22T12:06:58+00:00,China,Panda Plushie,0,1443,restock,Prometheus,1790078818
2026-09-22T11:50:21+00:00,2026-09-22T12:06:58+00:00,China,Pangolin Scales,0,3448,restock,Prometheus,1790078818
2026-09-22T12:05:00+00:00,2026-09-22T12:30:47+00:00,South Africa,Smoke Grenade,152,0,stockout,Prometheus,1790080247
2026-09-22T12:05:00+00:00,2026-09-22T12:30:47+00:00,South Africa,Lion Plushie,2114,0,stockout,Prometheus,1790080247
2026-09-22T12:07:13+00:00,2026-09-22T12:30:56+00:00,UAE,Tribulus Omanense,994,0,stockout,YATA,1790080256
2026-09-22T12:07:11+00:00,2026-09-22T12:31:00+00:00,Hawaii,Shark Fin,2463,0,stockout,Prometheus,1790080260
2026-09-22T12:30:47+00:00,2026-09-22T12:49:51+00:00,South Africa,Raw Ivory,0,1446,restock,Prometheus,1790081391
2026-09-22T12:30:47+00:00,2026-09-22T12:49:51+00:00,South Africa,Lion Plushie,0,1941,restock,Prometheus,1790081391
2026-09-22T12:30:47+00:00,2026-09-22T12:49:51+00:00,South Africa,African Violet,524,0,stockout,Prometheus,1790081391
2026-09-22T12:30:55+00:00,2026-09-22T12:50:41+00:00,Japan,Xanax,0,129,restock,Prometheus,1790081441
2026-09-22T12:30:56+00:00,2026-09-22T12:50:46+00:00,UAE,Camel Plushie,1646,0,stockout,Prometheus,1790081446
2026-09-22T12:30:37+00:00,2026-09-22T12:50:24+00:00,China,Pangolin Scales,264,0,stockout,YATA,1790081424
2026-09-22T12:50:41+00:00,2026-09-22T13:06:40+00:00,Japan,Xanax,129,0,stockout,Prometheus,1790082400
2026-09-22T12:50:46+00:00,2026-09-22T13:06:36+00:00,UAE,Camel Plushie,0,1439,restock,Prometheus,1790082396
2026-09-22T12:50:24+00:00,2026-09-22T13:06:41+00:00,China,Pangolin Scales,0,4248,restock,Prometheus,1790082401
2026-09-22T13:06:38+00:00,2026-09-22T13:27:09+00:00,South Africa,Smoke Grenade,0,2472,restock,Prometheus,1790083629
2026-09-22T13:06:38+00:00,2026-09-22T13:27:09+00:00,South Africa,Lion Plushie,604,0,stockout,Prometheus,1790083629
2026-09-22T13:06:22+00:00,2026-09-22T13:27:02+00:00,United Kingdom,Xanax,0,1757,restock,YATA,1790083622
2026-09-22T13:06:36+00:00,2026-09-22T13:26:56+00:00,UAE,Tribulus Omanense,0,9087,restock,YATA,1790083616
2026-09-22T13:06:36+00:00,2026-09-22T13:26:56+00:00,UAE,Camel Plushie,1439,0,stockout,YATA,1790083616
2026-09-22T13:06:41+00:00,2026-09-22T13:27:06+00:00,China,Panda Plushie,1080,0,stockout,Prometheus,1790083626
2026-09-22T13:27:09+00:00,2026-09-22T13:45:48+00:00,South Africa,Raw Ivory,75,0,stockout,Prometheus,1790084748
2026-09-22T13:27:09+00:00,2026-09-22T13:45:48+00:00,South Africa,Lion Plushie,0,734,restock,Prometheus,1790084748
2026-09-22T13:27:09+00:00,2026-09-22T13:45:48+00:00,South Africa,African Violet,0,9999,restock,Prometheus,1790084748
2026-09-22T13:26:56+00:00,2026-09-22T13:45:43+00:00,UAE,Camel Plushie,0,1239,restock,YATA,1790084743
2026-09-22T13:26:56+00:00,2026-09-22T13:45:43+00:00,UAE,Natural Pearls,47,0,stockout,YATA,1790084743
2026-09-22T13:27:06+00:00,2026-09-22T13:45:43+00:00,China,Panda Plushie,0,1488,restock,Prometheus,1790084743
2026-09-22T13:27:06+00:00,2026-09-22T13:45:43+00:00,China,Pangolin Scales,1196,0,stockout,Prometheus,1790084743
2026-09-22T13:45:48+00:00,2026-09-22T13:59:26+00:00,South Africa,Lion Plushie,734,0,stockout,Prometheus,1790085566
2026-09-22T13:45:43+00:00,2026-09-22T13:59:18+00:00,UAE,Camel Plushie,1239,0,stockout,YATA,1790085558
2026-09-22T13:45:43+00:00,2026-09-22T13:59:30+00:00,China,Panda Plushie,1488,0,stockout,Prometheus,1790085570
2026-09-22T13:59:26+00:00,2026-09-22T14:20:55+00:00,South Africa,Lion Plushie,0,1566,restock,Prometheus,1790086855
2026-09-22T13:59:29+00:00,2026-09-22T14:20:53+00:00,United Kingdom,Xanax,223,0,stockout,Prometheus,1790086853
2026-09-22T13:59:18+00:00,2026-09-22T14:20:15+00:00,UAE,Camel Plushie,0,948,restock,Prometheus,1790086815
2026-09-22T13:59:18+00:00,2026-09-22T14:20:15+00:00,UAE,Natural Pearls,0,4352,restock,Prometheus,1790086815
2026-09-22T13:59:30+00:00,2026-09-22T14:20:39+00:00,Hawaii,Shark Fin,0,181,restock,Prometheus,1790086839
2026-09-22T13:59:30+00:00,2026-09-22T14:20:45+00:00,China,Panda Plushie,0,1891,restock,Prometheus,1790086845
2026-09-22T13:59:30+00:00,2026-09-22T14:20:45+00:00,China,Pangolin Scales,0,2063,restock,Prometheus,1790086845
2026-09-22T14:20:55+00:00,2026-09-22T14:39:17+00:00,South Africa,Lion Plushie,1566,0,stockout,Prometheus,1790087957
2026-09-22T14:20:15+00:00,2026-09-22T14:38:19+00:00,UAE,Camel Plushie,948,0,stockout,Prometheus,1790087899
2026-09-22T14:20:39+00:00,2026-09-22T14:40:11+00:00,Hawaii,Shark Fin,181,0,stockout,Prometheus,1790088011
2026-09-22T14:20:45+00:00,2026-09-22T14:40:02+00:00,China,Pangolin Scales,2063,0,stockout,Prometheus,1790088002
2026-09-22T14:39:17+00:00,2026-09-22T14:56:34+00:00,South Africa,Lion Plushie,0,1991,restock,Prometheus,1790088994
2026-09-22T14:38:19+00:00,2026-09-22T14:56:28+00:00,UAE,Camel Plushie,0,1342,restock,Prometheus,1790088988
2026-09-22T14:40:02+00:00,2026-09-22T14:56:29+00:00,China,Panda Plushie,647,0,stockout,YATA,1790088989
2026-09-22T14:40:02+00:00,2026-09-22T14:56:29+00:00,China,Peony,110,0,stockout,YATA,1790088989
2026-09-22T14:56:28+00:00,2026-09-22T15:17:33+00:00,UAE,Camel Plushie,1342,0,stockout,Prometheus,1790090253
2026-09-22T14:56:29+00:00,2026-09-22T15:17:28+00:00,China,Panda Plushie,0,143,restock,Prometheus,1790090248
2026-09-22T14:56:29+00:00,2026-09-22T15:17:28+00:00,China,Pangolin Scales,0,3497,restock,Prometheus,1790090248
2026-09-22T15:16:53+00:00,2026-09-22T15:33:11+00:00,South Africa,Lion Plushie,548,0,stockout,Prometheus,1790091191
2026-09-22T15:17:33+00:00,2026-09-22T15:33:10+00:00,UAE,Camel Plushie,0,1818,restock,Prometheus,1790091190
2026-09-22T15:17:28+00:00,2026-09-22T15:33:18+00:00,China,Panda Plushie,143,0,stockout,Prometheus,1790091198
2026-09-22T15:33:11+00:00,2026-09-22T15:47:46+00:00,South Africa,Smoke Grenade,141,0,stockout,Prometheus,1790092066
2026-09-22T15:33:11+00:00,2026-09-22T15:47:46+00:00,South Africa,Lion Plushie,0,1409,restock,Prometheus,1790092066
2026-09-22T15:33:18+00:00,2026-09-22T15:47:25+00:00,China,Panda Plushie,0,884,restock,Prometheus,1790092045
2026-09-22T15:33:18+00:00,2026-09-22T15:47:25+00:00,China,Pangolin Scales,644,0,stockout,Prometheus,1790092045
2026-09-22T15:33:18+00:00,2026-09-22T15:47:25+00:00,China,Peony,0,9748,restock,Prometheus,1790092045
2026-09-22T15:47:39+00:00,2026-09-22T16:00:25+00:00,United Kingdom,Xanax,0,2391,restock,Prometheus,1790092825
2026-09-22T15:47:23+00:00,2026-09-22T16:00:42+00:00,UAE,Camel Plushie,822,0,stockout,Prometheus,1790092842
2026-09-22T15:47:25+00:00,2026-09-22T16:00:40+00:00,China,Panda Plushie,884,0,stockout,Prometheus,1790092840
2026-09-22T16:00:42+00:00,2026-09-22T16:20:46+00:00,UAE,Camel Plushie,0,1241,restock,Prometheus,1790094046
2026-09-22T16:00:40+00:00,2026-09-22T16:20:53+00:00,China,Panda Plushie,0,2014,restock,YATA,1790094053
2026-09-22T16:00:40+00:00,2026-09-22T16:20:53+00:00,China,Pangolin Scales,0,2757,restock,YATA,1790094053
2026-09-22T16:21:17+00:00,2026-09-22T16:38:45+00:00,South Africa,Smoke Grenade,0,2322,restock,Prometheus,1790095125
2026-09-22T16:20:46+00:00,2026-09-22T16:39:34+00:00,UAE,Camel Plushie,1241,0,stockout,Prometheus,1790095174
2026-09-22T16:38:45+00:00,2026-09-22T16:52:43+00:00,South Africa,Raw Ivory,0,2172,restock,Prometheus,1790095963
2026-09-22T16:38:45+00:00,2026-09-22T16:52:43+00:00,South Africa,Lion Plushie,526,0,stockout,Prometheus,1790095963
2026-09-22T16:39:34+00:00,2026-09-22T16:54:24+00:00,UAE,Tribulus Omanense,265,0,stockout,Prometheus,1790096064
2026-09-22T16:39:34+00:00,2026-09-22T16:54:24+00:00,UAE,Camel Plushie,0,2042,restock,Prometheus,1790096064
2026-09-22T16:39:34+00:00,2026-09-22T16:54:21+00:00,China,Panda Plushie,682,0,stockout,Prometheus,1790096061
2026-09-22T16:39:34+00:00,2026-09-22T16:54:21+00:00,China,Pangolin Scales,128,0,stockout,Prometheus,1790096061
2026-09-22T16:52:43+00:00,2026-09-22T17:12:43+00:00,South Africa,Lion Plushie,0,1809,restock,Prometheus,1790097163
2026-09-22T16:54:15+00:00,2026-09-22T17:12:32+00:00,United Kingdom,Xanax,599,0,stockout,Prometheus,1790097152
2026-09-22T16:54:24+00:00,2026-09-22T17:12:44+00:00,UAE,Natural Pearls,214,0,stockout,Prometheus,1790097164
2026-09-22T16:54:21+00:00,2026-09-22T17:12:38+00:00,China,Panda Plushie,0,1718,restock,Prometheus,1790097158
2026-09-22T16:54:21+00:00,2026-09-22T17:12:38+00:00,China,Pangolin Scales,0,4016,restock,Prometheus,1790097158
2026-09-22T17:12:44+00:00,2026-09-22T17:29:49+00:00,UAE,Camel Plushie,163,0,stockout,Prometheus,1790098189
2026-09-22T17:29:52+00:00,2026-09-22T17:43:07+00:00,South Africa,Lion Plushie,609,0,stockout,Prometheus,1790098987
2026-09-22T17:29:47+00:00,2026-09-22T17:43:49+00:00,Canada,Xanax,5,0,stockout,YATA,1790099029
2026-09-22T17:29:49+00:00,2026-09-22T17:43:33+00:00,UAE,Camel Plushie,0,506,restock,Prometheus,1790099013
2026-09-22T17:29:49+00:00,2026-09-22T17:43:33+00:00,UAE,Natural Pearls,0,4402,restock,Prometheus,1790099013
2026-09-22T17:29:52+00:00,2026-09-22T17:43:54+00:00,Hawaii,Shark Fin,0,840,restock,Prometheus,1790099034
2026-09-22T17:29:05+00:00,2026-09-22T17:43:53+00:00,China,Panda Plushie,900,0,stockout,Prometheus,1790099033
2026-09-22T17:43:33+00:00,2026-09-22T17:56:48+00:00,UAE,Tribulus Omanense,0,9474,restock,Prometheus,1790099808
2026-09-22T17:43:33+00:00,2026-09-22T17:56:48+00:00,UAE,Camel Plushie,506,0,stockout,Prometheus,1790099808
2026-09-22T17:43:54+00:00,2026-09-22T17:56:54+00:00,Hawaii,Shark Fin,840,0,stockout,Prometheus,1790099814
2026-09-22T17:43:53+00:00,2026-09-22T17:56:50+00:00,China,Pangolin Scales,363,0,stockout,Prometheus,1790099810
2026-09-22T17:56:34+00:00,2026-09-22T18:21:31+00:00,South Africa,Raw Ivory,61,0,stockout,Prometheus,1790101291
2026-09-22T17:56:34+00:00,2026-09-22T18:21:31+00:00,South Africa,Lion Plushie,0,780,restock,Prometheus,1790101291
2026-09-22T17:56:48+00:00,2026-09-22T18:21:27+00:00,UAE,Camel Plushie,0,770,restock,Prometheus,1790101287
2026-09-22T17:56:50+00:00,2026-09-22T18:21:43+00:00,China,Panda Plushie,0,911,restock,Prometheus,1790101303
2026-09-22T17:56:50+00:00,2026-09-22T18:21:43+00:00,China,Pangolin Scales,0,4414,restock,Prometheus,1790101303
2026-09-22T18:21:31+00:00,2026-09-22T18:40:55+00:00,South Africa,Lion Plushie,780,0,stockout,Prometheus,1790102455
2026-09-22T18:21:27+00:00,2026-09-22T18:41:00+00:00,UAE,Camel Plushie,770,0,stockout,YATA,1790102460
2026-09-22T18:21:43+00:00,2026-09-22T18:40:56+00:00,China,Panda Plushie,911,0,stockout,Prometheus,1790102456
2026-09-22T18:40:55+00:00,2026-09-22T18:56:08+00:00,South Africa,Lion Plushie,0,1923,restock,Prometheus,1790103368
2026-09-22T18:40:55+00:00,2026-09-22T18:56:08+00:00,South Africa,African Violet,15,0,stockout,Prometheus,1790103368
2026-09-22T18:41:00+00:00,2026-09-22T18:55:57+00:00,UAE,Camel Plushie,0,2032,restock,Prometheus,1790103357
2026-09-22T18:41:09+00:00,2026-09-22T18:55:47+00:00,Switzerland,Neumune Tablet,0,3,restock,Prometheus,1790103347
2026-09-22T18:41:09+00:00,2026-09-22T18:56:11+00:00,Hawaii,Shark Fin,0,980,restock,Prometheus,1790103371
2026-09-22T18:40:56+00:00,2026-09-22T18:56:02+00:00,China,Panda Plushie,0,2060,restock,Prometheus,1790103362
2026-09-22T18:56:02+00:00,2026-09-22T19:14:42+00:00,United Kingdom,Xanax,0,2000,restock,Prometheus,1790104482
2026-09-22T18:55:47+00:00,2026-09-22T19:14:48+00:00,Switzerland,Neumune Tablet,3,0,stockout,Prometheus,1790104488
2026-09-22T18:56:11+00:00,2026-09-22T19:14:34+00:00,Hawaii,Shark Fin,980,0,stockout,Prometheus,1790104474
2026-09-22T18:56:02+00:00,2026-09-22T19:13:47+00:00,China,Pangolin Scales,86,0,stockout,Prometheus,1790104427
2026-09-22T19:14:35+00:00,2026-09-22T19:30:14+00:00,South Africa,Lion Plushie,298,0,stockout,Prometheus,1790105414
2026-09-22T19:14:38+00:00,2026-09-22T19:30:13+00:00,Canada,Xanax,0,2482,restock,Prometheus,1790105413
2026-09-22T19:14:22+00:00,2026-09-22T19:30:12+00:00,UAE,Camel Plushie,276,0,stockout,Prometheus,1790105412
2026-09-22T19:30:14+00:00,2026-09-22T19:44:36+00:00,South Africa,Smoke Grenade,193,0,stockout,YATA,1790106276
2026-09-22T19:30:14+00:00,2026-09-22T19:44:36+00:00,South Africa,Lion Plushie,0,1142,restock,YATA,1790106276
2026-09-22T19:30:14+00:00,2026-09-22T19:44:36+00:00,South Africa,African Violet,0,9946,restock,YATA,1790106276
2026-09-22T19:30:12+00:00,2026-09-22T19:44:02+00:00,UAE,Camel Plushie,0,1210,restock,Prometheus,1790106242
2026-09-22T19:13:47+00:00,2026-09-22T19:30:20+00:00,China,Pangolin Scales,0,4108,restock,Prometheus,1790105420
2026-09-22T19:13:47+00:00,2026-09-22T19:30:20+00:00,China,Peony,341,0,stockout,Prometheus,1790105420
2026-09-22T19:44:36+00:00,2026-09-22T19:56:59+00:00,South Africa,Lion Plushie,1142,0,stockout,YATA,1790107019
2026-09-22T19:56:59+00:00,2026-09-22T20:17:05+00:00,South Africa,Lion Plushie,0,1816,restock,Prometheus,1790108225
2026-09-22T19:55:58+00:00,2026-09-22T20:16:34+00:00,UAE,Camel Plushie,466,0,stockout,Prometheus,1790108194
2026-09-22T19:55:58+00:00,2026-09-22T20:16:34+00:00,UAE,Natural Pearls,456,0,stockout,Prometheus,1790108194
2026-09-22T19:56:23+00:00,2026-09-22T20:17:07+00:00,China,Panda Plushie,1045,0,stockout,Prometheus,1790108227
2026-09-22T19:56:23+00:00,2026-09-22T20:17:07+00:00,China,Pangolin Scales,1352,0,stockout,Prometheus,1790108227
2026-09-22T20:16:49+00:00,2026-09-22T20:33:08+00:00,United Kingdom,Xanax,80,0,stockout,YATA,1790109188
2026-09-22T20:16:34+00:00,2026-09-22T20:33:26+00:00,UAE,Camel Plushie,0,753,restock,Prometheus,1790109206
2026-09-22T20:17:07+00:00,2026-09-22T20:33:01+00:00,China,Panda Plushie,0,1492,restock,YATA,1790109181
2026-09-22T19:56:23+00:00,2026-09-22T20:17:07+00:00,China,Peony,0,9999,restock,Prometheus,1790108227
2026-09-22T20:33:25+00:00,2026-09-22T20:46:42+00:00,South Africa,Raw Ivory,0,2455,restock,Prometheus,1790110002
2026-09-22T20:33:25+00:00,2026-09-22T20:46:42+00:00,South Africa,Smoke Grenade,0,2310,restock,Prometheus,1790110002
2026-09-22T20:33:25+00:00,2026-09-22T20:46:42+00:00,South Africa,Lion Plushie,433,0,stockout,Prometheus,1790110002
2026-09-22T20:33:26+00:00,2026-09-22T20:47:22+00:00,UAE,Camel Plushie,753,0,stockout,Prometheus,1790110042
2026-09-22T20:33:26+00:00,2026-09-22T20:47:22+00:00,UAE,Natural Pearls,0,4850,restock,Prometheus,1790110042
2026-09-22T20:33:01+00:00,2026-09-22T20:48:23+00:00,China,Pangolin Scales,0,4118,restock,YATA,1790110103
2026-09-22T20:46:42+00:00,2026-09-22T21:01:14+00:00,South Africa,Lion Plushie,0,1868,restock,YATA,1790110874
2026-09-22T20:47:22+00:00,2026-09-22T21:01:25+00:00,UAE,Camel Plushie,0,2409,restock,Prometheus,1790110885
2026-09-22T21:01:22+00:00,2026-09-22T21:19:16+00:00,Japan,Xanax,0,538,restock,Prometheus,1790111956
2026-09-22T21:01:16+00:00,2026-09-22T21:19:17+00:00,Hawaii,Shark Fin,0,2833,restock,Prometheus,1790111957
2026-09-22T21:19:16+00:00,2026-09-22T21:33:52+00:00,Japan,Xanax,538,0,stockout,Prometheus,1790112832
2026-09-22T21:18:38+00:00,2026-09-22T21:34:12+00:00,UAE,Camel Plushie,969,0,stockout,Prometheus,1790112852
2026-09-22T21:19:17+00:00,2026-09-22T21:34:20+00:00,Hawaii,Shark Fin,2833,0,stockout,Prometheus,1790112860
2026-09-22T21:19:12+00:00,2026-09-22T21:34:24+00:00,China,Pangolin Scales,870,0,stockout,Prometheus,1790112864
2026-09-22T21:34:04+00:00,2026-09-22T21:47:16+00:00,South Africa,Lion Plushie,324,0,stockout,Prometheus,1790113636
2026-09-22T21:47:16+00:00,2026-09-22T22:01:59+00:00,South Africa,Raw Ivory,405,0,stockout,YATA,1790114519
2026-09-22T21:47:16+00:00,2026-09-22T22:01:59+00:00,South Africa,Lion Plushie,0,2015,restock,YATA,1790114519
2026-09-22T21:47:56+00:00,2026-09-22T22:01:36+00:00,UAE,Camel Plushie,0,1593,restock,Prometheus,1790114496
2026-09-22T21:48:35+00:00,2026-09-22T22:01:55+00:00,China,Panda Plushie,698,0,stockout,Prometheus,1790114515
2026-09-22T21:48:35+00:00,2026-09-22T22:01:55+00:00,China,Pangolin Scales,0,4556,restock,Prometheus,1790114515
2026-09-22T22:01:12+00:00,2026-09-22T22:20:25+00:00,United Kingdom,Xanax,0,2426,restock,Prometheus,1790115625
2026-09-22T22:01:55+00:00,2026-09-22T22:19:40+00:00,China,Panda Plushie,0,2186,restock,Prometheus,1790115580
2026-09-22T22:20:03+00:00,2026-09-22T22:35:42+00:00,South Africa,Lion Plushie,851,0,stockout,YATA,1790116542
2026-09-22T22:20:20+00:00,2026-09-22T22:35:37+00:00,UAE,Camel Plushie,457,0,stockout,Prometheus,1790116537
2026-09-22T22:35:37+00:00,2026-09-22T22:49:16+00:00,UAE,Camel Plushie,0,2027,restock,Prometheus,1790117356
2026-09-22T22:35:29+00:00,2026-09-22T22:48:43+00:00,Hawaii,Shark Fin,0,978,restock,Prometheus,1790117323
2026-09-22T22:49:18+00:00,2026-09-22T23:03:02+00:00,South Africa,Lion Plushie,0,1641,restock,YATA,1790118182
2026-09-22T22:48:43+00:00,2026-09-22T23:03:00+00:00,Hawaii,Shark Fin,978,0,stockout,Prometheus,1790118180
2026-09-22T22:49:17+00:00,2026-09-22T23:03:03+00:00,China,Panda Plushie,577,0,stockout,Prometheus,1790118183
2026-09-22T23:03:00+00:00,2026-09-22T23:19:32+00:00,Japan,Xanax,0,1602,restock,YATA,1790119172
2026-09-22T23:03:03+00:00,2026-09-22T23:19:19+00:00,China,Panda Plushie,0,2257,restock,Prometheus,1790119159
2026-09-22T22:49:17+00:00,2026-09-22T23:03:03+00:00,China,Pangolin Scales,729,0,stockout,Prometheus,1790118183
2026-09-22T23:19:32+00:00,2026-09-22T23:34:04+00:00,Japan,Xanax,1602,0,stockout,YATA,1790120044
2026-09-22T23:19:00+00:00,2026-09-22T23:34:02+00:00,UAE,Tribulus Omanense,54,0,stockout,Prometheus,1790120042
2026-09-22T23:19:00+00:00,2026-09-22T23:34:02+00:00,UAE,Camel Plushie,70,0,stockout,Prometheus,1790120042
2026-09-22T23:19:19+00:00,2026-09-22T23:33:53+00:00,China,Pangolin Scales,0,4568,restock,Prometheus,1790120033
2026-09-22T23:32:24+00:00,2026-09-22T23:47:34+00:00,South Africa,Lion Plushie,251,0,stockout,YATA,1790120854
2026-09-22T23:34:02+00:00,2026-09-22T23:47:27+00:00,UAE,Camel Plushie,0,1633,restock,Prometheus,1790120847
2026-09-22T23:47:34+00:00,2026-09-22T23:59:44+00:00,South Africa,Lion Plushie,0,1916,restock,Prometheus,1790121584
2026-09-22T23:47:33+00:00,2026-09-22T23:59:44+00:00,Hawaii,Shark Fin,0,2700,restock,Prometheus,1790121584
2026-09-22T23:59:44+00:00,2026-09-23T00:25:25+00:00,UAE,Tribulus Omanense,0,9986,restock,Prometheus,1790123125
2026-09-22T23:59:44+00:00,2026-09-23T00:25:25+00:00,UAE,Natural Pearls,679,0,stockout,Prometheus,1790123125
2026-09-22T23:59:44+00:00,2026-09-23T00:25:04+00:00,Hawaii,Shark Fin,2700,0,stockout,Prometheus,1790123104
2026-09-23T00:24:08+00:00,2026-09-23T00:45:24+00:00,South Africa,Smoke Grenade,87,0,stockout,Prometheus,1790124324
2026-09-23T00:24:08+00:00,2026-09-23T00:45:24+00:00,South Africa,Lion Plushie,400,0,stockout,Prometheus,1790124324
2026-09-23T00:25:33+00:00,2026-09-23T00:46:07+00:00,China,Pangolin Scales,81,0,stockout,Prometheus,1790124367
2026-09-23T00:45:24+00:00,2026-09-23T01:00:30+00:00,South Africa,Lion Plushie,0,1502,restock,Prometheus,1790125230
2026-09-23T00:46:43+00:00,2026-09-23T00:59:44+00:00,UAE,Camel Plushie,418,0,stockout,YATA,1790125184
2026-09-23T00:46:43+00:00,2026-09-23T00:59:44+00:00,UAE,Natural Pearls,0,4903,restock,YATA,1790125184
2026-09-23T00:46:07+00:00,2026-09-23T01:00:32+00:00,China,Pangolin Scales,0,4523,restock,Prometheus,1790125232
2026-09-23T01:00:30+00:00,2026-09-23T01:18:53+00:00,South Africa,Raw Ivory,0,1895,restock,Prometheus,1790126333
2026-09-23T00:59:44+00:00,2026-09-23T01:18:52+00:00,UAE,Camel Plushie,0,1491,restock,Prometheus,1790126332
2026-09-23T01:18:53+00:00,2026-09-23T01:35:40+00:00,South Africa,Smoke Grenade,0,2500,restock,Prometheus,1790127340
2026-09-23T01:19:01+00:00,2026-09-23T01:35:34+00:00,Japan,Xanax,0,886,restock,Prometheus,1790127334
2026-09-23T01:19:31+00:00,2026-09-23T01:35:13+00:00,Hawaii,Shark Fin,0,946,restock,YATA,1790127313
2026-09-23T01:19:31+00:00,2026-09-23T01:35:32+00:00,China,Panda Plushie,561,0,stockout,Prometheus,1790127332
2026-09-23T01:35:34+00:00,2026-09-23T01:48:15+00:00,Japan,Xanax,886,0,stockout,Prometheus,1790128095
2026-09-23T01:35:38+00:00,2026-09-23T01:48:51+00:00,UAE,Camel Plushie,543,0,stockout,Prometheus,1790128131
2026-09-23T01:35:13+00:00,2026-09-23T01:48:41+00:00,Hawaii,Shark Fin,946,0,stockout,YATA,1790128121
2026-09-23T01:35:32+00:00,2026-09-23T01:48:22+00:00,China,Panda Plushie,0,2417,restock,Prometheus,1790128102
2026-09-23T01:48:03+00:00,2026-09-23T02:01:37+00:00,United Kingdom,Xanax,9,0,stockout,Prometheus,1790128897
2026-09-23T01:48:51+00:00,2026-09-23T02:02:04+00:00,UAE,Camel Plushie,0,2200,restock,Prometheus,1790128924
2026-09-23T01:48:22+00:00,2026-09-23T02:02:00+00:00,China,Pangolin Scales,58,0,stockout,Prometheus,1790128920
2026-09-23T01:48:22+00:00,2026-09-23T02:02:00+00:00,China,Peony,214,0,stockout,Prometheus,1790128920
2026-09-23T02:21:42+00:00,2026-09-23T02:38:27+00:00,South Africa,Raw Ivory,24,0,stockout,Prometheus,1790131107
2026-09-23T02:21:42+00:00,2026-09-23T02:38:27+00:00,South Africa,Lion Plushie,442,0,stockout,Prometheus,1790131107
2026-09-23T02:21:34+00:00,2026-09-23T02:38:17+00:00,UAE,Camel Plushie,978,0,stockout,Prometheus,1790131097
2026-09-23T02:21:45+00:00,2026-09-23T02:38:57+00:00,China,Pangolin Scales,0,2991,restock,Prometheus,1790131137
2026-09-23T02:38:27+00:00,2026-09-23T02:53:38+00:00,South Africa,Lion Plushie,0,2034,restock,Prometheus,1790132018
2026-09-23T02:38:17+00:00,2026-09-23T02:53:09+00:00,UAE,Camel Plushie,0,2322,restock,YATA,1790131989
2026-09-23T02:21:52+00:00,2026-09-23T02:39:06+00:00,Hawaii,Shark Fin,0,5000,restock,Prometheus,1790131146
2026-09-23T02:53:36+00:00,2026-09-23T03:11:52+00:00,Hawaii,Shark Fin,516,0,stockout,Prometheus,1790133112
2026-09-23T02:53:30+00:00,2026-09-23T03:11:50+00:00,China,Peony,0,9729,restock,Prometheus,1790133110
2026-09-23T03:30:29+00:00,2026-09-23T03:46:40+00:00,South Africa,African Violet,122,0,stockout,YATA,1790135200
2026-09-23T03:30:28+00:00,2026-09-23T03:46:49+00:00,Japan,Xanax,0,662,restock,Prometheus,1790135209
2026-09-23T03:30:15+00:00,2026-09-23T03:46:46+00:00,China,Panda Plushie,130,0,stockout,Prometheus,1790135206
2026-09-23T03:11:50+00:00,2026-09-23T03:30:15+00:00,China,Pangolin Scales,1292,0,stockout,Prometheus,1790134215
2026-09-23T03:46:49+00:00,2026-09-23T03:59:37+00:00,Japan,Xanax,662,0,stockout,Prometheus,1790135977
2026-09-23T03:46:18+00:00,2026-09-23T03:59:09+00:00,United Kingdom,Xanax,0,2384,restock,Prometheus,1790135949
2026-09-23T03:46:46+00:00,2026-09-23T03:59:15+00:00,China,Panda Plushie,0,2014,restock,Prometheus,1790135955
2026-09-23T03:59:04+00:00,2026-09-23T04:20:43+00:00,South Africa,Lion Plushie,899,0,stockout,YATA,1790137243
2026-09-23T03:59:37+00:00,2026-09-23T04:20:36+00:00,UAE,Camel Plushie,1369,0,stockout,Prometheus,1790137236
2026-09-23T03:59:28+00:00,2026-09-23T04:20:09+00:00,Hawaii,Shark Fin,0,587,restock,Prometheus,1790137209
2026-09-23T03:59:15+00:00,2026-09-23T04:20:11+00:00,China,Pangolin Scales,0,2844,restock,YATA,1790137211
2026-09-23T04:20:43+00:00,2026-09-23T04:39:00+00:00,South Africa,Lion Plushie,0,339,restock,Prometheus,1790138340
2026-09-23T04:20:43+00:00,2026-09-23T04:39:00+00:00,South Africa,African Violet,0,9831,restock,Prometheus,1790138340
2026-09-23T04:20:36+00:00,2026-09-23T04:38:49+00:00,UAE,Camel Plushie,0,2006,restock,Prometheus,1790138329
2026-09-23T04:20:09+00:00,2026-09-23T04:39:08+00:00,Hawaii,Shark Fin,587,0,stockout,Prometheus,1790138348
2026-09-23T04:39:00+00:00,2026-09-23T04:54:24+00:00,South Africa,Smoke Grenade,22,0,stockout,Prometheus,1790139264
2026-09-23T04:39:00+00:00,2026-09-23T04:54:24+00:00,South Africa,Lion Plushie,339,0,stockout,Prometheus,1790139264
2026-09-23T04:39:00+00:00,2026-09-23T04:54:33+00:00,Switzerland,Neumune Tablet,0,2,restock,Prometheus,1790139273
2026-09-23T04:38:52+00:00,2026-09-23T04:54:12+00:00,China,Panda Plushie,150,0,stockout,Prometheus,1790139252
2026-09-23T04:54:24+00:00,2026-09-23T05:12:13+00:00,South Africa,Lion Plushie,0,1055,restock,Prometheus,1790140333
2026-09-23T04:54:09+00:00,2026-09-23T05:11:10+00:00,UAE,Camel Plushie,948,0,stockout,YATA,1790140270
2026-09-23T04:54:33+00:00,2026-09-23T05:12:19+00:00,Switzerland,Neumune Tablet,2,0,stockout,Prometheus,1790140339
2026-09-23T04:54:12+00:00,2026-09-23T05:11:24+00:00,China,Panda Plushie,0,1609,restock,Prometheus,1790140284
2026-09-23T04:54:12+00:00,2026-09-23T05:11:24+00:00,China,Pangolin Scales,949,0,stockout,Prometheus,1790140284
2026-09-23T05:12:13+00:00,2026-09-23T05:29:10+00:00,South Africa,Lion Plushie,1055,0,stockout,YATA,1790141350
2026-09-23T05:11:10+00:00,2026-09-23T05:29:34+00:00,UAE,Camel Plushie,0,1869,restock,YATA,1790141374
2026-09-23T05:12:10+00:00,2026-09-23T05:29:53+00:00,Hawaii,Shark Fin,0,2742,restock,Prometheus,1790141393
2026-09-23T05:29:10+00:00,2026-09-23T05:45:37+00:00,South Africa,Raw Ivory,0,1661,restock,YATA,1790142337
2026-09-23T05:29:10+00:00,2026-09-23T05:45:37+00:00,South Africa,Smoke Grenade,0,2500,restock,YATA,1790142337
2026-09-23T05:29:10+00:00,2026-09-23T05:45:37+00:00,South Africa,Lion Plushie,0,2105,restock,YATA,1790142337
2026-09-23T05:29:34+00:00,2026-09-23T05:45:07+00:00,UAE,Natural Pearls,93,0,stockout,YATA,1790142307
2026-09-23T05:29:53+00:00,2026-09-23T05:45:21+00:00,China,Panda Plushie,421,0,stockout,Prometheus,1790142321
2026-09-23T05:29:53+00:00,2026-09-23T05:45:21+00:00,China,Pangolin Scales,0,3819,restock,Prometheus,1790142321
2026-09-23T05:45:07+00:00,2026-09-23T05:57:45+00:00,UAE,Camel Plushie,807,0,stockout,YATA,1790143065
2026-09-23T05:45:49+00:00,2026-09-23T05:58:15+00:00,Hawaii,Shark Fin,286,0,stockout,Prometheus,1790143095
2026-09-23T05:45:21+00:00,2026-09-23T05:57:38+00:00,China,Panda Plushie,0,2130,restock,Prometheus,1790143058
2026-09-23T05:58:07+00:00,2026-09-23T06:23:50+00:00,South Africa,Lion Plushie,1353,0,stockout,YATA,1790144630
2026-09-23T05:57:45+00:00,2026-09-23T06:24:44+00:00,UAE,Tribulus Omanense,1020,0,stockout,Prometheus,1790144684
2026-09-23T05:57:45+00:00,2026-09-23T06:24:44+00:00,UAE,Camel Plushie,0,1535,restock,Prometheus,1790144684
2026-09-23T05:57:45+00:00,2026-09-23T06:24:44+00:00,UAE,Natural Pearls,0,4743,restock,Prometheus,1790144684
2026-09-23T06:23:50+00:00,2026-09-23T06:46:39+00:00,South Africa,Raw Ivory,76,0,stockout,Prometheus,1790145999
2026-09-23T06:23:50+00:00,2026-09-23T06:46:39+00:00,South Africa,Lion Plushie,0,1215,restock,Prometheus,1790145999
2026-09-23T06:24:44+00:00,2026-09-23T06:46:32+00:00,UAE,Camel Plushie,1535,0,stockout,Prometheus,1790145992
2026-09-23T06:24:38+00:00,2026-09-23T06:46:42+00:00,Switzerland,Neumune Tablet,0,3,restock,Prometheus,1790146002
2026-09-23T06:24:05+00:00,2026-09-23T06:46:56+00:00,China,Panda Plushie,809,0,stockout,Prometheus,1790146016
2026-09-23T06:24:05+00:00,2026-09-23T06:46:56+00:00,China,Pangolin Scales,41,0,stockout,Prometheus,1790146016
2026-09-23T06:46:32+00:00,2026-09-23T07:00:44+00:00,UAE,Camel Plushie,0,2066,restock,YATA,1790146844
2026-09-23T06:46:42+00:00,2026-09-23T07:00:48+00:00,Switzerland,Neumune Tablet,3,0,stockout,Prometheus,1790146848
2026-09-23T06:46:52+00:00,2026-09-23T07:00:20+00:00,Hawaii,Shark Fin,0,873,restock,YATA,1790146820
2026-09-23T06:46:56+00:00,2026-09-23T07:01:00+00:00,China,Panda Plushie,0,1633,restock,Prometheus,1790146860
2026-09-23T06:46:56+00:00,2026-09-23T07:01:00+00:00,China,Pangolin Scales,0,4341,restock,Prometheus,1790146860
2026-09-23T07:00:44+00:00,2026-09-23T07:21:29+00:00,UAE,Tribulus Omanense,0,9887,restock,Prometheus,1790148089
2026-09-23T07:00:20+00:00,2026-09-23T07:22:08+00:00,Hawaii,Shark Fin,873,0,stockout,Prometheus,1790148128
2026-09-23T07:21:29+00:00,2026-09-23T07:39:01+00:00,UAE,Camel Plushie,583,0,stockout,YATA,1790149141
2026-09-23T07:22:06+00:00,2026-09-23T07:39:39+00:00,China,Panda Plushie,853,0,stockout,Prometheus,1790149179
2026-09-23T07:22:06+00:00,2026-09-23T07:39:39+00:00,China,Pangolin Scales,1462,0,stockout,Prometheus,1790149179
2026-09-23T07:39:01+00:00,2026-09-23T07:54:10+00:00,UAE,Camel Plushie,0,1831,restock,YATA,1790150050
2026-09-23T07:39:39+00:00,2026-09-23T07:54:47+00:00,China,Panda Plushie,0,2162,restock,Prometheus,1790150087
2026-09-23T07:54:10+00:00,2026-09-23T08:15:16+00:00,UAE,Camel Plushie,1831,0,stockout,YATA,1790151316
2026-09-23T07:55:00+00:00,2026-09-23T08:16:01+00:00,Hawaii,Shark Fin,0,549,restock,Prometheus,1790151361
2026-09-23T07:54:47+00:00,2026-09-23T08:15:55+00:00,China,Pangolin Scales,0,2966,restock,Prometheus,1790151355
2026-09-23T07:54:47+00:00,2026-09-23T08:15:55+00:00,China,Peony,328,0,stockout,Prometheus,1790151355
2026-09-23T08:16:04+00:00,2026-09-23T08:34:15+00:00,South Africa,Xanax,5,0,stockout,Prometheus,1790152455
2026-09-23T08:16:09+00:00,2026-09-23T08:34:02+00:00,Japan,Xanax,0,325,restock,Prometheus,1790152442
2026-09-23T08:15:16+00:00,2026-09-23T08:34:15+00:00,UAE,Camel Plushie,0,2025,restock,Prometheus,1790152455
2026-09-23T08:16:01+00:00,2026-09-23T08:34:05+00:00,Hawaii,Shark Fin,549,0,stockout,Prometheus,1790152445
2026-09-23T08:15:55+00:00,2026-09-23T08:34:05+00:00,China,Panda Plushie,841,0,stockout,Prometheus,1790152445
2026-09-23T08:34:15+00:00,2026-09-23T08:49:31+00:00,South Africa,Lion Plushie,68,0,stockout,Prometheus,1790153371
2026-09-23T08:34:02+00:00,2026-09-23T08:50:13+00:00,Japan,Xanax,325,0,stockout,Prometheus,1790153413
2026-09-23T08:34:05+00:00,2026-09-23T08:50:23+00:00,China,Panda Plushie,0,1374,restock,YATA,1790153423
2026-09-23T08:34:05+00:00,2026-09-23T08:50:23+00:00,China,Pangolin Scales,554,0,stockout,YATA,1790153423
2026-09-23T08:49:31+00:00,2026-09-23T09:05:50+00:00,South Africa,Smoke Grenade,105,0,stockout,Prometheus,1790154350
2026-09-23T08:49:31+00:00,2026-09-23T09:05:50+00:00,South Africa,Lion Plushie,0,1016,restock,Prometheus,1790154350
2026-09-23T08:50:42+00:00,2026-09-23T09:05:33+00:00,UAE,Camel Plushie,588,0,stockout,Prometheus,1790154333
2026-09-23T08:50:23+00:00,2026-09-23T09:06:10+00:00,China,Panda Plushie,1374,0,stockout,Prometheus,1790154370
2026-09-23T09:05:50+00:00,2026-09-23T09:25:01+00:00,South Africa,Raw Ivory,0,2078,restock,YATA,1790155501
2026-09-23T09:05:50+00:00,2026-09-23T09:25:01+00:00,South Africa,Lion Plushie,1016,0,stockout,YATA,1790155501
2026-09-23T09:05:33+00:00,2026-09-23T09:25:33+00:00,UAE,Camel Plushie,0,1381,restock,Prometheus,1790155533
2026-09-23T09:06:10+00:00,2026-09-23T09:25:24+00:00,China,Panda Plushie,0,1974,restock,Prometheus,1790155524
2026-09-23T09:06:10+00:00,2026-09-23T09:25:24+00:00,China,Pangolin Scales,0,1821,restock,Prometheus,1790155524
2026-09-23T09:06:10+00:00,2026-09-23T09:25:24+00:00,China,Peony,0,8942,restock,Prometheus,1790155524
2026-09-23T09:25:01+00:00,2026-09-23T09:43:47+00:00,South Africa,Lion Plushie,0,1615,restock,Prometheus,1790156627
2026-09-23T09:25:01+00:00,2026-09-23T09:43:47+00:00,South Africa,African Violet,250,0,stockout,Prometheus,1790156627
2026-09-23T09:25:28+00:00,2026-09-23T09:43:42+00:00,United Kingdom,Xanax,164,0,stockout,Prometheus,1790156622
2026-09-23T09:25:33+00:00,2026-09-23T09:43:38+00:00,UAE,Camel Plushie,1381,0,stockout,Prometheus,1790156618
2026-09-23T09:25:33+00:00,2026-09-23T09:43:38+00:00,UAE,Natural Pearls,250,0,stockout,Prometheus,1790156618
2026-09-23T09:25:24+00:00,2026-09-23T09:43:34+00:00,China,Pangolin Scales,1821,0,stockout,Prometheus,1790156614
2026-09-23T09:43:47+00:00,2026-09-23T09:57:19+00:00,South Africa,Smoke Grenade,0,2482,restock,Prometheus,1790157439
2026-09-23T09:43:38+00:00,2026-09-23T09:57:19+00:00,UAE,Camel Plushie,0,1843,restock,Prometheus,1790157439
2026-09-23T09:43:34+00:00,2026-09-23T09:57:10+00:00,China,Panda Plushie,468,0,stockout,Prometheus,1790157430
2026-09-23T09:57:19+00:00,2026-09-23T10:17:56+00:00,South Africa,Raw Ivory,681,0,stockout,Prometheus,1790158676
2026-09-23T09:57:19+00:00,2026-09-23T10:17:56+00:00,South Africa,Lion Plushie,542,0,stockout,Prometheus,1790158676
2026-09-23T09:57:19+00:00,2026-09-23T10:18:04+00:00,UAE,Camel Plushie,1843,0,stockout,Prometheus,1790158684
2026-09-23T09:57:19+00:00,2026-09-23T10:18:04+00:00,UAE,Natural Pearls,0,4404,restock,Prometheus,1790158684
2026-09-23T09:57:10+00:00,2026-09-23T10:17:47+00:00,China,Panda Plushie,0,1764,restock,YATA,1790158667
2026-09-23T09:57:10+00:00,2026-09-23T10:17:47+00:00,China,Pangolin Scales,0,3271,restock,YATA,1790158667
2026-09-23T10:17:56+00:00,2026-09-23T10:35:08+00:00,South Africa,Xanax,0,2472,restock,Prometheus,1790159708
2026-09-23T10:17:56+00:00,2026-09-23T10:35:08+00:00,South Africa,Lion Plushie,0,1180,restock,Prometheus,1790159708
2026-09-23T10:17:56+00:00,2026-09-23T10:35:08+00:00,South Africa,African Violet,0,9824,restock,Prometheus,1790159708
2026-09-23T10:18:01+00:00,2026-09-23T10:35:19+00:00,Japan,Xanax,0,1180,restock,Prometheus,1790159719
2026-09-23T10:18:04+00:00,2026-09-23T10:35:07+00:00,UAE,Camel Plushie,0,2051,restock,Prometheus,1790159707
2026-09-23T10:35:08+00:00,2026-09-23T10:51:17+00:00,South Africa,Lion Plushie,1180,0,stockout,Prometheus,1790160677
2026-09-23T10:35:19+00:00,2026-09-23T10:51:10+00:00,Japan,Xanax,1180,0,stockout,YATA,1790160670
2026-09-23T10:35:01+00:00,2026-09-23T10:51:16+00:00,China,Panda Plushie,521,0,stockout,Prometheus,1790160676
2026-09-23T10:51:17+00:00,2026-09-23T11:06:38+00:00,South Africa,Lion Plushie,0,2335,restock,Prometheus,1790161598
2026-09-23T10:51:29+00:00,2026-09-23T11:07:39+00:00,UAE,Tribulus Omanense,243,0,stockout,Prometheus,1790161659
2026-09-23T10:51:29+00:00,2026-09-23T11:07:39+00:00,UAE,Camel Plushie,195,0,stockout,Prometheus,1790161659
2026-09-23T10:51:16+00:00,2026-09-23T11:07:40+00:00,China,Panda Plushie,0,1681,restock,Prometheus,1790161660
2026-09-23T10:51:16+00:00,2026-09-23T11:07:40+00:00,China,Pangolin Scales,282,0,stockout,Prometheus,1790161660
2026-09-23T11:07:39+00:00,2026-09-23T11:25:55+00:00,UAE,Camel Plushie,0,813,restock,YATA,1790162755
2026-09-23T11:07:40+00:00,2026-09-23T11:26:16+00:00,China,Pangolin Scales,0,4925,restock,Prometheus,1790162776
2026-09-23T11:25:22+00:00,2026-09-23T11:42:26+00:00,South Africa,Lion Plushie,664,0,stockout,Prometheus,1790163746
2026-09-23T11:26:29+00:00,2026-09-23T11:43:25+00:00,United Kingdom,Xanax,0,2498,restock,Prometheus,1790163805
2026-09-23T11:25:55+00:00,2026-09-23T11:43:54+00:00,UAE,Camel Plushie,813,0,stockout,YATA,1790163834
2026-09-23T11:26:29+00:00,2026-09-23T11:43:49+00:00,Hawaii,Shark Fin,0,389,restock,Prometheus,1790163829
2026-09-23T11:26:16+00:00,2026-09-23T11:43:41+00:00,China,Panda Plushie,445,0,stockout,Prometheus,1790163821
2026-09-23T11:42:26+00:00,2026-09-23T11:56:46+00:00,South Africa,Lion Plushie,0,1824,restock,Prometheus,1790164606
2026-09-23T11:43:55+00:00,2026-09-23T11:56:55+00:00,Canada,Xanax,11,0,stockout,Prometheus,1790164615
2026-09-23T11:43:54+00:00,2026-09-23T11:56:50+00:00,UAE,Camel Plushie,0,1428,restock,Prometheus,1790164610
2026-09-23T11:43:49+00:00,2026-09-23T11:57:08+00:00,Hawaii,Shark Fin,389,0,stockout,Prometheus,1790164628
2026-09-23T11:43:41+00:00,2026-09-23T11:57:05+00:00,China,Panda Plushie,0,1961,restock,Prometheus,1790164625
2026-09-23T11:56:46+00:00,2026-09-23T12:23:04+00:00,South Africa,Smoke Grenade,3,0,stockout,Prometheus,1790166184
2026-09-23T11:56:46+00:00,2026-09-23T12:23:04+00:00,South Africa,Lion Plushie,1824,0,stockout,Prometheus,1790166184
2026-09-23T11:56:50+00:00,2026-09-23T12:21:40+00:00,UAE,Tribulus Omanense,0,8529,restock,Prometheus,1790166100
2026-09-23T11:56:50+00:00,2026-09-23T12:21:40+00:00,UAE,Camel Plushie,1428,0,stockout,Prometheus,1790166100
2026-09-23T11:56:50+00:00,2026-09-23T12:21:40+00:00,UAE,Natural Pearls,733,0,stockout,Prometheus,1790166100
2026-09-23T11:57:05+00:00,2026-09-23T12:23:07+00:00,China,Panda Plushie,1961,0,stockout,Prometheus,1790166187
2026-09-23T11:57:05+00:00,2026-09-23T12:23:07+00:00,China,Pangolin Scales,359,0,stockout,Prometheus,1790166187
2026-09-23T12:23:04+00:00,2026-09-23T12:43:21+00:00,South Africa,Lion Plushie,0,1396,restock,Prometheus,1790167401
2026-09-23T12:23:04+00:00,2026-09-23T12:44:36+00:00,Japan,Xanax,0,732,restock,Prometheus,1790167476
2026-09-23T12:21:40+00:00,2026-09-23T12:44:25+00:00,UAE,Camel Plushie,0,799,restock,Prometheus,1790167465
2026-09-23T12:23:04+00:00,2026-09-23T12:44:34+00:00,Hawaii,Shark Fin,0,2212,restock,Prometheus,1790167474
2026-09-23T12:23:07+00:00,2026-09-23T12:44:30+00:00,China,Panda Plushie,0,1741,restock,YATA,1790167470
2026-09-23T12:23:07+00:00,2026-09-23T12:44:30+00:00,China,Pangolin Scales,0,2631,restock,YATA,1790167470
2026-09-23T12:23:07+00:00,2026-09-23T12:44:30+00:00,China,Peony,72,0,stockout,YATA,1790167470
2026-09-23T12:43:21+00:00,2026-09-23T12:58:09+00:00,South Africa,Smoke Grenade,0,2420,restock,Prometheus,1790168289
2026-09-23T12:44:36+00:00,2026-09-23T13:00:04+00:00,Japan,Xanax,732,0,stockout,Prometheus,1790168404
2026-09-23T12:44:25+00:00,2026-09-23T13:00:01+00:00,UAE,Camel Plushie,799,0,stockout,Prometheus,1790168401
2026-09-23T12:44:25+00:00,2026-09-23T13:00:01+00:00,UAE,Natural Pearls,0,4654,restock,Prometheus,1790168401
2026-09-23T12:44:34+00:00,2026-09-23T13:00:07+00:00,Hawaii,Shark Fin,2212,0,stockout,Prometheus,1790168407
2026-09-23T12:58:09+00:00,2026-09-23T13:22:10+00:00,South Africa,Raw Ivory,0,2325,restock,Prometheus,1790169730
2026-09-23T13:00:01+00:00,2026-09-23T13:21:39+00:00,UAE,Camel Plushie,0,1517,restock,Prometheus,1790169699
2026-09-23T13:00:01+00:00,2026-09-23T13:22:25+00:00,China,Pangolin Scales,1259,0,stockout,Prometheus,1790169745
2026-09-23T13:22:25+00:00,2026-09-23T13:40:18+00:00,China,Peony,0,9603,restock,Prometheus,1790170818
2026-09-23T13:40:28+00:00,2026-09-23T13:54:33+00:00,South Africa,Lion Plushie,775,0,stockout,Prometheus,1790171673
2026-09-23T13:40:06+00:00,2026-09-23T13:54:34+00:00,Canada,Xanax,0,2469,restock,Prometheus,1790171674
2026-09-23T13:40:03+00:00,2026-09-23T13:53:59+00:00,UAE,Camel Plushie,72,0,stockout,Prometheus,1790171639
2026-09-23T13:40:18+00:00,2026-09-23T13:54:37+00:00,China,Panda Plushie,332,0,stockout,Prometheus,1790171677
2026-09-23T13:40:18+00:00,2026-09-23T13:54:37+00:00,China,Pangolin Scales,0,3123,restock,Prometheus,1790171677
2026-09-23T13:54:33+00:00,2026-09-23T14:14:34+00:00,South Africa,Lion Plushie,0,2032,restock,Prometheus,1790172874
2026-09-23T13:53:59+00:00,2026-09-23T14:14:48+00:00,UAE,Camel Plushie,0,447,restock,Prometheus,1790172888
2026-09-23T13:54:37+00:00,2026-09-23T14:14:52+00:00,China,Panda Plushie,0,1204,restock,Prometheus,1790172892
2026-09-23T14:14:34+00:00,2026-09-23T14:33:15+00:00,South Africa,Raw Ivory,10,0,stockout,Prometheus,1790173995
2026-09-23T14:14:48+00:00,2026-09-23T14:33:38+00:00,UAE,Camel Plushie,447,0,stockout,YATA,1790174018
2026-09-23T14:14:52+00:00,2026-09-23T14:33:58+00:00,China,Panda Plushie,1204,0,stockout,Prometheus,1790174038
2026-09-23T14:14:52+00:00,2026-09-23T14:33:58+00:00,China,Pangolin Scales,153,0,stockout,Prometheus,1790174038
2026-09-23T14:33:15+00:00,2026-09-23T14:51:07+00:00,South Africa,Lion Plushie,579,0,stockout,Prometheus,1790175067
2026-09-23T14:33:38+00:00,2026-09-23T14:51:39+00:00,UAE,Camel Plushie,0,698,restock,YATA,1790175099
2026-09-23T14:33:58+00:00,2026-09-23T14:51:41+00:00,China,Panda Plushie,0,2093,restock,Prometheus,1790175101
2026-09-23T14:33:58+00:00,2026-09-23T14:51:41+00:00,China,Pangolin Scales,0,3459,restock,Prometheus,1790175101
2026-09-23T14:51:07+00:00,2026-09-23T15:07:11+00:00,South Africa,Lion Plushie,0,1264,restock,Prometheus,1790176031
2026-09-23T14:51:39+00:00,2026-09-23T15:07:48+00:00,UAE,Camel Plushie,698,0,stockout,YATA,1790176068
2026-09-23T15:07:11+00:00,2026-09-23T15:27:14+00:00,South Africa,Lion Plushie,1264,0,stockout,YATA,1790177234
2026-09-23T15:07:11+00:00,2026-09-23T15:27:14+00:00,South Africa,African Violet,771,0,stockout,YATA,1790177234
2026-09-23T15:07:48+00:00,2026-09-23T15:27:22+00:00,UAE,Camel Plushie,0,571,restock,Prometheus,1790177242
2026-09-23T15:07:48+00:00,2026-09-23T15:27:22+00:00,UAE,Natural Pearls,364,0,stockout,Prometheus,1790177242
2026-09-23T15:07:54+00:00,2026-09-23T15:27:22+00:00,China,Panda Plushie,730,0,stockout,Prometheus,1790177242
2026-09-23T15:07:54+00:00,2026-09-23T15:27:22+00:00,China,Pangolin Scales,779,0,stockout,Prometheus,1790177242
2026-09-23T15:27:14+00:00,2026-09-23T15:45:31+00:00,South Africa,Lion Plushie,0,1451,restock,Prometheus,1790178331
2026-09-23T15:27:22+00:00,2026-09-23T15:45:45+00:00,UAE,Tribulus Omanense,948,0,stockout,Prometheus,1790178345
2026-09-23T15:27:22+00:00,2026-09-23T15:45:45+00:00,UAE,Camel Plushie,571,0,stockout,Prometheus,1790178345
2026-09-23T15:27:22+00:00,2026-09-23T15:45:43+00:00,China,Panda Plushie,0,1036,restock,Prometheus,1790178343
2026-09-23T15:27:22+00:00,2026-09-23T15:45:43+00:00,China,Pangolin Scales,0,4874,restock,Prometheus,1790178343
2026-09-23T15:45:45+00:00,2026-09-23T15:57:57+00:00,UAE,Camel Plushie,0,1186,restock,Prometheus,1790179077
2026-09-23T15:45:45+00:00,2026-09-23T15:57:57+00:00,UAE,Natural Pearls,0,4339,restock,Prometheus,1790179077
2026-09-23T15:57:36+00:00,2026-09-23T16:20:30+00:00,South Africa,Smoke Grenade,48,0,stockout,YATA,1790180430
2026-09-23T15:57:57+00:00,2026-09-23T16:20:54+00:00,UAE,Camel Plushie,1186,0,stockout,Prometheus,1790180454
2026-09-23T15:58:22+00:00,2026-09-23T16:20:37+00:00,China,Pangolin Scales,2495,0,stockout,Prometheus,1790180437
2026-09-23T16:20:30+00:00,2026-09-23T16:38:38+00:00,South Africa,Lion Plushie,1544,0,stockout,YATA,1790181518
2026-09-23T16:20:30+00:00,2026-09-23T16:38:38+00:00,South Africa,African Violet,0,9585,restock,YATA,1790181518
2026-09-23T16:20:37+00:00,2026-09-23T16:39:31+00:00,China,Panda Plushie,1929,0,stockout,Prometheus,1790181571
2026-09-23T16:20:37+00:00,2026-09-23T16:39:31+00:00,China,Peony,308,0,stockout,Prometheus,1790181571
2026-09-23T16:38:38+00:00,2026-09-23T16:54:30+00:00,South Africa,Lion Plushie,0,1926,restock,YATA,1790182470
2026-09-23T16:39:30+00:00,2026-09-23T16:53:58+00:00,UAE,Tribulus Omanense,0,8899,restock,Prometheus,1790182438
2026-09-23T16:39:30+00:00,2026-09-23T16:53:58+00:00,UAE,Camel Plushie,0,2416,restock,Prometheus,1790182438
2026-09-23T16:39:31+00:00,2026-09-23T16:54:31+00:00,China,Panda Plushie,0,2261,restock,Prometheus,1790182471
2026-09-23T16:39:31+00:00,2026-09-23T16:54:31+00:00,China,Pangolin Scales,0,3693,restock,Prometheus,1790182471
2026-09-23T16:54:30+00:00,2026-09-23T17:13:40+00:00,South Africa,Raw Ivory,0,2206,restock,Prometheus,1790183620
2026-09-23T16:54:30+00:00,2026-09-23T17:13:40+00:00,South Africa,Smoke Grenade,0,2217,restock,Prometheus,1790183620
2026-09-23T16:54:26+00:00,2026-09-23T17:13:57+00:00,Japan,Xanax,0,660,restock,Prometheus,1790183637
2026-09-23T17:13:40+00:00,2026-09-23T17:31:07+00:00,South Africa,Lion Plushie,340,0,stockout,Prometheus,1790184667
2026-09-23T17:13:57+00:00,2026-09-23T17:31:08+00:00,Japan,Xanax,660,0,stockout,Prometheus,1790184668
2026-09-23T17:13:59+00:00,2026-09-23T17:30:43+00:00,UAE,Camel Plushie,371,0,stockout,Prometheus,1790184643
2026-09-23T17:13:47+00:00,2026-09-23T17:31:11+00:00,China,Panda Plushie,683,0,stockout,Prometheus,1790184671
2026-09-23T17:13:47+00:00,2026-09-23T17:31:11+00:00,China,Pangolin Scales,1451,0,stockout,Prometheus,1790184671
2026-09-23T17:13:47+00:00,2026-09-23T17:31:11+00:00,China,Peony,0,9258,restock,Prometheus,1790184671
2026-09-23T17:31:07+00:00,2026-09-23T17:44:33+00:00,South Africa,Lion Plushie,0,1639,restock,Prometheus,1790185473
2026-09-23T17:30:43+00:00,2026-09-23T17:45:23+00:00,UAE,Camel Plushie,0,1058,restock,Prometheus,1790185523
2026-09-23T17:31:11+00:00,2026-09-23T17:45:27+00:00,China,Panda Plushie,0,1570,restock,Prometheus,1790185527
2026-09-23T17:45:23+00:00,2026-09-23T17:57:43+00:00,UAE,Camel Plushie,1058,0,stockout,Prometheus,1790186263
2026-09-23T17:45:27+00:00,2026-09-23T17:57:37+00:00,China,Pangolin Scales,0,4841,restock,Prometheus,1790186257
2026-09-23T17:56:53+00:00,2026-09-23T18:22:21+00:00,South Africa,Lion Plushie,939,0,stockout,Prometheus,1790187741
2026-09-23T17:57:43+00:00,2026-09-23T18:22:23+00:00,UAE,Camel Plushie,0,1601,restock,YATA,1790187743
2026-09-23T17:57:43+00:00,2026-09-23T18:22:23+00:00,UAE,Natural Pearls,629,0,stockout,YATA,1790187743
2026-09-23T17:57:43+00:00,2026-09-23T18:22:17+00:00,Hawaii,Shark Fin,0,2567,restock,Prometheus,1790187737
2026-09-23T18:22:21+00:00,2026-09-23T18:41:10+00:00,South Africa,Raw Ivory,138,0,stockout,YATA,1790188870
2026-09-23T18:22:21+00:00,2026-09-23T18:41:10+00:00,South Africa,Lion Plushie,0,2011,restock,YATA,1790188870
2026-09-23T18:22:22+00:00,2026-09-23T18:41:13+00:00,United Kingdom,Xanax,12,0,stockout,Prometheus,1790188873
2026-09-23T18:22:17+00:00,2026-09-23T18:41:14+00:00,Hawaii,Shark Fin,2567,0,stockout,Prometheus,1790188874
2026-09-23T18:22:20+00:00,2026-09-23T18:41:08+00:00,China,Pangolin Scales,1920,0,stockout,Prometheus,1790188868
2026-09-23T18:22:23+00:00,2026-09-23T18:41:12+00:00,UAE,Camel Plushie,1601,0,stockout,Prometheus,1790188872
2026-09-23T18:41:12+00:00,2026-09-23T18:56:07+00:00,UAE,Natural Pearls,0,4924,restock,YATA,1790189767
2026-09-23T18:41:08+00:00,2026-09-23T18:56:18+00:00,China,Panda Plushie,788,0,stockout,Prometheus,1790189778
2026-09-23T18:55:21+00:00,2026-09-23T19:15:12+00:00,South Africa,Lion Plushie,775,0,stockout,Prometheus,1790190912
2026-09-23T18:56:06+00:00,2026-09-23T19:15:26+00:00,Japan,Xanax,0,882,restock,Prometheus,1790190926
2026-09-23T18:56:07+00:00,2026-09-23T19:15:01+00:00,UAE,Camel Plushie,0,963,restock,YATA,1790190901
2026-09-23T18:56:18+00:00,2026-09-23T19:15:27+00:00,China,Panda Plushie,0,2045,restock,Prometheus,1790190927
2026-09-23T18:56:18+00:00,2026-09-23T19:15:27+00:00,China,Pangolin Scales,0,3787,restock,Prometheus,1790190927
2026-09-23T19:15:12+00:00,2026-09-23T19:30:34+00:00,South Africa,Lion Plushie,0,1638,restock,YATA,1790191834
2026-09-23T19:15:26+00:00,2026-09-23T19:31:41+00:00,Japan,Xanax,882,0,stockout,Prometheus,1790191901
2026-09-23T19:15:01+00:00,2026-09-23T19:31:42+00:00,UAE,Camel Plushie,963,0,stockout,Prometheus,1790191902
2026-09-23T19:31:42+00:00,2026-09-23T19:46:43+00:00,UAE,Camel Plushie,0,2084,restock,Prometheus,1790192803
2026-09-23T19:46:37+00:00,2026-09-23T19:59:10+00:00,South Africa,Lion Plushie,430,0,stockout,YATA,1790193550
2026-09-23T19:46:41+00:00,2026-09-23T19:59:26+00:00,China,Panda Plushie,460,0,stockout,Prometheus,1790193566
2026-09-23T19:46:41+00:00,2026-09-23T19:59:26+00:00,China,Pangolin Scales,774,0,stockout,Prometheus,1790193566
2026-09-23T19:59:10+00:00,2026-09-23T20:19:50+00:00,South Africa,Lion Plushie,0,1706,restock,YATA,1790194790
2026-09-23T19:58:48+00:00,2026-09-23T20:20:26+00:00,UAE,Camel Plushie,1093,0,stockout,Prometheus,1790194826
2026-09-23T19:59:26+00:00,2026-09-23T20:20:46+00:00,China,Panda Plushie,0,1742,restock,Prometheus,1790194846
2026-09-23T20:19:50+00:00,2026-09-23T20:37:14+00:00,South Africa,Smoke Grenade,17,0,stockout,YATA,1790195834
2026-09-23T20:20:38+00:00,2026-09-23T20:37:18+00:00,United Kingdom,Xanax,0,2474,restock,Prometheus,1790195838
2026-09-23T20:20:26+00:00,2026-09-23T20:37:08+00:00,UAE,Camel Plushie,0,1634,restock,YATA,1790195828
2026-09-23T20:20:43+00:00,2026-09-23T20:37:14+00:00,Hawaii,Shark Fin,0,2123,restock,Prometheus,1790195834
2026-09-23T20:20:46+00:00,2026-09-23T20:37:14+00:00,China,Pangolin Scales,0,3667,restock,Prometheus,1790195834
2026-09-23T20:37:14+00:00,2026-09-23T20:50:28+00:00,South Africa,Lion Plushie,300,0,stockout,Prometheus,1790196628
2026-09-23T20:37:14+00:00,2026-09-23T20:50:45+00:00,Hawaii,Shark Fin,2123,0,stockout,Prometheus,1790196645
2026-09-23T20:50:28+00:00,2026-09-23T21:06:52+00:00,South Africa,Lion Plushie,0,1263,restock,Prometheus,1790197612
2026-09-23T20:51:05+00:00,2026-09-23T21:06:37+00:00,UAE,Camel Plushie,533,0,stockout,Prometheus,1790197597
2026-09-23T20:51:00+00:00,2026-09-23T21:06:58+00:00,China,Panda Plushie,69,0,stockout,Prometheus,1790197618
2026-09-23T21:06:52+00:00,2026-09-23T21:25:22+00:00,South Africa,Raw Ivory,0,2142,restock,Prometheus,1790198722
2026-09-23T21:06:52+00:00,2026-09-23T21:25:22+00:00,South Africa,Smoke Grenade,0,2404,restock,Prometheus,1790198722
2026-09-23T21:06:37+00:00,2026-09-23T21:25:22+00:00,UAE,Camel Plushie,0,1643,restock,YATA,1790198722
2026-09-23T21:06:58+00:00,2026-09-23T21:25:19+00:00,China,Panda Plushie,0,1282,restock,Prometheus,1790198719
2026-09-23T21:06:58+00:00,2026-09-23T21:25:19+00:00,China,Pangolin Scales,767,0,stockout,Prometheus,1790198719
2026-09-23T21:25:17+00:00,2026-09-23T21:41:26+00:00,Japan,Xanax,0,241,restock,YATA,1790199686
2026-09-23T21:25:19+00:00,2026-09-23T21:41:26+00:00,China,Panda Plushie,1282,0,stockout,Prometheus,1790199686
2026-09-23T21:25:19+00:00,2026-09-23T21:41:26+00:00,China,Peony,12,0,stockout,Prometheus,1790199686
2026-09-23T21:41:26+00:00,2026-09-23T21:53:44+00:00,Japan,Xanax,241,0,stockout,Prometheus,1790200424
2026-09-23T21:41:20+00:00,2026-09-23T21:54:00+00:00,UAE,Tribulus Omanense,103,0,stockout,Prometheus,1790200440
2026-09-23T21:41:20+00:00,2026-09-23T21:54:00+00:00,UAE,Camel Plushie,628,0,stockout,Prometheus,1790200440
2026-09-23T21:41:33+00:00,2026-09-23T21:53:58+00:00,Hawaii,Shark Fin,0,1132,restock,Prometheus,1790200438
2026-09-23T21:41:26+00:00,2026-09-23T21:54:04+00:00,China,Panda Plushie,0,2202,restock,Prometheus,1790200444
2026-09-23T21:41:26+00:00,2026-09-23T21:54:04+00:00,China,Pangolin Scales,0,4133,restock,Prometheus,1790200444
2026-09-23T21:54:00+00:00,2026-09-23T22:13:02+00:00,UAE,Camel Plushie,0,1853,restock,YATA,1790201582
2026-09-23T21:54:00+00:00,2026-09-23T22:13:02+00:00,UAE,Natural Pearls,617,0,stockout,YATA,1790201582
2026-09-23T21:53:58+00:00,2026-09-23T22:12:47+00:00,Hawaii,Shark Fin,1132,0,stockout,YATA,1790201567
2026-09-23T22:13:08+00:00,2026-09-23T22:29:26+00:00,South Africa,Lion Plushie,519,0,stockout,YATA,1790202566
2026-09-23T22:12:51+00:00,2026-09-23T22:29:37+00:00,China,Peony,0,9924,restock,Prometheus,1790202577
2026-09-23T22:29:26+00:00,2026-09-23T22:42:33+00:00,South Africa,Raw Ivory,336,0,stockout,YATA,1790203353
2026-09-23T22:29:26+00:00,2026-09-23T22:42:33+00:00,South Africa,African Violet,373,0,stockout,YATA,1790203353
2026-09-23T22:29:19+00:00,2026-09-23T22:44:19+00:00,UAE,Camel Plushie,500,0,stockout,YATA,1790203459
2026-09-23T22:29:19+00:00,2026-09-23T22:44:19+00:00,UAE,Natural Pearls,0,5000,restock,YATA,1790203459
2026-09-23T22:29:37+00:00,2026-09-23T22:44:21+00:00,China,Pangolin Scales,834,0,stockout,Prometheus,1790203461
2026-09-23T22:42:33+00:00,2026-09-23T22:56:18+00:00,South Africa,Lion Plushie,0,1524,restock,YATA,1790204178
2026-09-23T22:44:19+00:00,2026-09-23T22:56:56+00:00,UAE,Tribulus Omanense,0,9841,restock,YATA,1790204216
2026-09-23T22:44:19+00:00,2026-09-23T22:56:56+00:00,UAE,Camel Plushie,0,1556,restock,YATA,1790204216
2026-09-23T22:29:37+00:00,2026-09-23T22:44:21+00:00,China,Panda Plushie,555,0,stockout,Prometheus,1790203461
2026-09-23T22:57:01+00:00,2026-09-23T23:14:25+00:00,Hawaii,Shark Fin,0,1167,restock,Prometheus,1790205265
2026-09-23T22:56:47+00:00,2026-09-23T23:13:36+00:00,China,Panda Plushie,0,1687,restock,YATA,1790205216
2026-09-23T22:56:47+00:00,2026-09-23T23:13:36+00:00,China,Pangolin Scales,0,4427,restock,YATA,1790205216
2026-09-23T23:14:24+00:00,2026-09-23T23:28:37+00:00,South Africa,Lion Plushie,142,0,stockout,Prometheus,1790206117
2026-09-23T23:14:13+00:00,2026-09-23T23:28:28+00:00,UAE,Camel Plushie,451,0,stockout,YATA,1790206108
2026-09-23T23:14:25+00:00,2026-09-23T23:28:44+00:00,Hawaii,Shark Fin,1167,0,stockout,Prometheus,1790206124
2026-09-23T23:28:37+00:00,2026-09-23T23:42:00+00:00,South Africa,Lion Plushie,0,1487,restock,YATA,1790206920
2026-09-23T23:28:37+00:00,2026-09-23T23:42:00+00:00,South Africa,African Violet,0,9929,restock,YATA,1790206920
2026-09-23T23:28:27+00:00,2026-09-23T23:43:16+00:00,Japan,Xanax,0,1212,restock,Prometheus,1790206996
2026-09-23T23:28:28+00:00,2026-09-23T23:41:23+00:00,UAE,Camel Plushie,0,1989,restock,YATA,1790206883
2026-09-23T23:43:16+00:00,2026-09-23T23:55:39+00:00,Japan,Xanax,1212,0,stockout,Prometheus,1790207739
2026-09-23T23:54:57+00:00,2026-09-24T00:22:36+00:00,UAE,Camel Plushie,1239,0,stockout,Prometheus,1790209356
2026-09-23T23:54:19+00:00,2026-09-24T00:22:30+00:00,China,Pangolin Scales,1552,0,stockout,Prometheus,1790209350
2026-09-24T00:22:36+00:00,2026-09-24T00:44:04+00:00,UAE,Camel Plushie,0,1583,restock,Prometheus,1790210644
2026-09-23T23:55:18+00:00,2026-09-24T00:22:42+00:00,Hawaii,Shark Fin,0,4305,restock,Prometheus,1790209362
2026-09-24T00:43:37+00:00,2026-09-24T00:58:04+00:00,South Africa,Lion Plushie,725,0,stockout,YATA,1790211484
2026-09-24T00:44:06+00:00,2026-09-24T00:58:48+00:00,Hawaii,Shark Fin,73,0,stockout,YATA,1790211528
2026-09-24T00:44:06+00:00,2026-09-24T00:58:09+00:00,China,Pangolin Scales,0,3543,restock,Prometheus,1790211489
2026-09-24T00:58:04+00:00,2026-09-24T01:18:04+00:00,South Africa,Lion Plushie,0,2191,restock,Prometheus,1790212684
2026-09-24T00:58:34+00:00,2026-09-24T01:18:24+00:00,UAE,Camel Plushie,692,0,stockout,YATA,1790212704
2026-09-24T00:58:09+00:00,2026-09-24T01:18:29+00:00,China,Panda Plushie,710,0,stockout,Prometheus,1790212709
2026-09-24T01:18:04+00:00,2026-09-24T01:32:34+00:00,South Africa,Raw Ivory,0,2366,restock,Prometheus,1790213554
2026-09-24T01:18:04+00:00,2026-09-24T01:32:34+00:00,South Africa,Smoke Grenade,74,0,stockout,Prometheus,1790213554
2026-09-24T01:18:24+00:00,2026-09-24T01:33:42+00:00,UAE,Camel Plushie,0,1882,restock,YATA,1790213622
2026-09-24T01:18:29+00:00,2026-09-24T01:33:48+00:00,China,Panda Plushie,0,2371,restock,Prometheus,1790213628
2026-09-24T01:33:57+00:00,2026-09-24T01:49:39+00:00,Hawaii,Shark Fin,0,3841,restock,Prometheus,1790214579
2026-09-24T01:33:48+00:00,2026-09-24T01:49:41+00:00,China,Pangolin Scales,618,0,stockout,Prometheus,1790214581
2026-09-24T01:49:21+00:00,2026-09-24T02:03:23+00:00,South Africa,Lion Plushie,462,0,stockout,Prometheus,1790215403
2026-09-24T01:49:32+00:00,2026-09-24T02:04:02+00:00,Japan,Xanax,0,284,restock,Prometheus,1790215442
2026-09-24T01:49:06+00:00,2026-09-24T02:04:03+00:00,UAE,Camel Plushie,932,0,stockout,Prometheus,1790215443
2026-09-24T02:03:23+00:00,2026-09-24T02:22:56+00:00,South Africa,Lion Plushie,0,1873,restock,Prometheus,1790216576
2026-09-24T02:04:02+00:00,2026-09-24T02:22:24+00:00,Japan,Xanax,284,0,stockout,YATA,1790216544
2026-09-24T02:04:03+00:00,2026-09-24T02:23:00+00:00,UAE,Camel Plushie,0,2145,restock,Prometheus,1790216580
2026-09-24T02:03:04+00:00,2026-09-24T02:22:16+00:00,Hawaii,Shark Fin,1016,0,stockout,Prometheus,1790216536
2026-09-24T02:04:02+00:00,2026-09-24T02:22:44+00:00,China,Pangolin Scales,0,3790,restock,Prometheus,1790216564
2026-09-24T02:22:56+00:00,2026-09-24T02:41:01+00:00,South Africa,Smoke Grenade,0,2445,restock,Prometheus,1790217661
2026-09-24T02:41:01+00:00,2026-09-24T02:55:01+00:00,South Africa,Raw Ivory,144,0,stockout,Prometheus,1790218501
2026-09-24T02:41:04+00:00,2026-09-24T02:55:10+00:00,UAE,Natural Pearls,157,0,stockout,YATA,1790218510
2026-09-24T03:12:45+00:00,2026-09-24T03:34:02+00:00,UAE,Natural Pearls,0,4789,restock,Prometheus,1790220842
2026-09-24T02:55:21+00:00,2026-09-24T03:15:28+00:00,Hawaii,Shark Fin,0,4174,restock,Prometheus,1790219728
2026-09-24T03:14:44+00:00,2026-09-24T03:34:02+00:00,China,Panda Plushie,875,0,stockout,Prometheus,1790220842
2026-09-24T02:55:05+00:00,2026-09-24T03:14:44+00:00,China,Pangolin Scales,1428,0,stockout,Prometheus,1790219684
2026-09-24T03:33:49+00:00,2026-09-24T03:49:45+00:00,Hawaii,Shark Fin,668,0,stockout,Prometheus,1790221785
2026-09-24T03:34:02+00:00,2026-09-24T03:49:48+00:00,China,Panda Plushie,0,2205,restock,Prometheus,1790221788
2026-09-24T03:34:02+00:00,2026-09-24T03:49:48+00:00,China,Pangolin Scales,0,4419,restock,Prometheus,1790221788
2026-09-24T03:49:48+00:00,2026-09-24T04:02:09+00:00,South Africa,Lion Plushie,260,0,stockout,Prometheus,1790222529
2026-09-24T03:49:51+00:00,2026-09-24T04:03:59+00:00,UAE,Camel Plushie,191,0,stockout,Prometheus,1790222639
2026-09-24T04:02:09+00:00,2026-09-24T04:22:36+00:00,South Africa,Lion Plushie,0,1217,restock,Prometheus,1790223756
2026-09-24T04:04:16+00:00,2026-09-24T04:23:30+00:00,Japan,Xanax,0,345,restock,Prometheus,1790223810
2026-09-24T04:03:59+00:00,2026-09-24T04:23:24+00:00,UAE,Camel Plushie,0,1414,restock,Prometheus,1790223804
2026-09-24T04:22:36+00:00,2026-09-24T04:41:23+00:00,South Africa,Lion Plushie,1217,0,stockout,Prometheus,1790224883
2026-09-24T04:23:30+00:00,2026-09-24T04:41:42+00:00,Japan,Xanax,345,0,stockout,Prometheus,1790224902
2026-09-24T04:23:45+00:00,2026-09-24T04:41:40+00:00,China,Pangolin Scales,1019,0,stockout,Prometheus,1790224900
2026-09-24T04:41:23+00:00,2026-09-24T04:56:10+00:00,South Africa,Lion Plushie,0,2444,restock,YATA,1790225770
2026-09-24T04:41:15+00:00,2026-09-24T04:56:16+00:00,UAE,Camel Plushie,255,0,stockout,Prometheus,1790225776
2026-09-24T04:41:18+00:00,2026-09-24T04:56:09+00:00,Hawaii,Shark Fin,0,2195,restock,Prometheus,1790225769
2026-09-24T04:41:40+00:00,2026-09-24T04:55:52+00:00,China,Panda Plushie,146,0,stockout,Prometheus,1790225752
2026-09-24T04:41:40+00:00,2026-09-24T04:55:52+00:00,China,Peony,443,0,stockout,Prometheus,1790225752
2026-09-24T04:56:16+00:00,2026-09-24T05:15:48+00:00,UAE,Camel Plushie,0,1377,restock,YATA,1790226948
2026-09-24T04:56:09+00:00,2026-09-24T05:16:26+00:00,Hawaii,Shark Fin,2195,0,stockout,YATA,1790226986
2026-09-24T04:55:52+00:00,2026-09-24T05:16:13+00:00,China,Panda Plushie,0,1363,restock,Prometheus,1790226973
2026-09-24T04:55:52+00:00,2026-09-24T05:16:13+00:00,China,Pangolin Scales,0,4031,restock,Prometheus,1790226973
2026-09-24T05:15:15+00:00,2026-09-24T05:33:14+00:00,South Africa,Lion Plushie,742,0,stockout,Prometheus,1790227994
2026-09-24T05:33:14+00:00,2026-09-24T05:48:02+00:00,South Africa,Smoke Grenade,6,0,stockout,YATA,1790228882
2026-09-24T05:33:14+00:00,2026-09-24T05:48:02+00:00,South Africa,Lion Plushie,0,1998,restock,YATA,1790228882
2026-09-24T05:32:50+00:00,2026-09-24T05:46:47+00:00,UAE,Tribulus Omanense,221,0,stockout,YATA,1790228807
2026-09-24T05:32:50+00:00,2026-09-24T05:46:47+00:00,UAE,Camel Plushie,451,0,stockout,YATA,1790228807
2026-09-24T05:33:17+00:00,2026-09-24T05:47:46+00:00,China,Panda Plushie,337,0,stockout,Prometheus,1790228866
2026-09-24T05:48:02+00:00,2026-09-24T06:01:16+00:00,South Africa,Raw Ivory,0,1964,restock,YATA,1790229676
2026-09-24T05:46:47+00:00,2026-09-24T06:02:20+00:00,UAE,Camel Plushie,0,1870,restock,Prometheus,1790229740
2026-09-24T05:47:46+00:00,2026-09-24T06:02:09+00:00,China,Panda Plushie,0,1912,restock,Prometheus,1790229729
2026-09-24T05:47:46+00:00,2026-09-24T06:02:09+00:00,China,Peony,0,9466,restock,Prometheus,1790229729
2026-09-24T06:01:16+00:00,2026-09-24T06:26:49+00:00,South Africa,Lion Plushie,760,0,stockout,YATA,1790231209
2026-09-24T06:01:16+00:00,2026-09-24T06:26:49+00:00,South Africa,African Violet,539,0,stockout,YATA,1790231209
2026-09-24T06:02:17+00:00,2026-09-24T06:26:38+00:00,Hawaii,Shark Fin,0,966,restock,Prometheus,1790231198
2026-09-24T06:02:09+00:00,2026-09-24T06:27:16+00:00,China,Pangolin Scales,578,0,stockout,Prometheus,1790231236
2026-09-24T06:26:49+00:00,2026-09-24T06:48:49+00:00,South Africa,Smoke Grenade,0,2432,restock,YATA,1790232529
2026-09-24T06:26:49+00:00,2026-09-24T06:48:49+00:00,South Africa,Lion Plushie,0,814,restock,YATA,1790232529
2026-09-24T06:27:13+00:00,2026-09-24T06:49:24+00:00,Japan,Xanax,0,313,restock,Prometheus,1790232564
2026-09-24T06:25:37+00:00,2026-09-24T06:49:34+00:00,UAE,Natural Pearls,478,0,stockout,Prometheus,1790232574
2026-09-24T06:26:38+00:00,2026-09-24T06:49:35+00:00,Hawaii,Shark Fin,966,0,stockout,Prometheus,1790232575
2026-09-24T06:27:16+00:00,2026-09-24T06:48:55+00:00,China,Pangolin Scales,0,3968,restock,Prometheus,1790232535
2026-09-24T06:48:49+00:00,2026-09-24T07:03:36+00:00,South Africa,Raw Ivory,11,0,stockout,Prometheus,1790233416
2026-09-24T06:48:49+00:00,2026-09-24T07:03:36+00:00,South Africa,Lion Plushie,814,0,stockout,Prometheus,1790233416
2026-09-24T06:49:24+00:00,2026-09-24T07:04:04+00:00,Japan,Xanax,313,0,stockout,YATA,1790233444
2026-09-24T06:49:34+00:00,2026-09-24T07:04:44+00:00,UAE,Tribulus Omanense,0,9403,restock,Prometheus,1790233484
2026-09-24T06:49:34+00:00,2026-09-24T07:04:44+00:00,UAE,Camel Plushie,1324,0,stockout,Prometheus,1790233484
2026-09-24T07:03:36+00:00,2026-09-24T07:23:47+00:00,South Africa,Lion Plushie,0,1810,restock,Prometheus,1790234627
2026-09-24T07:04:44+00:00,2026-09-24T07:24:34+00:00,UAE,Camel Plushie,0,1799,restock,Prometheus,1790234674
2026-09-24T07:04:44+00:00,2026-09-24T07:24:34+00:00,UAE,Natural Pearls,0,4648,restock,Prometheus,1790234674
2026-09-24T07:23:47+00:00,2026-09-24T07:42:28+00:00,South Africa,African Violet,0,9800,restock,YATA,1790235748
2026-09-24T07:24:47+00:00,2026-09-24T07:42:31+00:00,Hawaii,Shark Fin,0,1465,restock,Prometheus,1790235751
2026-09-24T07:24:37+00:00,2026-09-24T07:42:32+00:00,China,Panda Plushie,412,0,stockout,Prometheus,1790235752
2026-09-24T07:24:37+00:00,2026-09-24T07:42:32+00:00,China,Pangolin Scales,428,0,stockout,Prometheus,1790235752
2026-09-24T07:42:28+00:00,2026-09-24T07:56:20+00:00,South Africa,Lion Plushie,307,0,stockout,YATA,1790236580
2026-09-24T07:42:29+00:00,2026-09-24T07:56:35+00:00,UAE,Camel Plushie,411,0,stockout,YATA,1790236595
2026-09-24T07:42:31+00:00,2026-09-24T07:56:46+00:00,Hawaii,Shark Fin,1465,0,stockout,Prometheus,1790236606
2026-09-24T07:42:32+00:00,2026-09-24T07:56:22+00:00,China,Panda Plushie,0,1460,restock,Prometheus,1790236582
2026-09-24T07:56:20+00:00,2026-09-24T08:19:57+00:00,South Africa,Lion Plushie,0,1012,restock,YATA,1790237997
2026-09-24T07:56:35+00:00,2026-09-24T08:19:44+00:00,UAE,Camel Plushie,0,732,restock,YATA,1790237984
2026-09-24T07:56:22+00:00,2026-09-24T08:19:57+00:00,China,Pangolin Scales,0,1242,restock,Prometheus,1790237997
2026-09-24T08:19:57+00:00,2026-09-24T08:38:37+00:00,South Africa,Lion Plushie,1012,0,stockout,Prometheus,1790239117
2026-09-24T08:19:44+00:00,2026-09-24T08:38:36+00:00,UAE,Camel Plushie,732,0,stockout,Prometheus,1790239116
2026-09-24T08:19:57+00:00,2026-09-24T08:38:26+00:00,China,Pangolin Scales,1242,0,stockout,YATA,1790239106
2026-09-24T08:38:37+00:00,2026-09-24T08:54:35+00:00,South Africa,Lion Plushie,0,2286,restock,Prometheus,1790240075
2026-09-24T08:38:37+00:00,2026-09-24T08:54:47+00:00,Japan,Xanax,0,42,restock,Prometheus,1790240087
2026-09-24T08:38:36+00:00,2026-09-24T08:54:39+00:00,UAE,Camel Plushie,0,1201,restock,YATA,1790240079
2026-09-24T08:38:37+00:00,2026-09-24T08:54:50+00:00,Hawaii,Shark Fin,0,10,restock,Prometheus,1790240090
2026-09-24T08:54:47+00:00,2026-09-24T09:15:45+00:00,Japan,Xanax,42,0,stockout,Prometheus,1790241345
2026-09-24T08:54:39+00:00,2026-09-24T09:15:54+00:00,UAE,Camel Plushie,1201,0,stockout,Prometheus,1790241354
2026-09-24T08:54:50+00:00,2026-09-24T09:15:47+00:00,Hawaii,Shark Fin,10,0,stockout,YATA,1790241347
2026-09-24T08:54:51+00:00,2026-09-24T09:15:48+00:00,China,Panda Plushie,1120,0,stockout,Prometheus,1790241348
2026-09-24T08:54:51+00:00,2026-09-24T09:15:48+00:00,China,Pangolin Scales,0,1873,restock,Prometheus,1790241348
2026-09-24T09:15:10+00:00,2026-09-24T09:33:35+00:00,South Africa,Smoke Grenade,36,0,stockout,Prometheus,1790242415
2026-09-24T09:15:10+00:00,2026-09-24T09:33:35+00:00,South Africa,Lion Plushie,738,0,stockout,Prometheus,1790242415
2026-09-24T09:15:54+00:00,2026-09-24T09:33:42+00:00,UAE,Camel Plushie,0,1582,restock,Prometheus,1790242422
2026-09-24T09:15:48+00:00,2026-09-24T09:33:40+00:00,China,Panda Plushie,0,1961,restock,Prometheus,1790242420
2026-09-24T09:15:48+00:00,2026-09-24T09:33:40+00:00,China,Pangolin Scales,1873,0,stockout,Prometheus,1790242420
2026-09-24T09:33:35+00:00,2026-09-24T09:49:42+00:00,South Africa,Lion Plushie,0,1459,restock,Prometheus,1790243382
2026-09-24T09:49:42+00:00,2026-09-24T10:04:17+00:00,South Africa,Raw Ivory,0,2076,restock,Prometheus,1790244257
2026-09-24T09:49:38+00:00,2026-09-24T10:05:01+00:00,UAE,Camel Plushie,191,0,stockout,YATA,1790244301
2026-09-24T09:50:16+00:00,2026-09-24T10:05:11+00:00,China,Panda Plushie,623,0,stockout,YATA,1790244311
2026-09-24T09:50:16+00:00,2026-09-24T10:05:11+00:00,China,Pangolin Scales,0,3960,restock,YATA,1790244311
2026-09-24T09:50:16+00:00,2026-09-24T10:05:11+00:00,China,Peony,879,0,stockout,YATA,1790244311
2026-09-24T10:04:17+00:00,2026-09-24T10:24:56+00:00,South Africa,Smoke Grenade,0,2444,restock,YATA,1790245496
2026-09-24T10:05:20+00:00,2026-09-24T10:24:56+00:00,Canada,Xanax,34,0,stockout,Prometheus,1790245496
2026-09-24T10:05:01+00:00,2026-09-24T10:24:50+00:00,UAE,Camel Plushie,0,619,restock,Prometheus,1790245490
2026-09-24T10:05:11+00:00,2026-09-24T10:25:01+00:00,China,Panda Plushie,0,1293,restock,Prometheus,1790245501
2026-09-24T10:24:50+00:00,2026-09-24T10:42:10+00:00,UAE,Camel Plushie,619,0,stockout,Prometheus,1790246530
2026-09-24T10:24:50+00:00,2026-09-24T10:42:10+00:00,UAE,Natural Pearls,411,0,stockout,Prometheus,1790246530
2026-09-24T10:25:01+00:00,2026-09-24T10:42:48+00:00,China,Pangolin Scales,1525,0,stockout,Prometheus,1790246568
2026-09-24T10:42:50+00:00,2026-09-24T10:56:22+00:00,South Africa,Raw Ivory,353,0,stockout,Prometheus,1790247382
2026-09-24T10:42:50+00:00,2026-09-24T10:56:22+00:00,South Africa,Lion Plushie,880,0,stockout,Prometheus,1790247382
2026-09-24T10:42:31+00:00,2026-09-24T10:56:34+00:00,Japan,Xanax,0,1854,restock,Prometheus,1790247394
2026-09-24T10:42:10+00:00,2026-09-24T10:56:33+00:00,UAE,Tribulus Omanense,321,0,stockout,Prometheus,1790247393
2026-09-24T10:42:10+00:00,2026-09-24T10:56:33+00:00,UAE,Camel Plushie,0,984,restock,Prometheus,1790247393
2026-09-24T10:25:01+00:00,2026-09-24T10:42:48+00:00,China,Panda Plushie,1293,0,stockout,Prometheus,1790246568
2026-09-24T10:56:22+00:00,2026-09-24T11:16:54+00:00,South Africa,Lion Plushie,0,2090,restock,Prometheus,1790248614
2026-09-24T10:56:34+00:00,2026-09-24T11:17:04+00:00,Japan,Xanax,1854,0,stockout,Prometheus,1790248624
2026-09-24T10:56:33+00:00,2026-09-24T11:17:08+00:00,UAE,Natural Pearls,0,4636,restock,Prometheus,1790248628
2026-09-24T10:56:34+00:00,2026-09-24T11:17:08+00:00,China,Panda Plushie,0,579,restock,YATA,1790248628
2026-09-24T10:56:34+00:00,2026-09-24T11:17:08+00:00,China,Pangolin Scales,0,2901,restock,YATA,1790248628
2026-09-24T10:56:34+00:00,2026-09-24T11:17:08+00:00,China,Peony,0,9871,restock,YATA,1790248628
2026-09-24T11:17:08+00:00,2026-09-24T11:34:11+00:00,China,Panda Plushie,579,0,stockout,Prometheus,1790249651
2026-09-24T11:33:56+00:00,2026-09-24T11:49:47+00:00,South Africa,Lion Plushie,594,0,stockout,Prometheus,1790250587
2026-09-24T11:33:54+00:00,2026-09-24T11:49:57+00:00,UAE,Camel Plushie,696,0,stockout,Prometheus,1790250597
2026-09-24T11:34:11+00:00,2026-09-24T11:49:54+00:00,China,Panda Plushie,0,1953,restock,YATA,1790250594
2026-09-24T11:34:11+00:00,2026-09-24T11:49:54+00:00,China,Pangolin Scales,748,0,stockout,YATA,1790250594
2026-09-24T11:49:47+00:00,2026-09-24T12:05:26+00:00,South Africa,Lion Plushie,0,1897,restock,YATA,1790251526
2026-09-24T11:49:57+00:00,2026-09-24T12:04:45+00:00,UAE,Tribulus Omanense,0,9361,restock,Prometheus,1790251485
2026-09-24T11:49:57+00:00,2026-09-24T12:04:45+00:00,UAE,Camel Plushie,0,1818,restock,Prometheus,1790251485
2026-09-24T12:05:26+00:00,2026-09-24T12:30:32+00:00,South Africa,Lion Plushie,1897,0,stockout,Prometheus,1790253032
2026-09-24T12:05:45+00:00,2026-09-24T12:30:24+00:00,Canada,Xanax,0,2458,restock,YATA,1790253024
2026-09-24T12:05:45+00:00,2026-09-24T12:30:30+00:00,China,Pangolin Scales,0,1981,restock,Prometheus,1790253030
2026-09-24T12:30:32+00:00,2026-09-24T12:51:16+00:00,South Africa,Lion Plushie,0,1408,restock,Prometheus,1790254276
2026-09-24T12:30:32+00:00,2026-09-24T12:51:16+00:00,South Africa,African Violet,126,0,stockout,Prometheus,1790254276
2026-09-24T12:30:30+00:00,2026-09-24T12:51:39+00:00,China,Pangolin Scales,1981,0,stockout,Prometheus,1790254299
2026-09-24T12:51:16+00:00,2026-09-24T13:09:14+00:00,South Africa,Smoke Grenade,183,0,stockout,Prometheus,1790255354
2026-09-24T12:51:16+00:00,2026-09-24T13:09:14+00:00,South Africa,Lion Plushie,1408,0,stockout,Prometheus,1790255354
2026-09-24T12:51:19+00:00,2026-09-24T13:09:10+00:00,United Kingdom,Xanax,33,0,stockout,YATA,1790255350
2026-09-24T13:09:14+00:00,2026-09-24T13:29:55+00:00,South Africa,Xanax,23,0,stockout,Prometheus,1790256595
2026-09-24T13:09:14+00:00,2026-09-24T13:29:55+00:00,South Africa,Lion Plushie,0,1180,restock,Prometheus,1790256595
2026-09-24T13:09:14+00:00,2026-09-24T13:29:55+00:00,South Africa,African Violet,0,9938,restock,Prometheus,1790256595
2026-09-24T13:09:22+00:00,2026-09-24T13:29:53+00:00,UAE,Camel Plushie,359,0,stockout,Prometheus,1790256593
2026-09-24T13:09:21+00:00,2026-09-24T13:29:56+00:00,China,Pangolin Scales,0,2859,restock,YATA,1790256596
2026-09-24T13:29:55+00:00,2026-09-24T13:48:20+00:00,South Africa,Lion Plushie,1180,0,stockout,Prometheus,1790257700
2026-09-24T13:29:53+00:00,2026-09-24T13:47:28+00:00,UAE,Camel Plushie,0,983,restock,Prometheus,1790257648
2026-09-24T13:29:56+00:00,2026-09-24T13:48:37+00:00,China,Panda Plushie,1027,0,stockout,Prometheus,1790257717
2026-09-24T13:29:53+00:00,2026-09-24T13:47:28+00:00,UAE,Natural Pearls,642,0,stockout,Prometheus,1790257648
2026-09-24T13:48:20+00:00,2026-09-24T14:02:16+00:00,South Africa,Raw Ivory,0,1795,restock,Prometheus,1790258536
2026-09-24T13:48:20+00:00,2026-09-24T14:02:16+00:00,South Africa,Lion Plushie,0,2026,restock,Prometheus,1790258536
2026-09-24T13:48:37+00:00,2026-09-24T14:02:08+00:00,China,Pangolin Scales,909,0,stockout,Prometheus,1790258528
2026-09-24T14:02:16+00:00,2026-09-24T14:22:02+00:00,South Africa,Smoke Grenade,0,2359,restock,Prometheus,1790259722
2026-09-24T14:22:02+00:00,2026-09-24T14:41:21+00:00,South Africa,Lion Plushie,610,0,stockout,Prometheus,1790260881
2026-09-24T14:22:28+00:00,2026-09-24T14:42:53+00:00,UAE,Camel Plushie,1347,0,stockout,Prometheus,1790260973
2026-09-24T14:00:40+00:00,2026-09-24T14:22:28+00:00,UAE,Natural Pearls,0,4918,restock,Prometheus,1790259748
2026-09-24T14:23:11+00:00,2026-09-24T14:43:02+00:00,China,Panda Plushie,0,1322,restock,Prometheus,1790260982
2026-09-24T14:23:11+00:00,2026-09-24T14:43:02+00:00,China,Pangolin Scales,0,1296,restock,Prometheus,1790260982
2026-09-24T14:23:11+00:00,2026-09-24T14:43:02+00:00,China,Peony,518,0,stockout,Prometheus,1790260982
2026-09-24T14:41:21+00:00,2026-09-24T14:58:50+00:00,South Africa,Raw Ivory,141,0,stockout,Prometheus,1790261930
2026-09-24T14:41:21+00:00,2026-09-24T14:58:50+00:00,South Africa,Lion Plushie,0,1491,restock,Prometheus,1790261930
2026-09-24T14:42:53+00:00,2026-09-24T14:58:24+00:00,UAE,Camel Plushie,0,1854,restock,Prometheus,1790261904
2026-09-24T14:43:02+00:00,2026-09-24T14:59:00+00:00,China,Panda Plushie,1322,0,stockout,Prometheus,1790261940
2026-09-24T14:43:02+00:00,2026-09-24T14:59:00+00:00,China,Pangolin Scales,1296,0,stockout,Prometheus,1790261940
2026-09-24T14:58:50+00:00,2026-09-24T15:21:09+00:00,South Africa,Xanax,0,2487,restock,YATA,1790263269
2026-09-24T14:58:50+00:00,2026-09-24T15:21:09+00:00,South Africa,Lion Plushie,1491,0,stockout,YATA,1790263269
2026-09-24T14:58:38+00:00,2026-09-24T15:21:06+00:00,United Kingdom,Xanax,0,2496,restock,Prometheus,1790263266
2026-09-24T14:58:24+00:00,2026-09-24T15:21:01+00:00,UAE,Camel Plushie,1854,0,stockout,Prometheus,1790263261
2026-09-24T14:59:00+00:00,2026-09-24T15:21:06+00:00,China,Pangolin Scales,0,4568,restock,Prometheus,1790263266
2026-09-24T15:21:09+00:00,2026-09-24T15:39:20+00:00,South Africa,Lion Plushie,0,1319,restock,Prometheus,1790264360
2026-09-24T15:21:01+00:00,2026-09-24T15:39:19+00:00,UAE,Camel Plushie,0,1752,restock,Prometheus,1790264359
2026-09-24T15:21:06+00:00,2026-09-24T15:38:57+00:00,China,Panda Plushie,0,2273,restock,Prometheus,1790264337
2026-09-24T15:21:06+00:00,2026-09-24T15:38:57+00:00,China,Peony,0,8999,restock,Prometheus,1790264337
2026-09-24T15:38:57+00:00,2026-09-24T15:53:38+00:00,China,Pangolin Scales,1559,0,stockout,Prometheus,1790265218
2026-09-24T15:53:04+00:00,2026-09-24T16:13:28+00:00,UAE,Tribulus Omanense,255,0,stockout,Prometheus,1790266408
2026-09-24T15:53:04+00:00,2026-09-24T16:13:28+00:00,UAE,Camel Plushie,491,0,stockout,Prometheus,1790266408
2026-09-24T15:53:38+00:00,2026-09-24T16:13:36+00:00,China,Panda Plushie,868,0,stockout,Prometheus,1790266416
2026-09-24T16:13:36+00:00,2026-09-24T16:33:09+00:00,China,Panda Plushie,0,1659,restock,Prometheus,1790267589
2026-09-24T16:13:36+00:00,2026-09-24T16:33:09+00:00,China,Pangolin Scales,0,2741,restock,Prometheus,1790267589
2026-09-24T16:32:41+00:00,2026-09-24T16:48:33+00:00,South Africa,Lion Plushie,399,0,stockout,Prometheus,1790268513
2026-09-24T16:32:17+00:00,2026-09-24T16:49:17+00:00,UAE,Camel Plushie,0,2008,restock,Prometheus,1790268557
2026-09-24T16:48:33+00:00,2026-09-24T17:03:47+00:00,South Africa,Smoke Grenade,103,0,stockout,Prometheus,1790269427
2026-09-24T16:48:33+00:00,2026-09-24T17:03:47+00:00,South Africa,Lion Plushie,0,1295,restock,Prometheus,1790269427
2026-09-24T16:49:35+00:00,2026-09-24T17:03:56+00:00,China,Panda Plushie,642,0,stockout,Prometheus,1790269436
2026-09-24T16:49:35+00:00,2026-09-24T17:03:56+00:00,China,Pangolin Scales,1269,0,stockout,Prometheus,1790269436
2026-09-24T17:03:47+00:00,2026-09-24T17:21:55+00:00,South Africa,Lion Plushie,1295,0,stockout,YATA,1790270515
2026-09-24T17:03:48+00:00,2026-09-24T17:22:12+00:00,Japan,Xanax,0,194,restock,Prometheus,1790270532
2026-09-24T17:03:52+00:00,2026-09-24T17:21:51+00:00,UAE,Tribulus Omanense,0,8253,restock,Prometheus,1790270511
2026-09-24T16:49:17+00:00,2026-09-24T17:03:52+00:00,UAE,Natural Pearls,259,0,stockout,Prometheus,1790269432
2026-09-24T17:03:56+00:00,2026-09-24T17:22:00+00:00,China,Panda Plushie,0,1913,restock,Prometheus,1790270520
2026-09-24T17:21:55+00:00,2026-09-24T17:37:32+00:00,South Africa,Lion Plushie,0,1962,restock,YATA,1790271452
2026-09-24T17:22:12+00:00,2026-09-24T17:38:05+00:00,Japan,Xanax,194,0,stockout,Prometheus,1790271485
2026-09-24T17:21:51+00:00,2026-09-24T17:37:22+00:00,UAE,Natural Pearls,0,4640,restock,YATA,1790271442
2026-09-24T17:22:00+00:00,2026-09-24T17:37:26+00:00,China,Pangolin Scales,0,3787,restock,Prometheus,1790271446
2026-09-24T17:37:22+00:00,2026-09-24T17:51:38+00:00,UAE,Camel Plushie,275,0,stockout,Prometheus,1790272298
2026-09-24T17:37:26+00:00,2026-09-24T17:51:57+00:00,China,Panda Plushie,687,0,stockout,Prometheus,1790272317
2026-09-24T17:51:52+00:00,2026-09-24T18:10:34+00:00,South Africa,Raw Ivory,0,2022,restock,YATA,1790273434
2026-09-24T17:51:52+00:00,2026-09-24T18:10:34+00:00,South Africa,Smoke Grenade,0,2365,restock,YATA,1790273434
2026-09-24T17:51:52+00:00,2026-09-24T18:10:34+00:00,South Africa,Lion Plushie,639,0,stockout,YATA,1790273434
2026-09-24T17:51:38+00:00,2026-09-24T18:10:03+00:00,UAE,Camel Plushie,0,1468,restock,Prometheus,1790273403
2026-09-24T17:51:57+00:00,2026-09-24T18:10:12+00:00,China,Panda Plushie,0,2046,restock,Prometheus,1790273412
2026-09-24T18:10:34+00:00,2026-09-24T18:32:22+00:00,South Africa,Lion Plushie,0,1772,restock,Prometheus,1790274742
2026-09-24T18:10:34+00:00,2026-09-24T18:32:22+00:00,South Africa,African Violet,366,0,stockout,Prometheus,1790274742
2026-09-24T18:10:03+00:00,2026-09-24T18:32:29+00:00,UAE,Camel Plushie,1468,0,stockout,Prometheus,1790274749
2026-09-24T18:10:12+00:00,2026-09-24T18:32:21+00:00,China,Pangolin Scales,142,0,stockout,Prometheus,1790274741
2026-09-24T18:32:29+00:00,2026-09-24T18:50:41+00:00,UAE,Camel Plushie,0,1983,restock,Prometheus,1790275841
2026-09-24T18:32:21+00:00,2026-09-24T18:50:42+00:00,China,Panda Plushie,720,0,stockout,Prometheus,1790275842
2026-09-24T18:32:21+00:00,2026-09-24T18:50:42+00:00,China,Pangolin Scales,0,3684,restock,Prometheus,1790275842
2026-09-24T18:49:44+00:00,2026-09-24T19:05:53+00:00,South Africa,Lion Plushie,768,0,stockout,YATA,1790276753
2026-09-24T18:50:42+00:00,2026-09-24T19:06:13+00:00,Hawaii,Shark Fin,0,910,restock,Prometheus,1790276773
2026-09-24T18:50:42+00:00,2026-09-24T19:05:47+00:00,China,Panda Plushie,0,1859,restock,Prometheus,1790276747
2026-09-24T19:05:53+00:00,2026-09-24T19:23:46+00:00,South Africa,Raw Ivory,393,0,stockout,Prometheus,1790277826
2026-09-24T19:05:53+00:00,2026-09-24T19:23:46+00:00,South Africa,Lion Plushie,0,2140,restock,Prometheus,1790277826
2026-09-24T19:05:53+00:00,2026-09-24T19:23:46+00:00,South Africa,African Violet,0,9453,restock,Prometheus,1790277826
2026-09-24T19:06:00+00:00,2026-09-24T19:23:49+00:00,Japan,Xanax,0,525,restock,Prometheus,1790277829
2026-09-24T19:04:33+00:00,2026-09-24T19:23:43+00:00,UAE,Camel Plushie,649,0,stockout,YATA,1790277823
2026-09-24T19:06:13+00:00,2026-09-24T19:23:33+00:00,Hawaii,Shark Fin,910,0,stockout,YATA,1790277813
2026-09-24T19:05:47+00:00,2026-09-24T19:23:31+00:00,China,Peony,61,0,stockout,Prometheus,1790277811
2026-09-24T19:23:49+00:00,2026-09-24T19:39:17+00:00,Japan,Xanax,525,0,stockout,Prometheus,1790278757
2026-09-24T19:23:43+00:00,2026-09-24T19:39:25+00:00,UAE,Camel Plushie,0,1635,restock,YATA,1790278765
2026-09-24T19:23:31+00:00,2026-09-24T19:39:30+00:00,China,Panda Plushie,651,0,stockout,Prometheus,1790278770
2026-09-24T19:23:31+00:00,2026-09-24T19:39:30+00:00,China,Pangolin Scales,340,0,stockout,Prometheus,1790278770
2026-09-24T19:39:28+00:00,2026-09-24T19:53:21+00:00,South Africa,Lion Plushie,1189,0,stockout,Prometheus,1790279601
2026-09-24T19:39:30+00:00,2026-09-24T19:53:11+00:00,China,Panda Plushie,0,1829,restock,Prometheus,1790279591
2026-09-24T19:53:21+00:00,2026-09-24T20:11:33+00:00,South Africa,Lion Plushie,0,2095,restock,Prometheus,1790280693
2026-09-24T19:52:58+00:00,2026-09-24T20:12:15+00:00,UAE,Camel Plushie,770,0,stockout,Prometheus,1790280735
2026-09-24T19:53:11+00:00,2026-09-24T20:12:26+00:00,China,Pangolin Scales,0,2964,restock,Prometheus,1790280746
2026-09-24T19:53:11+00:00,2026-09-24T20:12:26+00:00,China,Peony,0,9870,restock,Prometheus,1790280746
2026-09-24T20:12:15+00:00,2026-09-24T20:31:25+00:00,UAE,Camel Plushie,0,1276,restock,Prometheus,1790281885
2026-09-24T19:52:58+00:00,2026-09-24T20:12:15+00:00,UAE,Natural Pearls,611,0,stockout,Prometheus,1790280735
2026-09-24T20:12:26+00:00,2026-09-24T20:32:07+00:00,China,Panda Plushie,376,0,stockout,Prometheus,1790281927
2026-09-24T20:32:00+00:00,2026-09-24T20:47:40+00:00,South Africa,Lion Plushie,566,0,stockout,Prometheus,1790282860
2026-09-24T20:31:25+00:00,2026-09-24T20:48:10+00:00,UAE,Natural Pearls,0,4847,restock,YATA,1790282890
2026-09-24T20:32:07+00:00,2026-09-24T20:48:34+00:00,China,Panda Plushie,0,1210,restock,Prometheus,1790282914
2026-09-24T20:32:07+00:00,2026-09-24T20:48:34+00:00,China,Pangolin Scales,722,0,stockout,Prometheus,1790282914
2026-09-24T20:47:40+00:00,2026-09-24T21:01:26+00:00,South Africa,Lion Plushie,0,2188,restock,YATA,1790283686
2026-09-24T20:48:10+00:00,2026-09-24T21:01:34+00:00,UAE,Camel Plushie,60,0,stockout,Prometheus,1790283694
2026-09-24T21:01:34+00:00,2026-09-24T21:20:23+00:00,UAE,Camel Plushie,0,1176,restock,Prometheus,1790284823
2026-09-24T21:01:33+00:00,2026-09-24T21:20:55+00:00,Hawaii,Shark Fin,0,2389,restock,Prometheus,1790284855
2026-09-24T21:01:45+00:00,2026-09-24T21:20:52+00:00,China,Panda Plushie,595,0,stockout,Prometheus,1790284852
2026-09-24T21:01:45+00:00,2026-09-24T21:20:52+00:00,China,Pangolin Scales,0,3753,restock,Prometheus,1790284852
2026-09-24T21:20:57+00:00,2026-09-24T21:36:15+00:00,South Africa,Smoke Grenade,13,0,stockout,YATA,1790285775
2026-09-24T21:20:57+00:00,2026-09-24T21:36:15+00:00,South Africa,Lion Plushie,733,0,stockout,YATA,1790285775
2026-09-24T21:20:55+00:00,2026-09-24T21:36:24+00:00,Hawaii,Shark Fin,2389,0,stockout,Prometheus,1790285784
2026-09-24T21:20:52+00:00,2026-09-24T21:35:54+00:00,China,Panda Plushie,0,2091,restock,YATA,1790285754
2026-09-24T21:36:15+00:00,2026-09-24T21:49:14+00:00,South Africa,Lion Plushie,0,1906,restock,Prometheus,1790286554
2026-09-24T21:35:18+00:00,2026-09-24T21:49:17+00:00,UAE,Tribulus Omanense,266,0,stockout,Prometheus,1790286557
2026-09-24T21:20:23+00:00,2026-09-24T21:35:18+00:00,UAE,Camel Plushie,1176,0,stockout,Prometheus,1790285718
2026-09-24T21:49:14+00:00,2026-09-24T22:03:11+00:00,South Africa,Raw Ivory,0,2372,restock,Prometheus,1790287391
2026-09-24T21:49:17+00:00,2026-09-24T22:01:40+00:00,UAE,Camel Plushie,0,1449,restock,Prometheus,1790287300
2026-09-24T22:01:40+00:00,2026-09-24T22:21:53+00:00,UAE,Camel Plushie,1449,0,stockout,Prometheus,1790288513
2026-09-24T22:03:03+00:00,2026-09-24T22:22:14+00:00,China,Panda Plushie,889,0,stockout,Prometheus,1790288534
2026-09-24T22:03:03+00:00,2026-09-24T22:22:14+00:00,China,Pangolin Scales,355,0,stockout,Prometheus,1790288534
2026-09-24T22:20:54+00:00,2026-09-24T22:38:09+00:00,South Africa,Smoke Grenade,0,2433,restock,Prometheus,1790289489
2026-09-24T22:20:54+00:00,2026-09-24T22:38:09+00:00,South Africa,Lion Plushie,99,0,stockout,Prometheus,1790289489
2026-09-24T22:21:53+00:00,2026-09-24T22:37:54+00:00,UAE,Camel Plushie,0,2065,restock,YATA,1790289474
2026-09-24T22:22:14+00:00,2026-09-24T22:37:17+00:00,China,Panda Plushie,0,2290,restock,YATA,1790289437
2026-09-24T22:22:14+00:00,2026-09-24T22:37:17+00:00,China,Pangolin Scales,0,4575,restock,YATA,1790289437
2026-09-24T22:38:09+00:00,2026-09-24T22:51:57+00:00,South Africa,Lion Plushie,0,1771,restock,YATA,1790290317
2026-09-24T22:37:54+00:00,2026-09-24T22:52:59+00:00,UAE,Tribulus Omanense,0,9862,restock,Prometheus,1790290379
2026-09-24T22:38:16+00:00,2026-09-24T22:53:03+00:00,Switzerland,Neumune Tablet,0,3,restock,Prometheus,1790290383
2026-09-24T22:38:13+00:00,2026-09-24T22:53:10+00:00,Hawaii,Shark Fin,0,1323,restock,Prometheus,1790290390
2026-09-24T22:51:57+00:00,2026-09-24T23:10:25+00:00,South Africa,Raw Ivory,361,0,stockout,Prometheus,1790291425
2026-09-24T22:53:03+00:00,2026-09-24T23:09:07+00:00,Switzerland,Neumune Tablet,3,0,stockout,Prometheus,1790291347
2026-09-24T22:53:10+00:00,2026-09-24T23:09:51+00:00,Hawaii,Shark Fin,1323,0,stockout,Prometheus,1790291391
2026-09-24T23:10:25+00:00,2026-09-24T23:26:32+00:00,South Africa,Lion Plushie,551,0,stockout,YATA,1790292392
2026-09-24T23:10:29+00:00,2026-09-24T23:26:50+00:00,Japan,Xanax,0,2206,restock,Prometheus,1790292410
2026-09-24T23:09:38+00:00,2026-09-24T23:26:02+00:00,UAE,Camel Plushie,123,0,stockout,Prometheus,1790292362
2026-09-24T23:26:32+00:00,2026-09-24T23:41:20+00:00,South Africa,Lion Plushie,0,1912,restock,YATA,1790293280
2026-09-24T23:26:02+00:00,2026-09-24T23:42:16+00:00,UAE,Camel Plushie,0,1840,restock,Prometheus,1790293336
2026-09-24T23:26:23+00:00,2026-09-24T23:42:07+00:00,China,Panda Plushie,97,0,stockout,Prometheus,1790293327
2026-09-24T23:26:23+00:00,2026-09-24T23:42:07+00:00,China,Pangolin Scales,821,0,stockout,Prometheus,1790293327
2026-09-24T23:42:18+00:00,2026-09-24T23:54:52+00:00,Japan,Xanax,61,0,stockout,YATA,1790294092
2026-09-24T23:42:07+00:00,2026-09-24T23:55:01+00:00,China,Panda Plushie,0,2096,restock,Prometheus,1790294101
2026-09-24T23:55:18+00:00,2026-09-25T00:23:30+00:00,South Africa,Lion Plushie,990,0,stockout,Prometheus,1790295810
2026-09-24T23:54:57+00:00,2026-09-25T00:23:27+00:00,UAE,Camel Plushie,1047,0,stockout,Prometheus,1790295807
2026-09-24T23:55:23+00:00,2026-09-25T00:23:12+00:00,Hawaii,Shark Fin,0,756,restock,Prometheus,1790295792
2026-09-24T23:55:01+00:00,2026-09-25T00:23:23+00:00,China,Pangolin Scales,0,3537,restock,Prometheus,1790295803
2026-09-25T00:23:30+00:00,2026-09-25T00:44:02+00:00,South Africa,Lion Plushie,0,1055,restock,Prometheus,1790297042
2026-09-25T00:23:27+00:00,2026-09-25T00:43:51+00:00,UAE,Camel Plushie,0,1721,restock,Prometheus,1790297031
2026-09-25T00:23:27+00:00,2026-09-25T00:43:51+00:00,UAE,Natural Pearls,7,0,stockout,Prometheus,1790297031
2026-09-25T00:23:12+00:00,2026-09-25T00:44:37+00:00,Hawaii,Shark Fin,756,0,stockout,Prometheus,1790297077
2026-09-25T00:43:51+00:00,2026-09-25T00:59:22+00:00,UAE,Natural Pearls,0,4976,restock,Prometheus,1790297962
2026-09-25T00:44:26+00:00,2026-09-25T00:59:20+00:00,China,Panda Plushie,240,0,stockout,Prometheus,1790297960
2026-09-25T00:59:22+00:00,2026-09-25T01:18:38+00:00,UAE,Camel Plushie,578,0,stockout,Prometheus,1790299118
2026-09-25T00:59:20+00:00,2026-09-25T01:18:37+00:00,China,Panda Plushie,0,1841,restock,Prometheus,1790299117
2026-09-25T00:59:20+00:00,2026-09-25T01:18:37+00:00,China,Pangolin Scales,851,0,stockout,Prometheus,1790299117
2026-09-25T01:18:38+00:00,2026-09-25T01:33:04+00:00,UAE,Camel Plushie,0,1656,restock,Prometheus,1790299984
2026-09-25T01:18:47+00:00,2026-09-25T01:33:14+00:00,Hawaii,Shark Fin,0,3022,restock,Prometheus,1790299994
2026-09-25T01:33:12+00:00,2026-09-25T01:47:05+00:00,Japan,Xanax,0,1311,restock,Prometheus,1790300825
2026-09-25T01:33:10+00:00,2026-09-25T01:47:10+00:00,China,Pangolin Scales,0,4059,restock,Prometheus,1790300830
2026-09-25T01:47:06+00:00,2026-09-25T01:59:37+00:00,South Africa,Raw Ivory,0,2076,restock,Prometheus,1790301577
2026-09-25T01:46:21+00:00,2026-09-25T01:59:32+00:00,Hawaii,Shark Fin,813,0,stockout,YATA,1790301572
2026-09-25T01:59:37+00:00,2026-09-25T02:18:48+00:00,South Africa,Lion Plushie,258,0,stockout,Prometheus,1790302728
2026-09-25T01:59:45+00:00,2026-09-25T02:19:12+00:00,Japan,Xanax,42,0,stockout,Prometheus,1790302752
2026-09-25T02:18:48+00:00,2026-09-25T02:35:52+00:00,South Africa,Lion Plushie,0,1481,restock,YATA,1790303752
2026-09-25T02:35:52+00:00,2026-09-25T02:51:24+00:00,Hawaii,Shark Fin,0,4251,restock,Prometheus,1790304684
2026-09-25T02:35:33+00:00,2026-09-25T02:51:08+00:00,China,Pangolin Scales,194,0,stockout,YATA,1790304668
2026-09-25T02:35:33+00:00,2026-09-25T02:51:08+00:00,China,Peony,199,0,stockout,YATA,1790304668
2026-09-25T02:51:25+00:00,2026-09-25T03:07:12+00:00,South Africa,Raw Ivory,237,0,stockout,Prometheus,1790305632
2026-09-25T03:07:12+00:00,2026-09-25T03:24:51+00:00,South Africa,Smoke Grenade,144,0,stockout,Prometheus,1790306691
2026-09-25T03:07:12+00:00,2026-09-25T03:24:51+00:00,South Africa,African Violet,14,0,stockout,Prometheus,1790306691
2026-09-25T03:06:58+00:00,2026-09-25T03:25:12+00:00,Hawaii,Shark Fin,1136,0,stockout,Prometheus,1790306712
2026-09-25T03:07:10+00:00,2026-09-25T03:24:52+00:00,China,Pangolin Scales,0,2954,restock,Prometheus,1790306692
2026-09-25T03:43:28+00:00,2026-09-25T03:57:21+00:00,South Africa,Lion Plushie,649,0,stockout,Prometheus,1790308641
2026-09-25T03:41:51+00:00,2026-09-25T03:57:25+00:00,Japan,Xanax,0,1126,restock,YATA,1790308645
2026-09-25T03:43:12+00:00,2026-09-25T03:57:18+00:00,China,Peony,0,9854,restock,YATA,1790308638
2026-09-25T03:57:21+00:00,2026-09-25T04:19:10+00:00,South Africa,Lion Plushie,0,575,restock,Prometheus,1790309950
2026-09-25T03:57:21+00:00,2026-09-25T04:19:10+00:00,South Africa,African Violet,0,9800,restock,Prometheus,1790309950
2026-09-25T03:57:25+00:00,2026-09-25T04:17:31+00:00,Japan,Xanax,1126,0,stockout,YATA,1790309851
2026-09-25T03:57:18+00:00,2026-09-25T04:19:11+00:00,China,Panda Plushie,453,0,stockout,Prometheus,1790309951
2026-09-25T03:57:18+00:00,2026-09-25T04:19:11+00:00,China,Pangolin Scales,888,0,stockout,Prometheus,1790309951
2026-09-25T03:57:21+00:00,2026-09-25T04:19:10+00:00,South Africa,Smoke Grenade,0,2500,restock,Prometheus,1790309950
2026-09-25T04:19:10+00:00,2026-09-25T04:37:37+00:00,South Africa,Lion Plushie,575,0,stockout,Prometheus,1790311057
2026-09-25T04:18:48+00:00,2026-09-25T04:37:19+00:00,Hawaii,Shark Fin,0,666,restock,YATA,1790311039
2026-09-25T04:19:11+00:00,2026-09-25T04:37:55+00:00,China,Panda Plushie,0,1620,restock,Prometheus,1790311075
2026-09-25T04:37:37+00:00,2026-09-25T04:53:40+00:00,South Africa,Lion Plushie,0,1291,restock,Prometheus,1790312020
2026-09-25T04:37:44+00:00,2026-09-25T04:53:03+00:00,UAE,Camel Plushie,834,0,stockout,Prometheus,1790311983
2026-09-25T04:37:19+00:00,2026-09-25T04:53:42+00:00,Hawaii,Shark Fin,666,0,stockout,Prometheus,1790312022
2026-09-25T04:37:55+00:00,2026-09-25T04:53:29+00:00,China,Pangolin Scales,0,3397,restock,Prometheus,1790312009
2026-09-25T04:53:40+00:00,2026-09-25T05:11:03+00:00,South Africa,Lion Plushie,1291,0,stockout,Prometheus,1790313063
2026-09-25T04:53:03+00:00,2026-09-25T05:09:58+00:00,UAE,Camel Plushie,0,2018,restock,YATA,1790312998
2026-09-25T04:53:29+00:00,2026-09-25T05:11:32+00:00,China,Panda Plushie,766,0,stockout,Prometheus,1790313092
2026-09-25T05:11:03+00:00,2026-09-25T05:28:19+00:00,South Africa,Lion Plushie,0,2111,restock,Prometheus,1790314099
2026-09-25T05:09:58+00:00,2026-09-25T05:28:53+00:00,UAE,Tribulus Omanense,177,0,stockout,Prometheus,1790314133
2026-09-25T05:09:58+00:00,2026-09-25T05:28:53+00:00,UAE,Natural Pearls,200,0,stockout,Prometheus,1790314133
2026-09-25T05:11:32+00:00,2026-09-25T05:28:13+00:00,China,Panda Plushie,0,2368,restock,YATA,1790314093
2026-09-25T05:28:53+00:00,2026-09-25T05:46:13+00:00,UAE,Camel Plushie,623,0,stockout,YATA,1790315173
2026-09-25T05:29:14+00:00,2026-09-25T05:46:13+00:00,Hawaii,Shark Fin,0,2672,restock,Prometheus,1790315173
2026-09-25T05:45:53+00:00,2026-09-25T05:58:21+00:00,South Africa,Raw Ivory,0,2421,restock,Prometheus,1790315901
2026-09-25T05:45:53+00:00,2026-09-25T05:58:21+00:00,South Africa,Lion Plushie,489,0,stockout,Prometheus,1790315901
2026-09-25T05:46:13+00:00,2026-09-25T05:58:33+00:00,UAE,Camel Plushie,0,1654,restock,Prometheus,1790315913
2026-09-25T05:46:13+00:00,2026-09-25T05:58:33+00:00,UAE,Natural Pearls,0,4724,restock,Prometheus,1790315913
2026-09-25T05:46:13+00:00,2026-09-25T05:58:47+00:00,China,Pangolin Scales,170,0,stockout,YATA,1790315927
2026-09-25T05:58:21+00:00,2026-09-25T06:25:29+00:00,South Africa,Lion Plushie,0,1727,restock,Prometheus,1790317529
2026-09-25T05:59:05+00:00,2026-09-25T06:25:31+00:00,Japan,Xanax,0,443,restock,Prometheus,1790317531
2026-09-25T05:58:33+00:00,2026-09-25T06:25:23+00:00,UAE,Tribulus Omanense,0,9889,restock,YATA,1790317523
2026-09-25T05:58:33+00:00,2026-09-25T06:25:23+00:00,UAE,Camel Plushie,1654,0,stockout,YATA,1790317523
2026-09-25T05:58:25+00:00,2026-09-25T06:25:24+00:00,Hawaii,Shark Fin,1177,0,stockout,YATA,1790317524
2026-09-25T05:58:47+00:00,2026-09-25T06:25:29+00:00,China,Pangolin Scales,0,3845,restock,YATA,1790317529
2026-09-25T06:25:31+00:00,2026-09-25T06:48:56+00:00,Japan,Xanax,443,0,stockout,Prometheus,1790318936
2026-09-25T06:25:23+00:00,2026-09-25T06:48:49+00:00,UAE,Camel Plushie,0,1669,restock,Prometheus,1790318929
2026-09-25T06:48:15+00:00,2026-09-25T07:03:34+00:00,South Africa,Raw Ivory,214,0,stockout,Prometheus,1790319814
2026-09-25T06:48:15+00:00,2026-09-25T07:03:34+00:00,South Africa,Lion Plushie,638,0,stockout,Prometheus,1790319814
2026-09-25T07:03:34+00:00,2026-09-25T07:23:46+00:00,South Africa,Lion Plushie,0,1492,restock,Prometheus,1790321026
2026-09-25T07:03:12+00:00,2026-09-25T07:24:02+00:00,United Kingdom,Xanax,28,0,stockout,Prometheus,1790321042
2026-09-25T07:03:53+00:00,2026-09-25T07:24:14+00:00,UAE,Camel Plushie,668,0,stockout,Prometheus,1790321054
2026-09-25T07:03:48+00:00,2026-09-25T07:24:05+00:00,Hawaii,Shark Fin,0,335,restock,Prometheus,1790321045
2026-09-25T07:04:00+00:00,2026-09-25T07:24:21+00:00,China,Panda Plushie,423,0,stockout,Prometheus,1790321061
2026-09-25T07:04:00+00:00,2026-09-25T07:24:21+00:00,China,Pangolin Scales,465,0,stockout,Prometheus,1790321061
2026-09-25T07:24:14+00:00,2026-09-25T07:41:59+00:00,UAE,Camel Plushie,0,1454,restock,Prometheus,1790322119
2026-09-25T07:24:05+00:00,2026-09-25T07:42:32+00:00,Hawaii,Shark Fin,335,0,stockout,Prometheus,1790322152
2026-09-25T07:24:21+00:00,2026-09-25T07:42:25+00:00,China,Panda Plushie,0,1733,restock,Prometheus,1790322145
2026-09-25T07:24:21+00:00,2026-09-25T07:42:25+00:00,China,Pangolin Scales,0,4218,restock,Prometheus,1790322145
2026-09-25T07:41:52+00:00,2026-09-25T07:56:07+00:00,South Africa,Smoke Grenade,52,0,stockout,Prometheus,1790322967
2026-09-25T07:41:52+00:00,2026-09-25T07:56:07+00:00,South Africa,Lion Plushie,44,0,stockout,Prometheus,1790322967
2026-09-25T07:56:07+00:00,2026-09-25T08:18:30+00:00,South Africa,Lion Plushie,0,814,restock,Prometheus,1790324310
2026-09-25T07:55:37+00:00,2026-09-25T08:18:47+00:00,UAE,Camel Plushie,563,0,stockout,YATA,1790324327
2026-09-25T07:56:28+00:00,2026-09-25T08:18:46+00:00,China,Panda Plushie,870,0,stockout,Prometheus,1790324326
2026-09-25T07:56:28+00:00,2026-09-25T08:18:46+00:00,China,Pangolin Scales,2317,0,stockout,Prometheus,1790324326
2026-09-25T08:18:30+00:00,2026-09-25T08:37:37+00:00,South Africa,Lion Plushie,814,0,stockout,Prometheus,1790325457
2026-09-25T08:18:46+00:00,2026-09-25T08:37:41+00:00,Japan,Xanax,0,644,restock,Prometheus,1790325461
2026-09-25T08:18:47+00:00,2026-09-25T08:37:29+00:00,UAE,Camel Plushie,0,1115,restock,Prometheus,1790325449
2026-09-25T08:18:16+00:00,2026-09-25T08:37:14+00:00,Hawaii,Shark Fin,0,72,restock,Prometheus,1790325434
2026-09-25T08:18:46+00:00,2026-09-25T08:37:45+00:00,China,Panda Plushie,0,1127,restock,Prometheus,1790325465
2026-09-25T08:18:46+00:00,2026-09-25T08:37:45+00:00,China,Peony,819,0,stockout,Prometheus,1790325465
2026-09-25T08:37:37+00:00,2026-09-25T08:53:40+00:00,South Africa,Smoke Grenade,0,2266,restock,YATA,1790326420
2026-09-25T08:37:37+00:00,2026-09-25T08:53:40+00:00,South Africa,Lion Plushie,0,1352,restock,YATA,1790326420
2026-09-25T08:37:41+00:00,2026-09-25T08:53:53+00:00,Japan,Xanax,644,0,stockout,Prometheus,1790326433
2026-09-25T08:37:29+00:00,2026-09-25T08:53:44+00:00,UAE,Camel Plushie,1115,0,stockout,Prometheus,1790326424
2026-09-25T08:37:14+00:00,2026-09-25T08:53:48+00:00,Hawaii,Shark Fin,72,0,stockout,YATA,1790326428
2026-09-25T08:37:45+00:00,2026-09-25T08:53:50+00:00,China,Panda Plushie,1127,0,stockout,Prometheus,1790326430
2026-09-25T08:37:45+00:00,2026-09-25T08:53:50+00:00,China,Pangolin Scales,0,3026,restock,Prometheus,1790326430
2026-09-25T08:53:40+00:00,2026-09-25T09:13:21+00:00,South Africa,Lion Plushie,1352,0,stockout,Prometheus,1790327601
2026-09-25T08:53:44+00:00,2026-09-25T09:12:56+00:00,UAE,Camel Plushie,0,1447,restock,Prometheus,1790327576
2026-09-25T08:53:44+00:00,2026-09-25T09:12:56+00:00,UAE,Natural Pearls,244,0,stockout,Prometheus,1790327576
2026-09-25T08:53:50+00:00,2026-09-25T09:13:12+00:00,China,Panda Plushie,0,1660,restock,Prometheus,1790327592
2026-09-25T09:13:21+00:00,2026-09-25T09:32:57+00:00,South Africa,Lion Plushie,0,1662,restock,YATA,1790328777
2026-09-25T09:13:23+00:00,2026-09-25T09:32:50+00:00,United Kingdom,Xanax,0,2384,restock,Prometheus,1790328770
2026-09-25T09:12:56+00:00,2026-09-25T09:32:46+00:00,UAE,Camel Plushie,1447,0,stockout,Prometheus,1790328766
2026-09-25T09:12:56+00:00,2026-09-25T09:32:46+00:00,UAE,Natural Pearls,0,4954,restock,Prometheus,1790328766
2026-09-25T09:13:12+00:00,2026-09-25T09:32:45+00:00,China,Panda Plushie,1660,0,stockout,YATA,1790328765
2026-09-25T09:13:12+00:00,2026-09-25T09:32:45+00:00,China,Pangolin Scales,804,0,stockout,YATA,1790328765
2026-09-25T09:13:12+00:00,2026-09-25T09:32:45+00:00,China,Peony,0,9471,restock,YATA,1790328765
2026-09-25T09:32:57+00:00,2026-09-25T09:49:10+00:00,South Africa,African Violet,131,0,stockout,Prometheus,1790329750
2026-09-25T09:32:46+00:00,2026-09-25T09:49:08+00:00,UAE,Camel Plushie,0,1911,restock,Prometheus,1790329748
2026-09-25T09:32:53+00:00,2026-09-25T09:49:11+00:00,Hawaii,Shark Fin,0,338,restock,Prometheus,1790329751
2026-09-25T09:32:45+00:00,2026-09-25T09:49:17+00:00,China,Panda Plushie,0,2077,restock,Prometheus,1790329757
2026-09-25T09:49:10+00:00,2026-09-25T10:03:23+00:00,South Africa,Raw Ivory,0,1910,restock,Prometheus,1790330603
2026-09-25T09:49:10+00:00,2026-09-25T10:03:23+00:00,South Africa,Lion Plushie,43,0,stockout,Prometheus,1790330603
2026-09-25T09:49:11+00:00,2026-09-25T10:03:22+00:00,Hawaii,Shark Fin,338,0,stockout,Prometheus,1790330602
2026-09-25T09:49:17+00:00,2026-09-25T10:03:33+00:00,China,Pangolin Scales,0,2885,restock,Prometheus,1790330613
2026-09-25T10:03:23+00:00,2026-09-25T10:23:05+00:00,South Africa,Lion Plushie,0,875,restock,YATA,1790331785
2026-09-25T10:02:13+00:00,2026-09-25T10:23:04+00:00,UAE,Camel Plushie,686,0,stockout,YATA,1790331784
2026-09-25T10:23:05+00:00,2026-09-25T10:40:31+00:00,South Africa,Lion Plushie,875,0,stockout,YATA,1790332831
2026-09-25T10:23:05+00:00,2026-09-25T10:40:31+00:00,South Africa,African Violet,0,9676,restock,YATA,1790332831
2026-09-25T10:23:04+00:00,2026-09-25T10:41:08+00:00,UAE,Tribulus Omanense,381,0,stockout,Prometheus,1790332868
2026-09-25T10:23:04+00:00,2026-09-25T10:41:08+00:00,UAE,Camel Plushie,0,1095,restock,Prometheus,1790332868
2026-09-25T10:23:06+00:00,2026-09-25T10:41:15+00:00,China,Panda Plushie,266,0,stockout,Prometheus,1790332875
2026-09-25T10:23:06+00:00,2026-09-25T10:41:15+00:00,China,Pangolin Scales,515,0,stockout,Prometheus,1790332875
2026-09-25T10:40:31+00:00,2026-09-25T10:55:32+00:00,South Africa,Raw Ivory,528,0,stockout,Prometheus,1790333732
2026-09-25T10:40:31+00:00,2026-09-25T10:55:32+00:00,South Africa,Lion Plushie,0,2012,restock,Prometheus,1790333732
2026-09-25T10:41:08+00:00,2026-09-25T10:55:23+00:00,UAE,Camel Plushie,1095,0,stockout,Prometheus,1790333723
2026-09-25T10:41:15+00:00,2026-09-25T10:55:11+00:00,Switzerland,Neumune Tablet,0,3,restock,YATA,1790333711
2026-09-25T10:41:15+00:00,2026-09-25T10:55:31+00:00,China,Panda Plushie,0,1506,restock,Prometheus,1790333731
2026-09-25T10:55:23+00:00,2026-09-25T11:16:40+00:00,UAE,Camel Plushie,0,1363,restock,Prometheus,1790335000
2026-09-25T10:55:11+00:00,2026-09-25T11:16:42+00:00,Switzerland,Neumune Tablet,3,0,stockout,Prometheus,1790335002
2026-09-25T10:55:31+00:00,2026-09-25T11:16:42+00:00,China,Panda Plushie,1506,0,stockout,YATA,1790335002
2026-09-25T10:55:31+00:00,2026-09-25T11:16:42+00:00,China,Pangolin Scales,0,2539,restock,YATA,1790335002
2026-09-25T11:16:21+00:00,2026-09-25T11:34:56+00:00,South Africa,Lion Plushie,457,0,stockout,Prometheus,1790336096
2026-09-25T11:16:40+00:00,2026-09-25T11:34:38+00:00,UAE,Tribulus Omanense,0,9967,restock,YATA,1790336078
2026-09-25T11:16:40+00:00,2026-09-25T11:34:38+00:00,UAE,Camel Plushie,1363,0,stockout,YATA,1790336078
2026-09-25T11:16:42+00:00,2026-09-25T11:34:44+00:00,China,Panda Plushie,0,2257,restock,YATA,1790336084
2026-09-25T11:34:56+00:00,2026-09-25T11:52:00+00:00,South Africa,Lion Plushie,0,1503,restock,Prometheus,1790337120
2026-09-25T11:34:44+00:00,2026-09-25T11:52:02+00:00,China,Pangolin Scales,514,0,stockout,Prometheus,1790337122
2026-09-25T11:34:38+00:00,2026-09-25T11:51:16+00:00,UAE,Camel Plushie,0,2482,restock,Prometheus,1790337076
2026-09-25T11:51:16+00:00,2026-09-25T12:09:56+00:00,UAE,Natural Pearls,576,0,stockout,Prometheus,1790338196
2026-09-25T11:52:02+00:00,2026-09-25T12:09:55+00:00,China,Panda Plushie,1121,0,stockout,Prometheus,1790338195
2026-09-25T12:09:32+00:00,2026-09-25T12:34:18+00:00,South Africa,Smoke Grenade,29,0,stockout,YATA,1790339658
2026-09-25T12:09:55+00:00,2026-09-25T12:34:07+00:00,China,Panda Plushie,0,1442,restock,Prometheus,1790339647
2026-09-25T11:52:02+00:00,2026-09-25T12:09:55+00:00,China,Pangolin Scales,0,4740,restock,Prometheus,1790338195
2026-09-25T12:34:18+00:00,2026-09-25T12:53:08+00:00,South Africa,Lion Plushie,1739,0,stockout,YATA,1790340788
2026-09-25T12:34:32+00:00,2026-09-25T12:53:46+00:00,UAE,Natural Pearls,0,4562,restock,Prometheus,1790340826
2026-09-25T12:34:07+00:00,2026-09-25T12:53:48+00:00,China,Pangolin Scales,1110,0,stockout,Prometheus,1790340828
2026-09-25T12:53:08+00:00,2026-09-25T13:14:00+00:00,South Africa,Smoke Grenade,0,2451,restock,Prometheus,1790342040
2026-09-25T12:53:08+00:00,2026-09-25T13:14:00+00:00,South Africa,Lion Plushie,0,2089,restock,Prometheus,1790342040
2026-09-25T12:53:41+00:00,2026-09-25T13:13:12+00:00,Canada,Xanax,31,0,stockout,YATA,1790341992
2026-09-25T12:53:46+00:00,2026-09-25T13:14:03+00:00,UAE,Camel Plushie,336,0,stockout,Prometheus,1790342043
2026-09-25T12:53:48+00:00,2026-09-25T13:14:10+00:00,Hawaii,Shark Fin,0,1040,restock,Prometheus,1790342050
2026-09-25T12:53:48+00:00,2026-09-25T13:14:03+00:00,China,Pangolin Scales,0,4192,restock,Prometheus,1790342043
2026-09-25T12:53:48+00:00,2026-09-25T13:14:03+00:00,China,Peony,1358,0,stockout,Prometheus,1790342043
2026-09-25T13:14:03+00:00,2026-09-25T13:32:47+00:00,UAE,Camel Plushie,0,690,restock,Prometheus,1790343167
2026-09-25T13:14:10+00:00,2026-09-25T13:33:31+00:00,Hawaii,Shark Fin,1040,0,stockout,Prometheus,1790343211
2026-09-25T13:33:20+00:00,2026-09-25T13:50:47+00:00,South Africa,Raw Ivory,0,1989,restock,Prometheus,1790344247
2026-09-25T13:32:47+00:00,2026-09-25T13:50:51+00:00,UAE,Camel Plushie,690,0,stockout,Prometheus,1790344251
2026-09-25T13:33:18+00:00,2026-09-25T13:50:58+00:00,China,Panda Plushie,682,0,stockout,Prometheus,1790344258
2026-09-25T13:33:18+00:00,2026-09-25T13:50:58+00:00,China,Pangolin Scales,1109,0,stockout,Prometheus,1790344258
2026-09-25T13:50:51+00:00,2026-09-25T14:07:20+00:00,UAE,Camel Plushie,0,1586,restock,Prometheus,1790345240
2026-09-25T13:50:58+00:00,2026-09-25T14:07:42+00:00,China,Panda Plushie,0,727,restock,Prometheus,1790345262
2026-09-25T14:07:46+00:00,2026-09-25T14:28:16+00:00,South Africa,Lion Plushie,801,0,stockout,Prometheus,1790346496
2026-09-25T14:07:42+00:00,2026-09-25T14:28:23+00:00,China,Panda Plushie,727,0,stockout,Prometheus,1790346503
2026-09-25T14:07:42+00:00,2026-09-25T14:28:23+00:00,China,Pangolin Scales,0,1577,restock,Prometheus,1790346503
2026-09-25T14:07:42+00:00,2026-09-25T14:28:23+00:00,China,Peony,0,8966,restock,Prometheus,1790346503
2026-09-25T14:28:16+00:00,2026-09-25T14:46:53+00:00,South Africa,Raw Ivory,655,0,stockout,Prometheus,1790347613
2026-09-25T14:28:16+00:00,2026-09-25T14:46:53+00:00,South Africa,Lion Plushie,0,1346,restock,Prometheus,1790347613
2026-09-25T14:28:23+00:00,2026-09-25T14:47:13+00:00,China,Panda Plushie,0,1094,restock,Prometheus,1790347633
2026-09-25T14:28:23+00:00,2026-09-25T14:47:13+00:00,China,Pangolin Scales,1577,0,stockout,Prometheus,1790347633
2026-09-25T15:00:40+00:00,2026-09-25T15:22:58+00:00,Canada,Xanax,0,2423,restock,Prometheus,1790349778
2026-09-25T15:01:04+00:00,2026-09-25T15:22:45+00:00,UAE,Camel Plushie,942,0,stockout,YATA,1790349765
2026-09-25T15:00:55+00:00,2026-09-25T15:22:58+00:00,China,Pangolin Scales,0,3032,restock,Prometheus,1790349778
2026-09-25T15:01:06+00:00,2026-09-25T15:23:00+00:00,South Africa,Xanax,80,0,stockout,Prometheus,1790349780
2026-09-25T15:22:45+00:00,2026-09-25T15:39:47+00:00,UAE,Camel Plushie,0,1071,restock,Prometheus,1790350787
2026-09-25T15:22:45+00:00,2026-09-25T15:39:47+00:00,UAE,Natural Pearls,177,0,stockout,Prometheus,1790350787
2026-09-25T15:40:04+00:00,2026-09-25T15:54:02+00:00,South Africa,Xanax,0,2,restock,Prometheus,1790351642
2026-09-25T15:40:04+00:00,2026-09-25T15:54:02+00:00,South Africa,Lion Plushie,834,0,stockout,Prometheus,1790351642
2026-09-25T15:40:04+00:00,2026-09-25T15:54:02+00:00,South Africa,African Violet,71,0,stockout,Prometheus,1790351642
2026-09-25T15:39:47+00:00,2026-09-25T15:54:09+00:00,UAE,Tribulus Omanense,12,0,stockout,YATA,1790351649
2026-09-25T15:39:47+00:00,2026-09-25T15:54:09+00:00,UAE,Camel Plushie,1071,0,stockout,YATA,1790351649
2026-09-25T15:40:08+00:00,2026-09-25T15:54:15+00:00,China,Panda Plushie,889,0,stockout,Prometheus,1790351655
2026-09-25T15:40:08+00:00,2026-09-25T15:54:15+00:00,China,Pangolin Scales,1284,0,stockout,Prometheus,1790351655
2026-09-25T15:54:02+00:00,2026-09-25T16:14:17+00:00,South Africa,Xanax,2,0,stockout,Prometheus,1790352857
2026-09-25T15:54:02+00:00,2026-09-25T16:14:17+00:00,South Africa,Lion Plushie,0,1299,restock,Prometheus,1790352857
2026-09-25T15:54:09+00:00,2026-09-25T16:14:43+00:00,UAE,Camel Plushie,0,680,restock,YATA,1790352883
2026-09-25T15:54:09+00:00,2026-09-25T16:14:43+00:00,UAE,Natural Pearls,0,4504,restock,YATA,1790352883
2026-09-25T15:54:15+00:00,2026-09-25T16:14:27+00:00,China,Panda Plushie,0,2045,restock,YATA,1790352867
2026-09-25T16:14:17+00:00,2026-09-25T16:34:34+00:00,South Africa,Smoke Grenade,68,0,stockout,Prometheus,1790354074
2026-09-25T16:14:17+00:00,2026-09-25T16:34:34+00:00,South Africa,Lion Plushie,1299,0,stockout,Prometheus,1790354074
2026-09-25T16:14:43+00:00,2026-09-25T16:34:17+00:00,UAE,Camel Plushie,680,0,stockout,YATA,1790354057
2026-09-25T16:14:27+00:00,2026-09-25T16:34:08+00:00,China,Pangolin Scales,0,2642,restock,Prometheus,1790354048
2026-09-25T16:34:34+00:00,2026-09-25T16:51:58+00:00,South Africa,Lion Plushie,0,862,restock,Prometheus,1790355118
2026-09-25T16:34:34+00:00,2026-09-25T16:51:58+00:00,South Africa,African Violet,0,9954,restock,Prometheus,1790355118
2026-09-25T16:34:17+00:00,2026-09-25T16:51:38+00:00,UAE,Tribulus Omanense,0,9795,restock,Prometheus,1790355098
2026-09-25T16:34:17+00:00,2026-09-25T16:51:38+00:00,UAE,Camel Plushie,0,719,restock,Prometheus,1790355098
2026-09-25T16:34:08+00:00,2026-09-25T16:51:51+00:00,China,Panda Plushie,472,0,stockout,Prometheus,1790355111
2026-09-25T16:51:58+00:00,2026-09-25T17:08:00+00:00,South Africa,Lion Plushie,862,0,stockout,YATA,1790356080
2026-09-25T16:51:38+00:00,2026-09-25T17:07:13+00:00,UAE,Camel Plushie,719,0,stockout,Prometheus,1790356033
2026-09-25T16:51:51+00:00,2026-09-25T17:07:59+00:00,China,Panda Plushie,0,1455,restock,Prometheus,1790356079
2026-09-25T16:51:51+00:00,2026-09-25T17:07:59+00:00,China,Pangolin Scales,961,0,stockout,Prometheus,1790356079
2026-09-25T17:08:00+00:00,2026-09-25T17:26:26+00:00,South Africa,Xanax,0,2452,restock,YATA,1790357186
2026-09-25T17:08:00+00:00,2026-09-25T17:26:26+00:00,South Africa,Smoke Grenade,0,2309,restock,YATA,1790357186
2026-09-25T17:08:00+00:00,2026-09-25T17:26:26+00:00,South Africa,Lion Plushie,0,1564,restock,YATA,1790357186
2026-09-25T17:07:13+00:00,2026-09-25T17:26:31+00:00,UAE,Camel Plushie,0,1435,restock,Prometheus,1790357191
2026-09-25T17:26:25+00:00,2026-09-25T17:44:02+00:00,China,Pangolin Scales,0,2409,restock,Prometheus,1790358242
2026-09-25T17:26:25+00:00,2026-09-25T17:44:02+00:00,China,Peony,305,0,stockout,Prometheus,1790358242
2026-09-25T17:44:29+00:00,2026-09-25T17:58:01+00:00,South Africa,Lion Plushie,245,0,stockout,Prometheus,1790359081
2026-09-25T17:44:03+00:00,2026-09-25T17:57:31+00:00,UAE,Camel Plushie,373,0,stockout,YATA,1790359051
2026-09-25T17:58:01+00:00,2026-09-25T18:20:48+00:00,South Africa,Raw Ivory,0,1640,restock,Prometheus,1790360448
2026-09-25T17:58:01+00:00,2026-09-25T18:20:48+00:00,South Africa,Lion Plushie,0,1801,restock,Prometheus,1790360448
2026-09-25T17:57:31+00:00,2026-09-25T18:20:17+00:00,UAE,Camel Plushie,0,967,restock,YATA,1790360417
2026-09-25T17:57:42+00:00,2026-09-25T18:20:52+00:00,China,Panda Plushie,1132,0,stockout,Prometheus,1790360452
2026-09-25T17:57:42+00:00,2026-09-25T18:20:52+00:00,China,Pangolin Scales,666,0,stockout,Prometheus,1790360452
2026-09-25T18:20:17+00:00,2026-09-25T18:39:38+00:00,UAE,Camel Plushie,967,0,stockout,Prometheus,1790361578
2026-09-25T18:20:52+00:00,2026-09-25T18:39:48+00:00,China,Panda Plushie,0,1176,restock,YATA,1790361588
2026-09-25T18:20:52+00:00,2026-09-25T18:39:48+00:00,China,Pangolin Scales,0,4369,restock,YATA,1790361588
2026-09-25T18:20:52+00:00,2026-09-25T18:39:48+00:00,China,Peony,0,9423,restock,YATA,1790361588
2026-09-25T18:39:40+00:00,2026-09-25T18:54:50+00:00,South Africa,Lion Plushie,558,0,stockout,YATA,1790362490
2026-09-25T18:39:38+00:00,2026-09-25T18:53:28+00:00,UAE,Camel Plushie,0,2093,restock,Prometheus,1790362408
2026-09-25T18:54:50+00:00,2026-09-25T19:12:59+00:00,South Africa,Raw Ivory,359,0,stockout,Prometheus,1790363579
2026-09-25T18:54:50+00:00,2026-09-25T19:12:59+00:00,South Africa,Lion Plushie,0,2210,restock,Prometheus,1790363579
2026-09-25T18:53:28+00:00,2026-09-25T19:13:48+00:00,UAE,Natural Pearls,231,0,stockout,YATA,1790363628
2026-09-25T19:13:48+00:00,2026-09-25T19:29:36+00:00,UAE,Camel Plushie,499,0,stockout,Prometheus,1790364576
2026-09-25T19:13:43+00:00,2026-09-25T19:29:48+00:00,China,Pangolin Scales,671,0,stockout,Prometheus,1790364588
2026-09-25T19:29:35+00:00,2026-09-25T19:44:59+00:00,Japan,Xanax,0,696,restock,Prometheus,1790365499
2026-09-25T19:29:36+00:00,2026-09-25T19:44:42+00:00,UAE,Camel Plushie,0,1642,restock,Prometheus,1790365482
2026-09-25T19:29:36+00:00,2026-09-25T19:44:42+00:00,UAE,Natural Pearls,0,4823,restock,Prometheus,1790365482
2026-09-25T19:44:47+00:00,2026-09-25T19:56:50+00:00,South Africa,Lion Plushie,486,0,stockout,YATA,1790366210
2026-09-25T19:44:59+00:00,2026-09-25T19:57:31+00:00,Japan,Xanax,696,0,stockout,Prometheus,1790366251
2026-09-25T19:44:51+00:00,2026-09-25T19:56:58+00:00,China,Panda Plushie,327,0,stockout,Prometheus,1790366218
2026-09-25T19:44:51+00:00,2026-09-25T19:56:58+00:00,China,Pangolin Scales,0,3865,restock,Prometheus,1790366218
2026-09-25T19:56:50+00:00,2026-09-25T20:17:19+00:00,South Africa,Lion Plushie,0,1632,restock,Prometheus,1790367439
2026-09-25T19:57:30+00:00,2026-09-25T20:17:23+00:00,UAE,Camel Plushie,692,0,stockout,Prometheus,1790367443
2026-09-25T19:56:58+00:00,2026-09-25T20:17:17+00:00,China,Panda Plushie,0,1689,restock,YATA,1790367437
2026-09-25T20:17:23+00:00,2026-09-25T20:33:26+00:00,UAE,Camel Plushie,0,1404,restock,YATA,1790368406
2026-09-25T20:34:05+00:00,2026-09-25T20:49:30+00:00,South Africa,Lion Plushie,448,0,stockout,YATA,1790369370
2026-09-25T20:34:09+00:00,2026-09-25T20:49:58+00:00,China,Pangolin Scales,1080,0,stockout,Prometheus,1790369398
2026-09-25T20:49:30+00:00,2026-09-25T21:03:46+00:00,South Africa,Smoke Grenade,180,0,stockout,Prometheus,1790370226
2026-09-25T20:49:30+00:00,2026-09-25T21:03:46+00:00,South Africa,Lion Plushie,0,1706,restock,Prometheus,1790370226
2026-09-25T20:49:16+00:00,2026-09-25T21:04:48+00:00,UAE,Camel Plushie,138,0,stockout,Prometheus,1790370288
2026-09-25T20:34:09+00:00,2026-09-25T20:49:58+00:00,China,Panda Plushie,626,0,stockout,Prometheus,1790369398
2026-09-25T21:04:48+00:00,2026-09-25T21:23:03+00:00,UAE,Camel Plushie,0,1066,restock,Prometheus,1790371383
2026-09-25T21:04:54+00:00,2026-09-25T21:23:13+00:00,Hawaii,Shark Fin,0,1820,restock,Prometheus,1790371393
2026-09-25T21:04:53+00:00,2026-09-25T21:23:11+00:00,China,Panda Plushie,0,1431,restock,Prometheus,1790371391
2026-09-25T21:04:53+00:00,2026-09-25T21:23:11+00:00,China,Pangolin Scales,0,3658,restock,Prometheus,1790371391
2026-09-25T21:23:19+00:00,2026-09-25T21:39:49+00:00,South Africa,Lion Plushie,170,0,stockout,Prometheus,1790372389
2026-09-25T21:23:03+00:00,2026-09-25T21:40:47+00:00,UAE,Camel Plushie,1066,0,stockout,Prometheus,1790372447
2026-09-25T21:23:13+00:00,2026-09-25T21:40:57+00:00,Hawaii,Shark Fin,1820,0,stockout,Prometheus,1790372457
2026-09-25T21:39:49+00:00,2026-09-25T21:55:08+00:00,South Africa,Lion Plushie,0,1119,restock,Prometheus,1790373308
2026-09-25T21:40:36+00:00,2026-09-25T21:55:13+00:00,Japan,Xanax,0,280,restock,Prometheus,1790373313
2026-09-25T21:40:47+00:00,2026-09-25T21:55:07+00:00,UAE,Tribulus Omanense,843,0,stockout,Prometheus,1790373307
2026-09-25T21:55:08+00:00,2026-09-25T22:14:35+00:00,South Africa,Raw Ivory,0,2019,restock,Prometheus,1790374475
2026-09-25T21:55:08+00:00,2026-09-25T22:14:35+00:00,South Africa,Smoke Grenade,0,2482,restock,Prometheus,1790374475
2026-09-25T21:55:13+00:00,2026-09-25T22:14:58+00:00,Japan,Xanax,280,0,stockout,Prometheus,1790374498
2026-09-25T21:55:07+00:00,2026-09-25T22:14:30+00:00,UAE,Camel Plushie,0,1406,restock,Prometheus,1790374470
2026-09-25T21:55:15+00:00,2026-09-25T22:13:17+00:00,China,Panda Plushie,83,0,stockout,Prometheus,1790374397
2026-09-25T21:55:15+00:00,2026-09-25T22:13:17+00:00,China,Pangolin Scales,1037,0,stockout,Prometheus,1790374397
2026-09-25T22:14:35+00:00,2026-09-25T22:31:38+00:00,South Africa,Lion Plushie,176,0,stockout,Prometheus,1790375498
2026-09-25T22:14:57+00:00,2026-09-25T22:31:49+00:00,Hawaii,Shark Fin,0,3899,restock,Prometheus,1790375509
2026-09-25T22:13:17+00:00,2026-09-25T22:31:24+00:00,China,Panda Plushie,0,1605,restock,Prometheus,1790375484
2026-09-25T22:31:38+00:00,2026-09-25T22:46:50+00:00,South Africa,Lion Plushie,0,1839,restock,YATA,1790376410
2026-09-25T22:31:34+00:00,2026-09-25T22:47:05+00:00,UAE,Camel Plushie,21,0,stockout,Prometheus,1790376425
2026-09-25T22:31:24+00:00,2026-09-25T22:47:00+00:00,China,Pangolin Scales,0,3401,restock,Prometheus,1790376420
2026-09-25T22:47:05+00:00,2026-09-25T22:59:37+00:00,UAE,Tribulus Omanense,0,9831,restock,YATA,1790377177
2026-09-25T22:47:05+00:00,2026-09-25T22:59:37+00:00,UAE,Camel Plushie,0,1391,restock,YATA,1790377177
2026-09-25T22:46:41+00:00,2026-09-25T22:59:48+00:00,Hawaii,Shark Fin,327,0,stockout,YATA,1790377188
2026-09-25T22:59:49+00:00,2026-09-25T23:18:22+00:00,South Africa,Raw Ivory,458,0,stockout,Prometheus,1790378302
2026-09-25T22:59:48+00:00,2026-09-25T23:17:04+00:00,United Kingdom,Xanax,37,0,stockout,Prometheus,1790378224
2026-09-25T22:59:37+00:00,2026-09-25T23:17:59+00:00,UAE,Natural Pearls,275,0,stockout,Prometheus,1790378279
2026-09-25T22:59:41+00:00,2026-09-25T23:18:07+00:00,China,Panda Plushie,416,0,stockout,Prometheus,1790378287
2026-09-25T23:18:22+00:00,2026-09-25T23:32:33+00:00,South Africa,Lion Plushie,316,0,stockout,YATA,1790379153
2026-09-25T23:17:59+00:00,2026-09-25T23:32:23+00:00,UAE,Camel Plushie,280,0,stockout,Prometheus,1790379143
2026-09-25T23:18:07+00:00,2026-09-25T23:32:19+00:00,China,Panda Plushie,0,2167,restock,Prometheus,1790379139
2026-09-25T23:32:33+00:00,2026-09-25T23:46:19+00:00,South Africa,Lion Plushie,0,2241,restock,Prometheus,1790379979
2026-09-25T23:32:33+00:00,2026-09-25T23:46:19+00:00,South Africa,African Violet,554,0,stockout,Prometheus,1790379979
2026-09-25T23:32:23+00:00,2026-09-25T23:46:17+00:00,UAE,Camel Plushie,0,2088,restock,Prometheus,1790379977
2026-09-25T23:32:23+00:00,2026-09-25T23:46:17+00:00,UAE,Natural Pearls,0,4748,restock,Prometheus,1790379977
2026-09-25T23:46:23+00:00,2026-09-25T23:59:05+00:00,Hawaii,Shark Fin,0,1863,restock,YATA,1790380745
2026-09-25T23:32:19+00:00,2026-09-25T23:46:10+00:00,China,Pangolin Scales,77,0,stockout,Prometheus,1790379970
2026-09-25T23:46:10+00:00,2026-09-25T23:59:10+00:00,China,Peony,125,0,stockout,Prometheus,1790380750
2026-09-25T23:58:05+00:00,2026-09-26T00:25:07+00:00,South Africa,Lion Plushie,1412,0,stockout,Prometheus,1790382307
2026-09-25T23:59:05+00:00,2026-09-26T00:25:32+00:00,Hawaii,Shark Fin,1863,0,stockout,YATA,1790382332
2026-09-25T23:59:10+00:00,2026-09-26T00:25:28+00:00,China,Pangolin Scales,0,2737,restock,Prometheus,1790382328
2026-09-26T00:25:07+00:00,2026-09-26T00:47:50+00:00,South Africa,Lion Plushie,0,1326,restock,Prometheus,1790383670
2026-09-26T00:47:50+00:00,2026-09-26T01:00:18+00:00,South Africa,African Violet,0,9774,restock,YATA,1790384418
2026-09-26T00:47:37+00:00,2026-09-26T01:00:26+00:00,China,Peony,0,9858,restock,Prometheus,1790384426
2026-09-26T01:00:18+00:00,2026-09-26T01:18:36+00:00,South Africa,Lion Plushie,681,0,stockout,Prometheus,1790385516
2026-09-26T01:00:45+00:00,2026-09-26T01:18:48+00:00,United Kingdom,Xanax,0,2419,restock,Prometheus,1790385528
2026-09-26T01:00:41+00:00,2026-09-26T01:18:41+00:00,Hawaii,Shark Fin,0,3368,restock,Prometheus,1790385521
2026-09-26T01:00:26+00:00,2026-09-26T01:18:35+00:00,China,Panda Plushie,439,0,stockout,YATA,1790385515
2026-09-26T01:00:26+00:00,2026-09-26T01:18:35+00:00,China,Pangolin Scales,185,0,stockout,YATA,1790385515
2026-09-26T01:18:36+00:00,2026-09-26T01:33:25+00:00,South Africa,Lion Plushie,0,1878,restock,Prometheus,1790386405
2026-09-26T01:18:54+00:00,2026-09-26T01:33:29+00:00,UAE,Camel Plushie,54,0,stockout,Prometheus,1790386409
2026-09-26T01:18:35+00:00,2026-09-26T01:34:05+00:00,China,Panda Plushie,0,2053,restock,Prometheus,1790386445
2026-09-26T01:18:35+00:00,2026-09-26T01:34:05+00:00,China,Pangolin Scales,0,4558,restock,Prometheus,1790386445
2026-09-26T01:33:29+00:00,2026-09-26T01:48:55+00:00,UAE,Camel Plushie,0,1675,restock,Prometheus,1790387335
2026-09-26T01:34:16+00:00,2026-09-26T01:49:08+00:00,Hawaii,Shark Fin,1553,0,stockout,Prometheus,1790387348
2026-09-26T01:48:57+00:00,2026-09-26T02:02:42+00:00,South Africa,Raw Ivory,0,2456,restock,Prometheus,1790388162
2026-09-26T02:02:42+00:00,2026-09-26T02:21:42+00:00,South Africa,Lion Plushie,305,0,stockout,Prometheus,1790389302
2026-09-26T02:02:49+00:00,2026-09-26T02:21:22+00:00,Japan,Xanax,0,981,restock,Prometheus,1790389282
2026-09-26T02:02:04+00:00,2026-09-26T02:21:16+00:00,UAE,Camel Plushie,602,0,stockout,Prometheus,1790389276
2026-09-26T02:21:42+00:00,2026-09-26T02:37:41+00:00,South Africa,Lion Plushie,0,2233,restock,Prometheus,1790390261
2026-09-26T02:21:22+00:00,2026-09-26T02:38:08+00:00,Japan,Xanax,981,0,stockout,Prometheus,1790390288
2026-09-26T02:21:16+00:00,2026-09-26T02:38:26+00:00,UAE,Camel Plushie,0,1878,restock,Prometheus,1790390306
2026-09-26T02:21:26+00:00,2026-09-26T02:37:31+00:00,China,Panda Plushie,302,0,stockout,Prometheus,1790390251
2026-09-26T02:38:20+00:00,2026-09-26T02:53:01+00:00,Hawaii,Shark Fin,0,2568,restock,Prometheus,1790391181
2026-09-26T02:37:31+00:00,2026-09-26T02:53:03+00:00,China,Panda Plushie,0,2050,restock,Prometheus,1790391183
2026-09-26T02:21:26+00:00,2026-09-26T02:37:31+00:00,China,Pangolin Scales,745,0,stockout,Prometheus,1790390251
2026-09-26T02:52:05+00:00,2026-09-26T03:10:48+00:00,South Africa,Raw Ivory,454,0,stockout,Prometheus,1790392248
2026-09-26T02:53:03+00:00,2026-09-26T03:10:50+00:00,China,Pangolin Scales,0,4253,restock,Prometheus,1790392250
2026-09-26T03:10:48+00:00,2026-09-26T03:29:07+00:00,South Africa,Smoke Grenade,89,0,stockout,Prometheus,1790393347
2026-09-26T03:10:38+00:00,2026-09-26T03:29:11+00:00,Hawaii,Shark Fin,472,0,stockout,Prometheus,1790393351
2026-09-26T03:56:54+00:00,2026-09-26T04:18:01+00:00,South Africa,Lion Plushie,1052,0,stockout,YATA,1790396281
2026-09-26T03:57:06+00:00,2026-09-26T04:18:12+00:00,UAE,Camel Plushie,722,0,stockout,Prometheus,1790396292
2026-09-26T03:57:18+00:00,2026-09-26T04:17:42+00:00,Hawaii,Shark Fin,0,2761,restock,Prometheus,1790396262
2026-09-26T03:44:47+00:00,2026-09-26T03:57:29+00:00,China,Pangolin Scales,918,0,stockout,Prometheus,1790395049
2026-09-26T04:18:01+00:00,2026-09-26T04:34:59+00:00,South Africa,Smoke Grenade,0,2329,restock,YATA,1790397299
2026-09-26T04:18:01+00:00,2026-09-26T04:34:59+00:00,South Africa,Lion Plushie,0,2274,restock,YATA,1790397299
2026-09-26T04:17:47+00:00,2026-09-26T04:34:47+00:00,Japan,Xanax,0,2014,restock,Prometheus,1790397287
2026-09-26T04:18:12+00:00,2026-09-26T04:34:47+00:00,UAE,Camel Plushie,0,1705,restock,Prometheus,1790397287
2026-09-26T04:17:40+00:00,2026-09-26T04:34:13+00:00,China,Pangolin Scales,0,3706,restock,Prometheus,1790397253
2026-09-26T04:34:56+00:00,2026-09-26T04:49:58+00:00,Hawaii,Shark Fin,339,0,stockout,Prometheus,1790398198
2026-09-26T04:34:13+00:00,2026-09-26T04:49:51+00:00,China,Panda Plushie,335,0,stockout,YATA,1790398191
2026-09-26T04:49:36+00:00,2026-09-26T05:03:57+00:00,Japan,Xanax,170,0,stockout,Prometheus,1790399037
2026-09-26T04:49:51+00:00,2026-09-26T05:04:16+00:00,China,Panda Plushie,0,1911,restock,Prometheus,1790399056
2026-09-26T05:03:57+00:00,2026-09-26T05:22:22+00:00,UAE,Camel Plushie,266,0,stockout,Prometheus,1790400142
2026-09-26T05:22:22+00:00,2026-09-26T05:37:35+00:00,UAE,Tribulus Omanense,16,0,stockout,YATA,1790401055
2026-09-26T05:22:22+00:00,2026-09-26T05:37:35+00:00,UAE,Camel Plushie,0,1249,restock,YATA,1790401055
2026-09-26T05:21:19+00:00,2026-09-26T05:38:11+00:00,China,Pangolin Scales,106,0,stockout,Prometheus,1790401091
2026-09-26T05:38:08+00:00,2026-09-26T05:51:50+00:00,Hawaii,Shark Fin,0,1879,restock,Prometheus,1790401910
2026-09-26T05:38:11+00:00,2026-09-26T05:52:12+00:00,China,Panda Plushie,543,0,stockout,Prometheus,1790401932
2026-09-26T05:51:04+00:00,2026-09-26T06:11:24+00:00,South Africa,Raw Ivory,0,2364,restock,Prometheus,1790403084
2026-09-26T05:51:04+00:00,2026-09-26T06:11:24+00:00,South Africa,Lion Plushie,765,0,stockout,Prometheus,1790403084
2026-09-26T05:51:50+00:00,2026-09-26T06:11:16+00:00,Hawaii,Shark Fin,1879,0,stockout,Prometheus,1790403076
2026-09-26T05:52:12+00:00,2026-09-26T06:11:22+00:00,China,Panda Plushie,0,1934,restock,Prometheus,1790403082
2026-09-26T05:52:12+00:00,2026-09-26T06:11:22+00:00,China,Pangolin Scales,0,3079,restock,Prometheus,1790403082
2026-09-26T06:11:24+00:00,2026-09-26T06:33:54+00:00,South Africa,Lion Plushie,0,1233,restock,Prometheus,1790404434
2026-09-26T06:11:33+00:00,2026-09-26T06:35:02+00:00,UAE,Tribulus Omanense,0,9673,restock,Prometheus,1790404502
2026-09-26T06:35:02+00:00,2026-09-26T06:52:40+00:00,UAE,Camel Plushie,675,0,stockout,YATA,1790405560
2026-09-26T06:33:32+00:00,2026-09-26T06:52:30+00:00,China,Pangolin Scales,1391,0,stockout,YATA,1790405550
2026-09-26T06:51:59+00:00,2026-09-26T07:10:20+00:00,South Africa,Raw Ivory,429,0,stockout,Prometheus,1790406620
2026-09-26T06:52:40+00:00,2026-09-26T07:10:17+00:00,UAE,Camel Plushie,0,1906,restock,Prometheus,1790406617
2026-09-26T06:52:54+00:00,2026-09-26T07:10:14+00:00,Hawaii,Shark Fin,0,2220,restock,Prometheus,1790406614
2026-09-26T06:52:30+00:00,2026-09-26T07:10:18+00:00,China,Panda Plushie,305,0,stockout,YATA,1790406618
2026-09-26T06:52:30+00:00,2026-09-26T07:10:18+00:00,China,Peony,903,0,stockout,YATA,1790406618
2026-09-26T07:10:14+00:00,2026-09-26T07:27:33+00:00,Hawaii,Shark Fin,2220,0,stockout,Prometheus,1790407653
2026-09-26T07:10:18+00:00,2026-09-26T07:27:22+00:00,China,Panda Plushie,0,916,restock,Prometheus,1790407642
2026-09-26T07:10:18+00:00,2026-09-26T07:27:22+00:00,China,Pangolin Scales,0,4282,restock,Prometheus,1790407642
2026-09-26T07:27:31+00:00,2026-09-26T07:43:15+00:00,South Africa,Lion Plushie,1148,0,stockout,YATA,1790408595
2026-09-26T07:27:36+00:00,2026-09-26T07:42:22+00:00,UAE,Camel Plushie,421,0,stockout,Prometheus,1790408542
2026-09-26T07:43:15+00:00,2026-09-26T07:55:55+00:00,South Africa,African Violet,395,0,stockout,YATA,1790409355
2026-09-26T07:42:22+00:00,2026-09-26T07:55:45+00:00,UAE,Camel Plushie,0,2085,restock,YATA,1790409345
2026-09-26T07:42:22+00:00,2026-09-26T07:55:45+00:00,UAE,Natural Pearls,267,0,stockout,YATA,1790409345
2026-09-26T07:43:21+00:00,2026-09-26T07:55:59+00:00,China,Panda Plushie,74,0,stockout,Prometheus,1790409359
2026-09-26T07:55:55+00:00,2026-09-26T08:17:27+00:00,South Africa,Lion Plushie,0,770,restock,Prometheus,1790410647
2026-09-26T07:55:59+00:00,2026-09-26T08:18:00+00:00,China,Panda Plushie,0,944,restock,Prometheus,1790410680
2026-09-26T07:55:59+00:00,2026-09-26T08:18:00+00:00,China,Pangolin Scales,777,0,stockout,Prometheus,1790410680
2026-09-26T07:55:59+00:00,2026-09-26T08:18:00+00:00,China,Peony,0,9486,restock,Prometheus,1790410680
2026-09-26T08:17:27+00:00,2026-09-26T08:34:30+00:00,South Africa,Smoke Grenade,179,0,stockout,Prometheus,1790411670
2026-09-26T08:17:27+00:00,2026-09-26T08:34:30+00:00,South Africa,Lion Plushie,770,0,stockout,Prometheus,1790411670
2026-09-26T08:18:06+00:00,2026-09-26T08:34:31+00:00,UAE,Camel Plushie,531,0,stockout,Prometheus,1790411671
2026-09-26T07:55:45+00:00,2026-09-26T08:18:06+00:00,UAE,Natural Pearls,0,5000,restock,Prometheus,1790410686
2026-09-26T08:18:05+00:00,2026-09-26T08:34:22+00:00,Hawaii,Shark Fin,0,155,restock,YATA,1790411662
2026-09-26T08:18:00+00:00,2026-09-26T08:34:25+00:00,China,Panda Plushie,944,0,stockout,Prometheus,1790411665
2026-09-26T08:34:30+00:00,2026-09-26T08:49:43+00:00,South Africa,Lion Plushie,0,942,restock,YATA,1790412583
2026-09-26T08:34:31+00:00,2026-09-26T08:49:23+00:00,UAE,Camel Plushie,0,1831,restock,Prometheus,1790412563
2026-09-26T08:34:22+00:00,2026-09-26T08:49:42+00:00,Hawaii,Shark Fin,155,0,stockout,Prometheus,1790412582
2026-09-26T08:34:25+00:00,2026-09-26T08:49:40+00:00,China,Panda Plushie,0,1976,restock,Prometheus,1790412580
2026-09-26T08:34:25+00:00,2026-09-26T08:49:40+00:00,China,Pangolin Scales,0,2745,restock,Prometheus,1790412580
2026-09-26T08:49:43+00:00,2026-09-26T09:03:54+00:00,South Africa,Lion Plushie,942,0,stockout,Prometheus,1790413434
2026-09-26T08:49:43+00:00,2026-09-26T09:03:54+00:00,South Africa,African Violet,0,9257,restock,Prometheus,1790413434
2026-09-26T09:03:54+00:00,2026-09-26T09:22:01+00:00,South Africa,Lion Plushie,0,1622,restock,Prometheus,1790414521
2026-09-26T09:04:01+00:00,2026-09-26T09:21:40+00:00,UAE,Camel Plushie,720,0,stockout,YATA,1790414500
2026-09-26T09:04:09+00:00,2026-09-26T09:21:43+00:00,China,Pangolin Scales,1485,0,stockout,Prometheus,1790414503
2026-09-26T09:22:01+00:00,2026-09-26T09:37:06+00:00,South Africa,Smoke Grenade,0,2276,restock,Prometheus,1790415426
2026-09-26T09:21:40+00:00,2026-09-26T09:37:30+00:00,UAE,Camel Plushie,0,1787,restock,YATA,1790415450
2026-09-26T09:22:00+00:00,2026-09-26T09:38:02+00:00,Hawaii,Shark Fin,0,2465,restock,Prometheus,1790415482
2026-09-26T09:21:43+00:00,2026-09-26T09:37:57+00:00,China,Panda Plushie,107,0,stockout,Prometheus,1790415477
2026-09-26T09:37:06+00:00,2026-09-26T09:51:30+00:00,South Africa,Lion Plushie,387,0,stockout,Prometheus,1790416290
2026-09-26T09:38:02+00:00,2026-09-26T09:50:54+00:00,Hawaii,Shark Fin,2465,0,stockout,YATA,1790416254
2026-09-26T09:37:57+00:00,2026-09-26T09:51:30+00:00,China,Panda Plushie,0,1692,restock,Prometheus,1790416290
2026-09-26T09:37:57+00:00,2026-09-26T09:51:30+00:00,China,Pangolin Scales,0,4698,restock,Prometheus,1790416290
2026-09-26T09:51:30+00:00,2026-09-26T10:07:00+00:00,South Africa,Lion Plushie,0,1234,restock,Prometheus,1790417220
2026-09-26T09:50:44+00:00,2026-09-26T10:07:39+00:00,UAE,Camel Plushie,667,0,stockout,YATA,1790417259
2026-09-26T10:07:00+00:00,2026-09-26T10:25:11+00:00,South Africa,Raw Ivory,0,1896,restock,Prometheus,1790418311
2026-09-26T10:07:00+00:00,2026-09-26T10:25:11+00:00,South Africa,Lion Plushie,1234,0,stockout,Prometheus,1790418311
2026-09-26T10:07:39+00:00,2026-09-26T10:24:46+00:00,UAE,Camel Plushie,0,1363,restock,Prometheus,1790418286
2026-09-26T10:07:31+00:00,2026-09-26T10:25:19+00:00,China,Panda Plushie,460,0,stockout,Prometheus,1790418319
2026-09-26T10:07:31+00:00,2026-09-26T10:25:19+00:00,China,Pangolin Scales,2265,0,stockout,Prometheus,1790418319
2026-09-26T10:25:11+00:00,2026-09-26T10:41:39+00:00,South Africa,Lion Plushie,0,1622,restock,YATA,1790419299
2026-09-26T10:25:19+00:00,2026-09-26T10:41:40+00:00,China,Panda Plushie,0,551,restock,Prometheus,1790419300
2026-09-26T10:24:46+00:00,2026-09-26T10:41:29+00:00,UAE,Camel Plushie,1363,0,stockout,Prometheus,1790419289
2026-09-26T10:41:40+00:00,2026-09-26T10:54:47+00:00,China,Panda Plushie,551,0,stockout,Prometheus,1790420087
2026-09-26T10:54:23+00:00,2026-09-26T11:12:27+00:00,South Africa,Raw Ivory,109,0,stockout,Prometheus,1790421147
2026-09-26T10:54:32+00:00,2026-09-26T11:13:05+00:00,UAE,Tribulus Omanense,432,0,stockout,Prometheus,1790421185
2026-09-26T10:54:32+00:00,2026-09-26T11:13:05+00:00,UAE,Natural Pearls,303,0,stockout,Prometheus,1790421185
2026-09-26T10:54:47+00:00,2026-09-26T11:13:04+00:00,China,Panda Plushie,0,1287,restock,Prometheus,1790421184
2026-09-26T10:54:47+00:00,2026-09-26T11:13:04+00:00,China,Pangolin Scales,0,1015,restock,Prometheus,1790421184
2026-09-26T11:13:05+00:00,2026-09-26T11:29:42+00:00,UAE,Camel Plushie,0,895,restock,Prometheus,1790422182
2026-09-26T11:13:04+00:00,2026-09-26T11:29:46+00:00,China,Panda Plushie,1287,0,stockout,Prometheus,1790422186
2026-09-26T11:13:04+00:00,2026-09-26T11:29:46+00:00,China,Pangolin Scales,1015,0,stockout,Prometheus,1790422186
2026-09-26T11:13:04+00:00,2026-09-26T11:29:46+00:00,China,Peony,799,0,stockout,Prometheus,1790422186
2026-09-26T11:29:43+00:00,2026-09-26T11:43:50+00:00,South Africa,Lion Plushie,355,0,stockout,Prometheus,1790423030
2026-09-26T11:29:42+00:00,2026-09-26T11:44:12+00:00,UAE,Camel Plushie,895,0,stockout,Prometheus,1790423052
2026-09-26T11:29:42+00:00,2026-09-26T11:44:12+00:00,UAE,Natural Pearls,0,3919,restock,Prometheus,1790423052
2026-09-26T11:29:46+00:00,2026-09-26T11:44:10+00:00,China,Panda Plushie,0,1262,restock,Prometheus,1790423050
2026-09-26T11:43:50+00:00,2026-09-26T11:56:07+00:00,South Africa,Smoke Grenade,128,0,stockout,YATA,1790423767
2026-09-26T11:43:50+00:00,2026-09-26T11:56:07+00:00,South Africa,Lion Plushie,0,946,restock,YATA,1790423767
2026-09-26T11:44:12+00:00,2026-09-26T11:55:22+00:00,UAE,Camel Plushie,0,481,restock,YATA,1790423722
2026-09-26T11:44:10+00:00,2026-09-26T11:56:10+00:00,China,Panda Plushie,1262,0,stockout,Prometheus,1790423770
2026-09-26T11:44:10+00:00,2026-09-26T11:56:10+00:00,China,Pangolin Scales,0,1497,restock,Prometheus,1790423770
2026-09-26T11:56:07+00:00,2026-09-26T12:20:20+00:00,South Africa,African Violet,1743,0,stockout,Prometheus,1790425220
2026-09-26T11:55:22+00:00,2026-09-26T12:20:48+00:00,UAE,Tribulus Omanense,0,9171,restock,YATA,1790425248
2026-09-26T11:56:10+00:00,2026-09-26T12:20:42+00:00,China,Pangolin Scales,1497,0,stockout,Prometheus,1790425242
2026-09-26T11:56:10+00:00,2026-09-26T12:20:42+00:00,China,Peony,0,9712,restock,Prometheus,1790425242
2026-09-26T12:20:20+00:00,2026-09-26T12:41:07+00:00,South Africa,Xanax,25,0,stockout,Prometheus,1790426467
2026-09-26T12:41:07+00:00,2026-09-26T12:56:33+00:00,South Africa,Smoke Grenade,0,2340,restock,Prometheus,1790427393
2026-09-26T12:20:20+00:00,2026-09-26T12:41:07+00:00,South Africa,Lion Plushie,1468,0,stockout,Prometheus,1790426467
2026-09-26T12:41:08+00:00,2026-09-26T12:56:39+00:00,Canada,Xanax,26,0,stockout,Prometheus,1790427399
2026-09-26T12:41:04+00:00,2026-09-26T12:56:35+00:00,UAE,Camel Plushie,2102,0,stockout,Prometheus,1790427395
2026-09-26T12:56:35+00:00,2026-09-26T13:16:03+00:00,UAE,Camel Plushie,0,1403,restock,YATA,1790428563
2026-09-26T12:56:35+00:00,2026-09-26T13:16:03+00:00,UAE,Natural Pearls,314,0,stockout,YATA,1790428563
2026-09-26T12:56:35+00:00,2026-09-26T13:16:20+00:00,China,Panda Plushie,0,381,restock,Prometheus,1790428580
2026-09-26T13:15:57+00:00,2026-09-26T13:31:41+00:00,South Africa,Lion Plushie,0,1593,restock,Prometheus,1790429501
2026-09-26T13:15:57+00:00,2026-09-26T13:31:41+00:00,South Africa,African Violet,0,7386,restock,Prometheus,1790429501
2026-09-26T13:16:03+00:00,2026-09-26T13:31:16+00:00,UAE,Camel Plushie,1403,0,stockout,YATA,1790429476
2026-09-26T13:16:20+00:00,2026-09-26T13:31:32+00:00,China,Panda Plushie,381,0,stockout,Prometheus,1790429492
2026-09-26T13:16:20+00:00,2026-09-26T13:31:32+00:00,China,Pangolin Scales,0,356,restock,Prometheus,1790429492
2026-09-26T13:16:20+00:00,2026-09-26T13:31:32+00:00,China,Peony,1517,0,stockout,Prometheus,1790429492
2026-09-26T13:31:41+00:00,2026-09-26T13:45:21+00:00,South Africa,Raw Ivory,0,2252,restock,Prometheus,1790430321
2026-09-26T13:31:41+00:00,2026-09-26T13:45:21+00:00,South Africa,Lion Plushie,1593,0,stockout,Prometheus,1790430321
2026-09-26T13:31:16+00:00,2026-09-26T13:45:54+00:00,UAE,Tribulus Omanense,697,0,stockout,Prometheus,1790430354
2026-09-26T13:31:16+00:00,2026-09-26T13:45:54+00:00,UAE,Camel Plushie,0,1069,restock,Prometheus,1790430354
2026-09-26T13:31:16+00:00,2026-09-26T13:45:54+00:00,UAE,Natural Pearls,0,4257,restock,Prometheus,1790430354
2026-09-26T13:31:32+00:00,2026-09-26T13:45:55+00:00,China,Pangolin Scales,356,0,stockout,Prometheus,1790430355
2026-09-26T13:45:21+00:00,2026-09-26T13:57:38+00:00,South Africa,Lion Plushie,0,1961,restock,Prometheus,1790431058
2026-09-26T13:45:54+00:00,2026-09-26T13:57:52+00:00,UAE,Camel Plushie,1069,0,stockout,Prometheus,1790431072
2026-09-26T13:57:38+00:00,2026-09-26T14:17:51+00:00,South Africa,Raw Ivory,404,0,stockout,Prometheus,1790432271
2026-09-26T13:57:38+00:00,2026-09-26T14:17:51+00:00,South Africa,Smoke Grenade,657,0,stockout,Prometheus,1790432271
2026-09-26T13:57:38+00:00,2026-09-26T14:17:51+00:00,South Africa,Lion Plushie,1961,0,stockout,Prometheus,1790432271
2026-09-26T13:57:53+00:00,2026-09-26T14:17:45+00:00,United Kingdom,Xanax,147,0,stockout,Prometheus,1790432265
2026-09-26T14:17:51+00:00,2026-09-26T14:33:31+00:00,South Africa,Xanax,0,2418,restock,Prometheus,1790433211
2026-09-26T14:17:51+00:00,2026-09-26T14:33:36+00:00,UAE,Camel Plushie,0,1133,restock,Prometheus,1790433216
2026-09-26T14:17:46+00:00,2026-09-26T14:33:28+00:00,China,Peony,0,7207,restock,Prometheus,1790433208
2026-09-26T14:33:31+00:00,2026-09-26T14:47:56+00:00,South Africa,African Violet,1726,0,stockout,Prometheus,1790434076
2026-09-26T14:17:49+00:00,2026-09-26T14:33:34+00:00,Canada,Xanax,0,2500,restock,Prometheus,1790433214
2026-09-26T14:33:36+00:00,2026-09-26T14:47:55+00:00,UAE,Tribulus Omanense,0,7779,restock,Prometheus,1790434075
2026-09-26T14:33:36+00:00,2026-09-26T14:47:55+00:00,UAE,Camel Plushie,1133,0,stockout,Prometheus,1790434075
2026-09-26T14:33:36+00:00,2026-09-26T14:47:55+00:00,UAE,Natural Pearls,216,0,stockout,Prometheus,1790434075
2026-09-26T14:33:28+00:00,2026-09-26T14:47:43+00:00,China,Panda Plushie,0,880,restock,Prometheus,1790434063
2026-09-26T14:33:28+00:00,2026-09-26T14:47:43+00:00,China,Pangolin Scales,0,1564,restock,Prometheus,1790434063
2026-09-26T14:47:43+00:00,2026-09-26T15:00:49+00:00,China,Panda Plushie,880,0,stockout,Prometheus,1790434849
2026-09-26T14:47:43+00:00,2026-09-26T15:00:49+00:00,China,Pangolin Scales,1564,0,stockout,Prometheus,1790434849
2026-09-26T15:00:53+00:00,2026-09-26T15:20:14+00:00,South Africa,Smoke Grenade,0,1926,restock,Prometheus,1790436014
2026-09-26T15:00:53+00:00,2026-09-26T15:20:11+00:00,UAE,Camel Plushie,0,1078,restock,Prometheus,1790436011
2026-09-26T15:00:53+00:00,2026-09-26T15:20:11+00:00,UAE,Natural Pearls,0,2797,restock,Prometheus,1790436011
2026-09-26T15:00:49+00:00,2026-09-26T15:20:20+00:00,China,Peony,1035,0,stockout,Prometheus,1790436020
2026-09-26T15:20:14+00:00,2026-09-26T15:37:13+00:00,South Africa,Lion Plushie,0,155,restock,Prometheus,1790437033
2026-09-26T15:00:53+00:00,2026-09-26T15:20:14+00:00,South Africa,African Violet,0,1,restock,Prometheus,1790436014
2026-09-26T15:20:11+00:00,2026-09-26T15:37:18+00:00,UAE,Tribulus Omanense,1912,0,stockout,Prometheus,1790437038
2026-09-26T15:20:11+00:00,2026-09-26T15:37:18+00:00,UAE,Camel Plushie,1078,0,stockout,Prometheus,1790437038
2026-09-26T15:37:13+00:00,2026-09-26T15:52:18+00:00,South Africa,Smoke Grenade,455,0,stockout,Prometheus,1790437938
2026-09-26T15:37:13+00:00,2026-09-26T15:52:18+00:00,South Africa,Lion Plushie,155,0,stockout,Prometheus,1790437938
2026-09-26T15:37:18+00:00,2026-09-26T15:52:10+00:00,UAE,Natural Pearls,817,0,stockout,Prometheus,1790437930
2026-09-26T15:52:11+00:00,2026-09-26T16:09:23+00:00,United Kingdom,Xanax,0,2371,restock,Prometheus,1790438963
2026-09-26T15:52:17+00:00,2026-09-26T16:09:25+00:00,China,Panda Plushie,0,1303,restock,Prometheus,1790438965
2026-09-26T15:52:17+00:00,2026-09-26T16:09:25+00:00,China,Peony,0,6466,restock,Prometheus,1790438965
2026-09-26T16:09:09+00:00,2026-09-26T16:28:10+00:00,South Africa,African Violet,3303,0,stockout,YATA,1790440090
2026-09-26T16:09:24+00:00,2026-09-26T16:28:21+00:00,UAE,Natural Pearls,0,2671,restock,Prometheus,1790440101
2026-09-26T16:28:10+00:00,2026-09-26T16:44:45+00:00,South Africa,Smoke Grenade,0,2261,restock,Prometheus,1790441085
2026-09-26T16:28:21+00:00,2026-09-26T16:44:48+00:00,UAE,Tribulus Omanense,0,6511,restock,Prometheus,1790441088
2026-09-26T16:28:18+00:00,2026-09-26T16:44:52+00:00,China,Panda Plushie,1833,0,stockout,Prometheus,1790441092
2026-09-26T16:28:18+00:00,2026-09-26T16:44:52+00:00,China,Peony,462,0,stockout,Prometheus,1790441092
2026-09-26T16:44:45+00:00,2026-09-26T16:57:28+00:00,South Africa,Raw Ivory,0,70,restock,Prometheus,1790441848
2026-09-26T16:44:48+00:00,2026-09-26T16:57:02+00:00,UAE,Natural Pearls,911,0,stockout,Prometheus,1790441822
2026-09-26T16:57:28+00:00,2026-09-26T17:16:18+00:00,South Africa,Raw Ivory,70,0,stockout,Prometheus,1790442978
2026-09-26T17:16:18+00:00,2026-09-26T17:33:02+00:00,South Africa,Smoke Grenade,20,0,stockout,Prometheus,1790443982
2026-09-26T17:16:18+00:00,2026-09-26T17:33:02+00:00,South Africa,African Violet,0,8827,restock,Prometheus,1790443982
2026-09-26T17:16:18+00:00,2026-09-26T17:32:55+00:00,UAE,Tribulus Omanense,5,0,stockout,Prometheus,1790443975
2026-09-26T16:57:02+00:00,2026-09-26T17:16:18+00:00,UAE,Camel Plushie,0,126,restock,Prometheus,1790442978
2026-09-26T17:16:18+00:00,2026-09-26T17:32:55+00:00,UAE,Natural Pearls,0,4124,restock,Prometheus,1790443975
2026-09-26T17:16:15+00:00,2026-09-26T17:32:54+00:00,China,Peony,0,7222,restock,Prometheus,1790443974
2026-09-26T17:33:02+00:00,2026-09-26T17:47:03+00:00,South Africa,Lion Plushie,0,1348,restock,Prometheus,1790444823
2026-09-26T17:33:03+00:00,2026-09-26T17:47:01+00:00,Canada,Xanax,43,0,stockout,Prometheus,1790444821
2026-09-26T17:32:55+00:00,2026-09-26T17:47:09+00:00,UAE,Camel Plushie,736,0,stockout,Prometheus,1790444829
2026-09-26T17:47:03+00:00,2026-09-26T17:59:43+00:00,South Africa,Lion Plushie,1348,0,stockout,Prometheus,1790445583
2026-09-26T17:47:07+00:00,2026-09-26T17:59:44+00:00,United Kingdom,Xanax,294,0,stockout,Prometheus,1790445584
2026-09-26T17:47:11+00:00,2026-09-26T17:59:46+00:00,China,Peony,3181,0,stockout,Prometheus,1790445586
2026-09-26T18:22:08+00:00,2026-09-26T18:41:33+00:00,South Africa,Xanax,93,0,stockout,Prometheus,1790448093
2026-09-26T17:59:43+00:00,2026-09-26T18:22:08+00:00,South Africa,Smoke Grenade,0,2237,restock,Prometheus,1790446928
2026-09-26T17:59:43+00:00,2026-09-26T18:22:08+00:00,South Africa,African Violet,2796,0,stockout,Prometheus,1790446928
2026-09-26T18:41:33+00:00,2026-09-26T18:56:33+00:00,South Africa,Smoke Grenade,448,0,stockout,Prometheus,1790448993
2026-09-26T18:56:33+00:00,2026-09-26T19:14:58+00:00,South Africa,African Violet,0,7891,restock,Prometheus,1790450098
2026-09-26T18:56:40+00:00,2026-09-26T19:14:59+00:00,UAE,Natural Pearls,2034,0,stockout,Prometheus,1790450099
2026-09-26T18:56:43+00:00,2026-09-26T19:15:06+00:00,China,Peony,0,6296,restock,Prometheus,1790450106
2026-09-26T19:30:21+00:00,2026-09-26T19:44:05+00:00,South Africa,Lion Plushie,0,851,restock,Prometheus,1790451845
2026-09-26T19:30:16+00:00,2026-09-26T19:43:56+00:00,UAE,Tribulus Omanense,0,6854,restock,Prometheus,1790451836
2026-09-26T19:30:16+00:00,2026-09-26T19:43:56+00:00,UAE,Camel Plushie,0,1471,restock,Prometheus,1790451836
2026-09-26T19:30:25+00:00,2026-09-26T19:43:57+00:00,China,Panda Plushie,0,979,restock,Prometheus,1790451837
2026-09-26T19:30:25+00:00,2026-09-26T19:43:57+00:00,China,Peony,3436,0,stockout,Prometheus,1790451837
2026-09-26T19:44:05+00:00,2026-09-26T19:56:28+00:00,South Africa,Smoke Grenade,0,2089,restock,YATA,1790452588
2026-09-26T19:44:05+00:00,2026-09-26T19:56:28+00:00,South Africa,Lion Plushie,851,0,stockout,YATA,1790452588
2026-09-26T19:43:55+00:00,2026-09-26T19:56:49+00:00,Canada,Xanax,0,2307,restock,Prometheus,1790452609
2026-09-26T19:43:56+00:00,2026-09-26T19:56:48+00:00,UAE,Camel Plushie,1471,0,stockout,Prometheus,1790452608
2026-09-26T19:43:56+00:00,2026-09-26T19:56:48+00:00,UAE,Natural Pearls,0,3448,restock,Prometheus,1790452608
2026-09-26T19:43:57+00:00,2026-09-26T19:56:46+00:00,China,Panda Plushie,979,0,stockout,Prometheus,1790452606
2026-09-26T19:56:28+00:00,2026-09-26T20:16:22+00:00,South Africa,Raw Ivory,0,1176,restock,Prometheus,1790453782
2026-09-26T19:56:28+00:00,2026-09-26T20:16:22+00:00,South Africa,African Violet,893,0,stockout,Prometheus,1790453782
2026-09-26T19:56:45+00:00,2026-09-26T20:16:29+00:00,United Kingdom,Xanax,0,2017,restock,Prometheus,1790453789
2026-09-26T20:16:22+00:00,2026-09-26T20:32:50+00:00,South Africa,Raw Ivory,1176,0,stockout,Prometheus,1790454770
2026-09-26T20:16:22+00:00,2026-09-26T20:32:50+00:00,South Africa,Smoke Grenade,627,0,stockout,Prometheus,1790454770
2026-09-26T20:16:16+00:00,2026-09-26T20:32:29+00:00,UAE,Tribulus Omanense,11,0,stockout,Prometheus,1790454749
2026-09-26T20:16:16+00:00,2026-09-26T20:32:29+00:00,UAE,Natural Pearls,1586,0,stockout,Prometheus,1790454749
2026-09-26T20:16:21+00:00,2026-09-26T20:32:50+00:00,China,Pangolin Scales,0,1598,restock,Prometheus,1790454770
2026-09-26T20:32:50+00:00,2026-09-26T20:47:14+00:00,South Africa,Xanax,0,2243,restock,Prometheus,1790455634
2026-09-26T20:32:50+00:00,2026-09-26T20:47:14+00:00,South Africa,Lion Plushie,0,1239,restock,Prometheus,1790455634
2026-09-26T20:32:50+00:00,2026-09-26T20:47:10+00:00,China,Pangolin Scales,1598,0,stockout,Prometheus,1790455630
2026-09-26T20:32:50+00:00,2026-09-26T20:47:10+00:00,China,Peony,0,8050,restock,Prometheus,1790455630
2026-09-26T20:47:14+00:00,2026-09-26T20:59:31+00:00,South Africa,Lion Plushie,1239,0,stockout,Prometheus,1790456371
2026-09-26T20:47:14+00:00,2026-09-26T20:59:31+00:00,South Africa,African Violet,0,8728,restock,Prometheus,1790456371
2026-09-26T20:47:10+00:00,2026-09-26T20:59:29+00:00,China,Panda Plushie,0,1710,restock,Prometheus,1790456369
2026-09-26T20:59:27+00:00,2026-09-26T21:19:09+00:00,UAE,Tribulus Omanense,0,7361,restock,Prometheus,1790457549
2026-09-26T20:59:27+00:00,2026-09-26T21:19:09+00:00,UAE,Camel Plushie,0,1666,restock,Prometheus,1790457549
2026-09-26T20:59:27+00:00,2026-09-26T21:19:09+00:00,UAE,Natural Pearls,0,1827,restock,Prometheus,1790457549
2026-09-26T21:19:10+00:00,2026-09-26T21:34:34+00:00,South Africa,Smoke Grenade,0,2071,restock,Prometheus,1790458474
2026-09-26T21:19:10+00:00,2026-09-26T21:34:34+00:00,South Africa,Lion Plushie,0,325,restock,Prometheus,1790458474
2026-09-26T21:19:09+00:00,2026-09-26T21:34:38+00:00,UAE,Camel Plushie,1666,0,stockout,Prometheus,1790458478
2026-09-26T21:19:10+00:00,2026-09-26T21:34:44+00:00,China,Panda Plushie,2460,0,stockout,Prometheus,1790458484
2026-09-26T21:19:10+00:00,2026-09-26T21:34:44+00:00,China,Peony,790,0,stockout,Prometheus,1790458484
2026-09-26T21:34:34+00:00,2026-09-26T21:47:30+00:00,South Africa,Lion Plushie,325,0,stockout,Prometheus,1790459250
2026-09-26T21:34:34+00:00,2026-09-26T21:47:30+00:00,South Africa,African Violet,2284,0,stockout,Prometheus,1790459250
2026-09-26T21:34:38+00:00,2026-09-26T21:47:21+00:00,UAE,Camel Plushie,0,1007,restock,Prometheus,1790459241
2026-09-26T21:34:38+00:00,2026-09-26T21:47:21+00:00,UAE,Natural Pearls,510,0,stockout,Prometheus,1790459241
2026-09-26T21:47:21+00:00,2026-09-26T21:59:13+00:00,UAE,Camel Plushie,1007,0,stockout,Prometheus,1790459953
2026-09-26T21:59:56+00:00,2026-09-26T22:19:18+00:00,South Africa,Smoke Grenade,1161,0,stockout,YATA,1790461158
2026-09-26T21:59:13+00:00,2026-09-26T22:19:20+00:00,UAE,Tribulus Omanense,690,0,stockout,YATA,1790461160
2026-09-26T21:59:13+00:00,2026-09-26T22:19:20+00:00,UAE,Natural Pearls,0,4240,restock,YATA,1790461160
2026-09-26T22:00:04+00:00,2026-09-26T22:19:20+00:00,China,Panda Plushie,0,2136,restock,Prometheus,1790461160
2026-09-26T22:00:04+00:00,2026-09-26T22:19:20+00:00,China,Peony,0,8318,restock,Prometheus,1790461160
2026-09-26T22:34:26+00:00,2026-09-26T22:49:44+00:00,South Africa,African Violet,0,9391,restock,Prometheus,1790462984
2026-09-26T22:34:51+00:00,2026-09-26T22:49:31+00:00,Canada,Xanax,19,0,stockout,YATA,1790462971
2026-09-26T22:49:46+00:00,2026-09-26T23:04:10+00:00,China,Panda Plushie,384,0,stockout,Prometheus,1790463850
2026-09-26T22:49:46+00:00,2026-09-26T23:04:10+00:00,China,Pangolin Scales,0,3936,restock,Prometheus,1790463850
2026-09-26T22:49:46+00:00,2026-09-26T23:04:10+00:00,China,Peony,973,0,stockout,Prometheus,1790463850
2026-09-26T23:04:09+00:00,2026-09-26T23:21:13+00:00,South Africa,Xanax,77,0,stockout,YATA,1790464873
2026-09-26T23:04:09+00:00,2026-09-26T23:21:13+00:00,South Africa,Smoke Grenade,0,2487,restock,YATA,1790464873
2026-09-26T23:04:09+00:00,2026-09-26T23:21:13+00:00,South Africa,Lion Plushie,0,767,restock,YATA,1790464873
2026-09-26T23:04:08+00:00,2026-09-26T23:21:18+00:00,UAE,Tribulus Omanense,0,5611,restock,YATA,1790464878
2026-09-26T22:49:46+00:00,2026-09-26T23:04:08+00:00,UAE,Natural Pearls,79,0,stockout,Prometheus,1790463848
2026-09-26T23:04:10+00:00,2026-09-26T23:21:20+00:00,China,Pangolin Scales,3936,0,stockout,Prometheus,1790464880
2026-09-26T23:21:13+00:00,2026-09-26T23:35:26+00:00,South Africa,Raw Ivory,0,2049,restock,Prometheus,1790465726
2026-09-26T23:21:13+00:00,2026-09-26T23:35:26+00:00,South Africa,Lion Plushie,767,0,stockout,Prometheus,1790465726
2026-09-26T23:21:25+00:00,2026-09-26T23:35:48+00:00,United Kingdom,Xanax,11,0,stockout,Prometheus,1790465748
2026-09-26T23:21:18+00:00,2026-09-26T23:35:52+00:00,UAE,Natural Pearls,0,3602,restock,Prometheus,1790465752
2026-09-26T23:35:26+00:00,2026-09-26T23:49:07+00:00,South Africa,Raw Ivory,2049,0,stockout,Prometheus,1790466547
2026-09-26T23:35:26+00:00,2026-09-26T23:49:07+00:00,South Africa,African Violet,617,0,stockout,Prometheus,1790466547
2026-09-26T23:35:51+00:00,2026-09-26T23:49:23+00:00,China,Panda Plushie,0,29,restock,Prometheus,1790466563
2026-09-26T23:35:51+00:00,2026-09-26T23:49:23+00:00,China,Pangolin Scales,0,969,restock,Prometheus,1790466563
2026-09-26T23:49:07+00:00,2026-09-27T00:05:15+00:00,South Africa,Lion Plushie,0,1652,restock,Prometheus,1790467515
2026-09-26T23:48:34+00:00,2026-09-27T00:05:11+00:00,UAE,Tribulus Omanense,870,0,stockout,Prometheus,1790467511
2026-09-26T23:48:34+00:00,2026-09-27T00:05:11+00:00,UAE,Camel Plushie,0,122,restock,Prometheus,1790467511
2026-09-26T23:49:23+00:00,2026-09-27T00:05:11+00:00,China,Pangolin Scales,969,0,stockout,Prometheus,1790467511
2026-09-26T23:49:23+00:00,2026-09-27T00:05:11+00:00,China,Peony,0,6371,restock,Prometheus,1790467511
2026-09-27T00:05:15+00:00,2026-09-27T00:32:10+00:00,South Africa,Smoke Grenade,227,0,stockout,Prometheus,1790469130
2026-09-27T00:05:08+00:00,2026-09-27T00:32:17+00:00,Canada,Xanax,0,2500,restock,Prometheus,1790469137
2026-09-27T00:05:11+00:00,2026-09-27T00:32:29+00:00,UAE,Camel Plushie,122,0,stockout,Prometheus,1790469149
2026-09-27T00:05:11+00:00,2026-09-27T00:32:29+00:00,UAE,Natural Pearls,743,0,stockout,Prometheus,1790469149
2026-09-27T00:05:11+00:00,2026-09-27T00:32:28+00:00,China,Pangolin Scales,0,657,restock,Prometheus,1790469148
2026-09-27T00:32:10+00:00,2026-09-27T00:51:56+00:00,South Africa,African Violet,0,6577,restock,Prometheus,1790470316
2026-09-27T00:32:29+00:00,2026-09-27T00:51:59+00:00,UAE,Natural Pearls,0,2642,restock,Prometheus,1790470319
2026-09-27T00:32:28+00:00,2026-09-27T00:51:56+00:00,China,Pangolin Scales,657,0,stockout,Prometheus,1790470316
2026-09-27T00:32:28+00:00,2026-09-27T00:51:56+00:00,China,Peony,1579,0,stockout,Prometheus,1790470316
2026-09-27T00:51:56+00:00,2026-09-27T01:08:42+00:00,South Africa,Xanax,0,2407,restock,Prometheus,1790471322
2026-09-27T00:51:56+00:00,2026-09-27T01:08:42+00:00,South Africa,Smoke Grenade,0,2411,restock,Prometheus,1790471322
2026-09-27T00:51:56+00:00,2026-09-27T01:08:42+00:00,South Africa,Lion Plushie,1320,0,stockout,Prometheus,1790471322
2026-09-27T00:51:59+00:00,2026-09-27T01:08:50+00:00,UAE,Tribulus Omanense,0,8754,restock,Prometheus,1790471330
2026-09-27T00:51:59+00:00,2026-09-27T01:08:50+00:00,UAE,Camel Plushie,0,591,restock,Prometheus,1790471330
2026-09-27T00:51:56+00:00,2026-09-27T01:08:47+00:00,China,Panda Plushie,1820,0,stockout,Prometheus,1790471327
2026-09-27T00:51:56+00:00,2026-09-27T01:08:47+00:00,China,Pangolin Scales,0,2588,restock,Prometheus,1790471327
2026-09-27T01:08:50+00:00,2026-09-27T01:26:07+00:00,UAE,Camel Plushie,591,0,stockout,Prometheus,1790472367
2026-09-27T01:08:50+00:00,2026-09-27T01:26:07+00:00,UAE,Natural Pearls,846,0,stockout,Prometheus,1790472367
2026-09-27T01:08:47+00:00,2026-09-27T01:26:26+00:00,China,Pangolin Scales,2588,0,stockout,Prometheus,1790472386
2026-09-27T01:26:22+00:00,2026-09-27T01:42:53+00:00,South Africa,African Violet,909,0,stockout,Prometheus,1790473373
2026-09-27T01:26:01+00:00,2026-09-27T01:42:50+00:00,United Kingdom,Xanax,0,2344,restock,Prometheus,1790473370
2026-09-27T01:26:26+00:00,2026-09-27T01:43:19+00:00,China,Peony,0,8351,restock,Prometheus,1790473399
2026-09-27T01:42:53+00:00,2026-09-27T01:57:05+00:00,South Africa,Smoke Grenade,641,0,stockout,YATA,1790474225
2026-09-27T01:42:53+00:00,2026-09-27T01:57:05+00:00,South Africa,Lion Plushie,0,2500,restock,YATA,1790474225
2026-09-27T01:43:08+00:00,2026-09-27T01:57:10+00:00,UAE,Tribulus Omanense,1137,0,stockout,Prometheus,1790474230
2026-09-27T01:43:08+00:00,2026-09-27T01:57:10+00:00,UAE,Camel Plushie,0,441,restock,Prometheus,1790474230
2026-09-27T01:43:08+00:00,2026-09-27T01:57:10+00:00,UAE,Natural Pearls,0,4026,restock,Prometheus,1790474230
2026-09-27T01:43:19+00:00,2026-09-27T01:57:08+00:00,China,Panda Plushie,0,797,restock,Prometheus,1790474228
2026-09-27T02:18:17+00:00,2026-09-27T02:35:18+00:00,South Africa,Lion Plushie,2197,0,stockout,Prometheus,1790476518
2026-09-27T02:18:17+00:00,2026-09-27T02:35:18+00:00,South Africa,African Violet,0,8824,restock,Prometheus,1790476518
2026-09-27T02:17:51+00:00,2026-09-27T02:35:21+00:00,UAE,Natural Pearls,1427,0,stockout,Prometheus,1790476521
2026-09-27T02:18:12+00:00,2026-09-27T02:35:15+00:00,China,Panda Plushie,1782,0,stockout,Prometheus,1790476515
2026-09-27T02:18:12+00:00,2026-09-27T02:35:15+00:00,China,Pangolin Scales,0,2103,restock,Prometheus,1790476515
2026-09-27T02:35:18+00:00,2026-09-27T02:51:44+00:00,South Africa,Raw Ivory,0,852,restock,Prometheus,1790477504
2026-09-27T02:35:21+00:00,2026-09-27T02:50:02+00:00,UAE,Tribulus Omanense,0,8648,restock,Prometheus,1790477402
2026-09-27T02:35:21+00:00,2026-09-27T02:50:02+00:00,UAE,Camel Plushie,2089,0,stockout,Prometheus,1790477402
2026-09-27T02:35:12+00:00,2026-09-27T02:51:22+00:00,Hawaii,Shark Fin,0,1994,restock,Prometheus,1790477482
2026-09-27T02:35:15+00:00,2026-09-27T02:51:43+00:00,China,Pangolin Scales,2103,0,stockout,Prometheus,1790477503
2026-09-27T02:35:15+00:00,2026-09-27T02:51:43+00:00,China,Peony,748,0,stockout,Prometheus,1790477503
2026-09-27T02:51:44+00:00,2026-09-27T03:06:44+00:00,South Africa,Raw Ivory,852,0,stockout,Prometheus,1790478404
2026-09-27T02:51:44+00:00,2026-09-27T03:06:44+00:00,South Africa,Smoke Grenade,0,2163,restock,Prometheus,1790478404
2026-09-27T02:51:39+00:00,2026-09-27T03:06:20+00:00,Canada,Xanax,243,0,stockout,Prometheus,1790478380
2026-09-27T02:50:02+00:00,2026-09-27T03:06:34+00:00,UAE,Natural Pearls,0,4798,restock,Prometheus,1790478394
2026-09-27T02:51:22+00:00,2026-09-27T03:06:18+00:00,Hawaii,Shark Fin,1994,0,stockout,Prometheus,1790478378
2026-09-27T03:44:55+00:00,2026-09-27T03:58:37+00:00,South Africa,Lion Plushie,0,1375,restock,YATA,1790481517
2026-09-27T03:44:55+00:00,2026-09-27T03:58:37+00:00,South Africa,African Violet,433,0,stockout,YATA,1790481517
2026-09-27T03:44:33+00:00,2026-09-27T03:58:38+00:00,UAE,Tribulus Omanense,240,0,stockout,Prometheus,1790481518
2026-09-27T03:45:02+00:00,2026-09-27T03:58:38+00:00,China,Pangolin Scales,0,3465,restock,Prometheus,1790481518
2026-09-27T03:45:02+00:00,2026-09-27T03:58:38+00:00,China,Peony,0,7186,restock,Prometheus,1790481518
2026-09-27T03:58:37+00:00,2026-09-27T04:19:32+00:00,South Africa,Smoke Grenade,282,0,stockout,Prometheus,1790482772
2026-09-27T03:58:38+00:00,2026-09-27T04:19:16+00:00,UAE,Camel Plushie,0,128,restock,YATA,1790482756
2026-09-27T03:58:38+00:00,2026-09-27T04:19:16+00:00,UAE,Natural Pearls,680,0,stockout,YATA,1790482756
2026-09-27T03:58:38+00:00,2026-09-27T04:19:45+00:00,China,Pangolin Scales,3465,0,stockout,Prometheus,1790482785
2026-09-27T04:19:32+00:00,2026-09-27T04:37:31+00:00,South Africa,Xanax,66,0,stockout,YATA,1790483851
2026-09-27T04:19:16+00:00,2026-09-27T04:37:11+00:00,UAE,Natural Pearls,0,4433,restock,Prometheus,1790483831
2026-09-27T04:19:45+00:00,2026-09-27T04:37:33+00:00,China,Panda Plushie,0,2225,restock,Prometheus,1790483853
2026-09-27T04:19:45+00:00,2026-09-27T04:37:33+00:00,China,Pangolin Scales,0,3567,restock,Prometheus,1790483853
2026-09-27T04:37:31+00:00,2026-09-27T04:52:38+00:00,South Africa,Smoke Grenade,0,1,restock,Prometheus,1790484758
2026-09-27T04:37:31+00:00,2026-09-27T04:52:38+00:00,South Africa,Lion Plushie,1517,0,stockout,Prometheus,1790484758
2026-09-27T04:37:31+00:00,2026-09-27T04:52:38+00:00,South Africa,African Violet,0,6243,restock,Prometheus,1790484758
2026-09-27T04:37:01+00:00,2026-09-27T04:52:49+00:00,Canada,Xanax,0,2470,restock,Prometheus,1790484769
2026-09-27T04:37:11+00:00,2026-09-27T04:52:54+00:00,UAE,Tribulus Omanense,0,8158,restock,Prometheus,1790484774
2026-09-27T04:37:11+00:00,2026-09-27T04:52:54+00:00,UAE,Camel Plushie,1002,0,stockout,Prometheus,1790484774
2026-09-27T04:37:33+00:00,2026-09-27T04:52:49+00:00,China,Panda Plushie,2225,0,stockout,Prometheus,1790484769
2026-09-27T04:37:33+00:00,2026-09-27T04:52:49+00:00,China,Pangolin Scales,3567,0,stockout,Prometheus,1790484769
2026-09-27T04:37:33+00:00,2026-09-27T04:52:49+00:00,China,Peony,504,0,stockout,Prometheus,1790484769
2026-09-27T04:52:49+00:00,2026-09-27T05:09:40+00:00,China,Panda Plushie,0,241,restock,Prometheus,1790485780
2026-09-27T05:09:48+00:00,2026-09-27T05:27:23+00:00,UAE,Camel Plushie,0,633,restock,Prometheus,1790486843
2026-09-27T05:09:48+00:00,2026-09-27T05:27:23+00:00,UAE,Natural Pearls,426,0,stockout,Prometheus,1790486843
2026-09-27T05:27:26+00:00,2026-09-27T05:43:54+00:00,South Africa,African Violet,157,0,stockout,Prometheus,1790487834
2026-09-27T05:27:23+00:00,2026-09-27T05:43:48+00:00,UAE,Tribulus Omanense,1957,0,stockout,Prometheus,1790487828
2026-09-27T05:27:23+00:00,2026-09-27T05:43:48+00:00,UAE,Camel Plushie,633,0,stockout,Prometheus,1790487828
2026-09-27T05:27:24+00:00,2026-09-27T05:43:57+00:00,China,Panda Plushie,1307,0,stockout,Prometheus,1790487837
2026-09-27T05:43:54+00:00,2026-09-27T05:56:47+00:00,South Africa,Raw Ivory,0,214,restock,Prometheus,1790488607
2026-09-27T05:43:54+00:00,2026-09-27T05:56:47+00:00,South Africa,Smoke Grenade,308,0,stockout,Prometheus,1790488607
2026-09-27T05:43:48+00:00,2026-09-27T05:56:13+00:00,UAE,Natural Pearls,0,3667,restock,Prometheus,1790488573
2026-09-27T05:43:57+00:00,2026-09-27T05:56:46+00:00,China,Pangolin Scales,0,3258,restock,YATA,1790488606
2026-09-27T05:43:57+00:00,2026-09-27T05:56:46+00:00,China,Peony,0,8236,restock,YATA,1790488606
2026-09-27T05:56:47+00:00,2026-09-27T06:22:46+00:00,South Africa,Raw Ivory,214,0,stockout,Prometheus,1790490166
2026-09-27T05:56:13+00:00,2026-09-27T06:22:46+00:00,UAE,Camel Plushie,0,207,restock,YATA,1790490166
2026-09-27T05:56:46+00:00,2026-09-27T06:22:44+00:00,China,Panda Plushie,0,1,restock,Prometheus,1790490164
2026-09-27T05:56:46+00:00,2026-09-27T06:22:44+00:00,China,Pangolin Scales,3258,0,stockout,Prometheus,1790490164
2026-09-27T06:22:46+00:00,2026-09-27T06:43:46+00:00,South Africa,Xanax,0,2102,restock,YATA,1790491426
2026-09-27T06:22:46+00:00,2026-09-27T06:43:46+00:00,South Africa,African Violet,0,4729,restock,YATA,1790491426
2026-09-27T06:22:46+00:00,2026-09-27T06:43:52+00:00,UAE,Tribulus Omanense,0,6987,restock,Prometheus,1790491432
2026-09-27T06:22:46+00:00,2026-09-27T06:43:52+00:00,UAE,Natural Pearls,464,0,stockout,Prometheus,1790491432
2026-09-27T06:22:44+00:00,2026-09-27T06:43:55+00:00,China,Panda Plushie,1,0,stockout,Prometheus,1790491435
2026-09-27T06:43:46+00:00,2026-09-27T06:59:25+00:00,South Africa,Smoke Grenade,0,2179,restock,Prometheus,1790492365
2026-09-27T06:43:46+00:00,2026-09-27T06:59:25+00:00,South Africa,Lion Plushie,0,1462,restock,Prometheus,1790492365
2026-09-27T06:43:46+00:00,2026-09-27T06:59:24+00:00,United Kingdom,Xanax,43,0,stockout,Prometheus,1790492364
2026-09-27T06:43:52+00:00,2026-09-27T06:59:29+00:00,UAE,Camel Plushie,1,0,stockout,Prometheus,1790492369
2026-09-27T06:43:52+00:00,2026-09-27T06:59:29+00:00,UAE,Natural Pearls,0,4853,restock,Prometheus,1790492369
2026-09-27T06:43:55+00:00,2026-09-27T06:59:13+00:00,China,Peony,1540,0,stockout,Prometheus,1790492353
2026-09-27T06:59:25+00:00,2026-09-27T07:19:50+00:00,South Africa,Lion Plushie,1462,0,stockout,Prometheus,1790493590
2026-09-27T06:59:25+00:00,2026-09-27T07:19:50+00:00,South Africa,African Violet,1720,0,stockout,Prometheus,1790493590
2026-09-27T06:59:29+00:00,2026-09-27T07:19:41+00:00,UAE,Tribulus Omanense,3415,0,stockout,YATA,1790493581
2026-09-27T06:59:13+00:00,2026-09-27T07:19:52+00:00,China,Pangolin Scales,0,208,restock,Prometheus,1790493592
2026-09-27T07:19:50+00:00,2026-09-27T07:36:08+00:00,South Africa,Smoke Grenade,512,0,stockout,Prometheus,1790494568
2026-09-27T07:19:52+00:00,2026-09-27T07:36:09+00:00,China,Pangolin Scales,208,0,stockout,Prometheus,1790494569
2026-09-27T07:36:08+00:00,2026-09-27T07:50:52+00:00,UAE,Camel Plushie,0,1272,restock,Prometheus,1790495452
2026-09-27T07:36:09+00:00,2026-09-27T07:50:48+00:00,China,Peony,0,8951,restock,Prometheus,1790495448
2026-09-27T07:51:01+00:00,2026-09-27T08:06:38+00:00,South Africa,African Violet,0,8246,restock,Prometheus,1790496398
2026-09-27T07:50:52+00:00,2026-09-27T08:06:46+00:00,UAE,Camel Plushie,1272,0,stockout,YATA,1790496406
2026-09-27T07:50:52+00:00,2026-09-27T08:06:46+00:00,UAE,Natural Pearls,224,0,stockout,YATA,1790496406
2026-09-27T08:06:38+00:00,2026-09-27T08:26:18+00:00,South Africa,Smoke Grenade,0,2450,restock,Prometheus,1790497578
2026-09-27T08:06:46+00:00,2026-09-27T08:26:12+00:00,UAE,Tribulus Omanense,0,7724,restock,Prometheus,1790497572
2026-09-27T08:06:46+00:00,2026-09-27T08:26:12+00:00,UAE,Natural Pearls,0,4210,restock,Prometheus,1790497572
2026-09-27T08:06:41+00:00,2026-09-27T08:26:06+00:00,China,Panda Plushie,0,135,restock,Prometheus,1790497566
2026-09-27T08:26:06+00:00,2026-09-27T08:44:07+00:00,China,Peony,958,0,stockout,YATA,1790498647
2026-09-27T08:43:48+00:00,2026-09-27T08:57:15+00:00,South Africa,African Violet,1097,0,stockout,Prometheus,1790499435
2026-09-27T08:44:07+00:00,2026-09-27T08:57:27+00:00,China,Panda Plushie,1237,0,stockout,Prometheus,1790499447
2026-09-27T08:57:15+00:00,2026-09-27T09:17:41+00:00,South Africa,Smoke Grenade,428,0,stockout,Prometheus,1790500661
2026-09-27T08:57:27+00:00,2026-09-27T09:17:35+00:00,United Kingdom,Xanax,0,2362,restock,Prometheus,1790500655
2026-09-27T08:57:14+00:00,2026-09-27T09:17:42+00:00,UAE,Tribulus Omanense,2141,0,stockout,Prometheus,1790500662
2026-09-27T08:57:14+00:00,2026-09-27T09:17:42+00:00,UAE,Natural Pearls,1516,0,stockout,Prometheus,1790500662
2026-09-27T09:17:38+00:00,2026-09-27T09:34:13+00:00,China,Peony,0,7097,restock,Prometheus,1790501653
2026-09-27T09:33:59+00:00,2026-09-27T09:48:25+00:00,South Africa,Xanax,126,0,stockout,Prometheus,1790502505
2026-09-27T09:33:59+00:00,2026-09-27T09:48:25+00:00,South Africa,African Violet,0,8575,restock,Prometheus,1790502505
2026-09-27T09:33:54+00:00,2026-09-27T09:48:50+00:00,Canada,Xanax,60,0,stockout,Prometheus,1790502530
2026-09-27T09:34:12+00:00,2026-09-27T09:49:00+00:00,UAE,Natural Pearls,0,3022,restock,Prometheus,1790502540
2026-09-27T09:48:25+00:00,2026-09-27T10:02:21+00:00,South Africa,Lion Plushie,0,856,restock,Prometheus,1790503341
2026-09-27T09:48:53+00:00,2026-09-27T10:02:29+00:00,China,Panda Plushie,0,4,restock,Prometheus,1790503349
2026-09-27T10:02:21+00:00,2026-09-27T10:20:45+00:00,South Africa,Smoke Grenade,0,1630,restock,Prometheus,1790504445
2026-09-27T10:02:21+00:00,2026-09-27T10:20:45+00:00,South Africa,African Violet,4592,0,stockout,Prometheus,1790504445
2026-09-27T10:02:32+00:00,2026-09-27T10:21:02+00:00,UAE,Tribulus Omanense,0,6095,restock,Prometheus,1790504462
2026-09-27T10:02:32+00:00,2026-09-27T10:21:02+00:00,UAE,Natural Pearls,1401,0,stockout,Prometheus,1790504462
2026-09-27T10:02:29+00:00,2026-09-27T10:21:04+00:00,China,Panda Plushie,4,0,stockout,Prometheus,1790504464
2026-09-27T10:02:29+00:00,2026-09-27T10:21:04+00:00,China,Peony,399,0,stockout,Prometheus,1790504464
2026-09-27T10:20:45+00:00,2026-09-27T10:37:30+00:00,South Africa,Smoke Grenade,1630,0,stockout,Prometheus,1790505450
2026-09-27T10:20:45+00:00,2026-09-27T10:37:30+00:00,South Africa,Lion Plushie,1832,0,stockout,Prometheus,1790505450
2026-09-27T10:37:34+00:00,2026-09-27T10:51:39+00:00,UAE,Tribulus Omanense,1380,0,stockout,Prometheus,1790506299
2026-09-27T10:37:34+00:00,2026-09-27T10:51:39+00:00,UAE,Camel Plushie,0,1226,restock,Prometheus,1790506299
2026-09-27T10:37:34+00:00,2026-09-27T10:51:39+00:00,UAE,Natural Pearls,0,3581,restock,Prometheus,1790506299
2026-09-27T10:51:39+00:00,2026-09-27T11:08:24+00:00,UAE,Camel Plushie,1226,0,stockout,Prometheus,1790507304
2026-09-27T10:51:47+00:00,2026-09-27T11:08:22+00:00,China,Pangolin Scales,0,302,restock,Prometheus,1790507302
2026-09-27T11:08:09+00:00,2026-09-27T11:26:15+00:00,South Africa,African Violet,0,6898,restock,Prometheus,1790508375
2026-09-27T11:08:24+00:00,2026-09-27T11:26:21+00:00,UAE,Natural Pearls,1278,0,stockout,Prometheus,1790508381
2026-09-27T11:08:22+00:00,2026-09-27T11:26:17+00:00,China,Pangolin Scales,302,0,stockout,Prometheus,1790508377
2026-09-27T11:08:22+00:00,2026-09-27T11:26:17+00:00,China,Peony,0,3348,restock,Prometheus,1790508377
2026-09-27T11:26:15+00:00,2026-09-27T11:42:58+00:00,South Africa,Smoke Grenade,0,1864,restock,Prometheus,1790509378
2026-09-27T11:26:15+00:00,2026-09-27T11:42:58+00:00,South Africa,Lion Plushie,0,1439,restock,Prometheus,1790509378
2026-09-27T11:26:17+00:00,2026-09-27T11:43:12+00:00,Canada,Xanax,0,2413,restock,Prometheus,1790509392
2026-09-27T11:26:21+00:00,2026-09-27T11:43:05+00:00,UAE,Tribulus Omanense,0,4759,restock,Prometheus,1790509385
2026-09-27T11:42:58+00:00,2026-09-27T11:55:37+00:00,South Africa,Xanax,0,1979,restock,Prometheus,1790510137
2026-09-27T11:42:58+00:00,2026-09-27T11:55:37+00:00,South Africa,Lion Plushie,1439,0,stockout,Prometheus,1790510137
2026-09-27T11:42:58+00:00,2026-09-27T11:55:37+00:00,South Africa,African Violet,2519,0,stockout,Prometheus,1790510137
2026-09-27T11:43:05+00:00,2026-09-27T11:55:27+00:00,UAE,Natural Pearls,0,3513,restock,Prometheus,1790510127
2026-09-27T11:26:17+00:00,2026-09-27T11:43:07+00:00,China,Panda Plushie,0,1,restock,Prometheus,1790509387
2026-09-27T11:26:17+00:00,2026-09-27T11:43:07+00:00,China,Peony,3348,0,stockout,Prometheus,1790509387
2026-09-27T11:55:37+00:00,2026-09-27T12:20:50+00:00,South Africa,Raw Ivory,0,1665,restock,Prometheus,1790511650
2026-09-27T11:55:27+00:00,2026-09-27T12:20:50+00:00,UAE,Tribulus Omanense,880,0,stockout,Prometheus,1790511650
2026-09-27T11:55:27+00:00,2026-09-27T12:20:50+00:00,UAE,Natural Pearls,3513,0,stockout,Prometheus,1790511650
2026-09-27T11:55:29+00:00,2026-09-27T12:20:40+00:00,China,Panda Plushie,491,0,stockout,Prometheus,1790511640
2026-09-27T12:20:50+00:00,2026-09-27T12:40:26+00:00,South Africa,Raw Ivory,1665,0,stockout,Prometheus,1790512826
2026-09-27T11:55:37+00:00,2026-09-27T12:20:50+00:00,South Africa,Smoke Grenade,1382,0,stockout,Prometheus,1790511650
2026-09-27T12:20:43+00:00,2026-09-27T12:41:00+00:00,United Kingdom,Xanax,77,0,stockout,Prometheus,1790512860
2026-09-27T12:20:40+00:00,2026-09-27T12:40:54+00:00,China,Peony,0,8867,restock,Prometheus,1790512854
2026-09-27T12:40:59+00:00,2026-09-27T12:57:16+00:00,UAE,Natural Pearls,0,2857,restock,Prometheus,1790513836
2026-09-27T12:57:14+00:00,2026-09-27T13:17:00+00:00,South Africa,Smoke Grenade,0,2443,restock,Prometheus,1790515020
2026-09-27T12:40:26+00:00,2026-09-27T12:57:14+00:00,South Africa,African Violet,0,9999,restock,Prometheus,1790513834
2026-09-27T12:57:16+00:00,2026-09-27T13:17:13+00:00,UAE,Tribulus Omanense,0,4210,restock,Prometheus,1790515033
2026-09-27T12:57:14+00:00,2026-09-27T13:17:11+00:00,China,Peony,1807,0,stockout,Prometheus,1790515031
2026-09-27T13:17:13+00:00,2026-09-27T13:32:54+00:00,UAE,Natural Pearls,613,0,stockout,Prometheus,1790515974
2026-09-27T13:33:14+00:00,2026-09-27T13:47:24+00:00,South Africa,Xanax,58,0,stockout,Prometheus,1790516844
2026-09-27T13:33:14+00:00,2026-09-27T13:47:24+00:00,South Africa,African Violet,874,0,stockout,Prometheus,1790516844
2026-09-27T13:32:54+00:00,2026-09-27T13:47:37+00:00,UAE,Tribulus Omanense,527,0,stockout,Prometheus,1790516857
2026-09-27T13:47:24+00:00,2026-09-27T13:59:59+00:00,South Africa,Smoke Grenade,238,0,stockout,Prometheus,1790517599
2026-09-27T13:47:37+00:00,2026-09-27T13:59:47+00:00,UAE,Natural Pearls,0,2715,restock,Prometheus,1790517587
2026-09-27T13:47:36+00:00,2026-09-27T13:59:59+00:00,China,Peony,0,9086,restock,Prometheus,1790517599
2026-09-27T13:47:37+00:00,2026-09-27T13:59:47+00:00,UAE,Camel Plushie,0,1484,restock,Prometheus,1790517587
2026-09-27T14:19:15+00:00,2026-09-27T14:35:16+00:00,United Kingdom,Xanax,0,2438,restock,Prometheus,1790519716
2026-09-27T14:19:05+00:00,2026-09-27T14:35:30+00:00,UAE,Camel Plushie,1005,0,stockout,Prometheus,1790519730
2026-09-27T13:59:47+00:00,2026-09-27T14:19:05+00:00,UAE,Natural Pearls,2715,0,stockout,Prometheus,1790518745
2026-09-27T14:19:11+00:00,2026-09-27T14:35:21+00:00,China,Peony,801,0,stockout,Prometheus,1790519721
2026-09-27T14:49:03+00:00,2026-09-27T15:03:54+00:00,South Africa,Smoke Grenade,0,1111,restock,Prometheus,1790521434
2026-09-27T14:35:22+00:00,2026-09-27T14:49:03+00:00,South Africa,African Violet,0,7008,restock,YATA,1790520543
2026-09-27T14:35:30+00:00,2026-09-27T14:48:56+00:00,UAE,Natural Pearls,0,4892,restock,YATA,1790520536
2026-09-27T15:03:54+00:00,2026-09-27T15:21:57+00:00,South Africa,Smoke Grenade,1111,0,stockout,Prometheus,1790522517
2026-09-27T15:03:54+00:00,2026-09-27T15:21:57+00:00,South Africa,Lion Plushie,0,662,restock,Prometheus,1790522517
2026-09-27T15:03:54+00:00,2026-09-27T15:21:57+00:00,South Africa,African Violet,4023,0,stockout,Prometheus,1790522517
2026-09-27T14:49:27+00:00,2026-09-27T15:03:59+00:00,Canada,Xanax,182,0,stockout,Prometheus,1790521439
2026-09-27T15:03:57+00:00,2026-09-27T15:21:56+00:00,UAE,Natural Pearls,2950,0,stockout,Prometheus,1790522516
2026-09-27T15:03:57+00:00,2026-09-27T15:21:59+00:00,China,Peony,0,7059,restock,Prometheus,1790522519
2026-09-27T15:21:57+00:00,2026-09-27T15:38:37+00:00,South Africa,Xanax,0,2317,restock,Prometheus,1790523517
2026-09-27T15:21:57+00:00,2026-09-27T15:38:37+00:00,South Africa,Lion Plushie,662,0,stockout,Prometheus,1790523517
2026-09-27T15:21:59+00:00,2026-09-27T15:38:47+00:00,China,Panda Plushie,0,1088,restock,Prometheus,1790523527
2026-09-27T15:21:59+00:00,2026-09-27T15:38:47+00:00,China,Peony,7059,0,stockout,Prometheus,1790523527
2026-09-27T15:38:47+00:00,2026-09-27T15:52:13+00:00,UAE,Natural Pearls,0,4517,restock,Prometheus,1790524333
2026-09-27T15:38:47+00:00,2026-09-27T15:52:28+00:00,China,Panda Plushie,1088,0,stockout,YATA,1790524348
2026-09-27T15:52:13+00:00,2026-09-27T16:09:34+00:00,UAE,Tribulus Omanense,0,7846,restock,YATA,1790525374
2026-09-27T15:52:13+00:00,2026-09-27T16:09:34+00:00,UAE,Camel Plushie,0,445,restock,YATA,1790525374
2026-09-27T16:09:44+00:00,2026-09-27T16:28:35+00:00,South Africa,Smoke Grenade,0,2144,restock,Prometheus,1790526515
2026-09-27T16:09:44+00:00,2026-09-27T16:28:35+00:00,South Africa,African Violet,0,7093,restock,Prometheus,1790526515
2026-09-27T16:09:42+00:00,2026-09-27T16:28:38+00:00,United Kingdom,Xanax,383,0,stockout,Prometheus,1790526518
2026-09-27T16:09:34+00:00,2026-09-27T16:28:37+00:00,UAE,Natural Pearls,1066,0,stockout,Prometheus,1790526517
2026-09-27T16:28:37+00:00,2026-09-27T16:45:28+00:00,UAE,Tribulus Omanense,515,0,stockout,Prometheus,1790527528
2026-09-27T16:28:40+00:00,2026-09-27T16:45:18+00:00,China,Panda Plushie,0,2338,restock,Prometheus,1790527518
2026-09-27T16:28:40+00:00,2026-09-27T16:45:18+00:00,China,Peony,0,1507,restock,Prometheus,1790527518
2026-09-27T16:45:28+00:00,2026-09-27T16:57:52+00:00,UAE,Camel Plushie,1376,0,stockout,YATA,1790528272
2026-09-27T16:45:28+00:00,2026-09-27T16:57:52+00:00,UAE,Natural Pearls,0,2982,restock,YATA,1790528272
2026-09-27T16:45:18+00:00,2026-09-27T16:57:56+00:00,China,Panda Plushie,2338,0,stockout,Prometheus,1790528276
2026-09-27T16:45:18+00:00,2026-09-27T16:57:56+00:00,China,Peony,1507,0,stockout,Prometheus,1790528276
2026-09-27T16:57:28+00:00,2026-09-27T17:16:39+00:00,South Africa,Smoke Grenade,806,0,stockout,Prometheus,1790529399
2026-09-27T16:57:28+00:00,2026-09-27T17:16:39+00:00,South Africa,African Violet,323,0,stockout,Prometheus,1790529399
2026-09-27T16:57:54+00:00,2026-09-27T17:16:49+00:00,Canada,Xanax,0,2313,restock,Prometheus,1790529409
2026-09-27T16:57:52+00:00,2026-09-27T17:16:45+00:00,UAE,Natural Pearls,2982,0,stockout,Prometheus,1790529405
2026-09-27T17:32:42+00:00,2026-09-27T17:46:32+00:00,South Africa,Xanax,133,0,stockout,Prometheus,1790531192
2026-09-27T17:32:41+00:00,2026-09-27T17:46:35+00:00,UAE,Tribulus Omanense,0,5895,restock,Prometheus,1790531195
2026-09-27T17:32:41+00:00,2026-09-27T17:46:35+00:00,UAE,Natural Pearls,0,4024,restock,Prometheus,1790531195
2026-09-27T17:32:40+00:00,2026-09-27T17:46:33+00:00,China,Peony,0,9757,restock,Prometheus,1790531193
2026-09-27T17:46:32+00:00,2026-09-27T17:59:15+00:00,South Africa,Lion Plushie,0,481,restock,YATA,1790531955
2026-09-27T17:46:35+00:00,2026-09-27T17:59:24+00:00,UAE,Camel Plushie,0,201,restock,Prometheus,1790531964
2026-09-27T17:46:33+00:00,2026-09-27T17:59:24+00:00,China,Panda Plushie,0,120,restock,Prometheus,1790531964
2026-09-27T17:59:15+00:00,2026-09-27T18:22:14+00:00,South Africa,Smoke Grenade,0,289,restock,Prometheus,1790533334
2026-09-27T17:59:15+00:00,2026-09-27T18:22:14+00:00,South Africa,African Violet,0,4048,restock,Prometheus,1790533334
2026-09-27T17:59:24+00:00,2026-09-27T18:22:17+00:00,UAE,Tribulus Omanense,2186,0,stockout,Prometheus,1790533337
2026-09-27T17:59:24+00:00,2026-09-27T18:22:17+00:00,UAE,Camel Plushie,201,0,stockout,Prometheus,1790533337
2026-09-27T17:59:24+00:00,2026-09-27T18:22:17+00:00,UAE,Natural Pearls,2490,0,stockout,Prometheus,1790533337
2026-09-27T17:59:24+00:00,2026-09-27T18:22:15+00:00,China,Panda Plushie,120,0,stockout,Prometheus,1790533335
2026-09-27T17:59:24+00:00,2026-09-27T18:22:15+00:00,China,Peony,4239,0,stockout,Prometheus,1790533335
2026-09-27T18:22:14+00:00,2026-09-27T18:41:36+00:00,South Africa,Smoke Grenade,289,0,stockout,Prometheus,1790534496
2026-09-27T18:22:14+00:00,2026-09-27T18:41:36+00:00,South Africa,African Violet,4048,0,stockout,Prometheus,1790534496
2026-09-27T18:22:09+00:00,2026-09-27T18:41:44+00:00,United Kingdom,Xanax,0,2287,restock,Prometheus,1790534504
2026-09-27T18:41:36+00:00,2026-09-27T18:56:49+00:00,South Africa,Raw Ivory,0,1046,restock,YATA,1790535409
2026-09-27T18:41:36+00:00,2026-09-27T18:56:49+00:00,South Africa,Lion Plushie,836,0,stockout,YATA,1790535409
2026-09-27T18:41:39+00:00,2026-09-27T18:57:04+00:00,UAE,Natural Pearls,0,1181,restock,Prometheus,1790535424
2026-09-27T18:56:49+00:00,2026-09-27T19:15:31+00:00,South Africa,Raw Ivory,1046,0,stockout,Prometheus,1790536531
2026-09-27T18:57:04+00:00,2026-09-27T19:15:15+00:00,UAE,Tribulus Omanense,0,7140,restock,Prometheus,1790536515
2026-09-27T18:57:03+00:00,2026-09-27T19:15:27+00:00,China,Peony,0,6524,restock,Prometheus,1790536527
2026-09-27T19:15:31+00:00,2026-09-27T19:30:48+00:00,South Africa,Smoke Grenade,0,2277,restock,Prometheus,1790537448
2026-09-27T18:57:04+00:00,2026-09-27T19:15:15+00:00,UAE,Natural Pearls,1181,0,stockout,Prometheus,1790536515
2026-09-27T19:15:27+00:00,2026-09-27T19:30:45+00:00,China,Panda Plushie,0,1280,restock,Prometheus,1790537445
2026-09-27T19:30:48+00:00,2026-09-27T19:44:31+00:00,South Africa,Xanax,0,2126,restock,Prometheus,1790538271
2026-09-27T19:30:48+00:00,2026-09-27T19:44:31+00:00,South Africa,African Violet,0,9234,restock,Prometheus,1790538271
2026-09-27T19:30:53+00:00,2026-09-27T19:44:31+00:00,UAE,Tribulus Omanense,1964,0,stockout,YATA,1790538271
2026-09-27T19:30:53+00:00,2026-09-27T19:44:31+00:00,UAE,Natural Pearls,0,3582,restock,YATA,1790538271
2026-09-27T19:30:45+00:00,2026-09-27T19:44:31+00:00,China,Panda Plushie,1280,0,stockout,Prometheus,1790538271
2026-09-27T19:30:45+00:00,2026-09-27T19:44:31+00:00,China,Peony,1237,0,stockout,Prometheus,1790538271
2026-09-27T19:44:28+00:00,2026-09-27T19:57:25+00:00,Canada,Xanax,175,0,stockout,Prometheus,1790539045
2026-09-27T19:57:19+00:00,2026-09-27T20:17:30+00:00,South Africa,Smoke Grenade,527,0,stockout,YATA,1790540250
2026-09-27T19:57:24+00:00,2026-09-27T20:17:31+00:00,UAE,Natural Pearls,1819,0,stockout,Prometheus,1790540251
2026-09-27T20:17:30+00:00,2026-09-27T20:33:27+00:00,South Africa,African Violet,1419,0,stockout,Prometheus,1790541207
2026-09-27T20:17:31+00:00,2026-09-27T20:33:29+00:00,UAE,Tribulus Omanense,0,9511,restock,Prometheus,1790541209
2026-09-27T20:33:27+00:00,2026-09-27T20:48:07+00:00,South Africa,Lion Plushie,0,21,restock,Prometheus,1790542087
2026-09-27T20:33:29+00:00,2026-09-27T20:47:57+00:00,UAE,Natural Pearls,0,4287,restock,Prometheus,1790542077
2026-09-27T20:33:27+00:00,2026-09-27T20:48:07+00:00,China,Panda Plushie,0,1356,restock,Prometheus,1790542087
2026-09-27T20:33:27+00:00,2026-09-27T20:48:07+00:00,China,Peony,0,6498,restock,Prometheus,1790542087
2026-09-27T20:48:07+00:00,2026-09-27T21:00:48+00:00,South Africa,Lion Plushie,21,0,stockout,Prometheus,1790542848
2026-09-27T20:47:57+00:00,2026-09-27T21:00:46+00:00,UAE,Camel Plushie,0,1571,restock,Prometheus,1790542846
2026-09-27T20:48:07+00:00,2026-09-27T21:01:03+00:00,China,Panda Plushie,1356,0,stockout,Prometheus,1790542863
2026-09-27T21:00:48+00:00,2026-09-27T21:20:32+00:00,South Africa,Smoke Grenade,0,1788,restock,Prometheus,1790544032
2026-09-27T21:00:48+00:00,2026-09-27T21:20:32+00:00,South Africa,African Violet,0,7911,restock,Prometheus,1790544032
2026-09-27T21:01:01+00:00,2026-09-27T21:20:40+00:00,United Kingdom,Xanax,90,0,stockout,Prometheus,1790544040
2026-09-27T21:00:46+00:00,2026-09-27T21:20:39+00:00,UAE,Tribulus Omanense,718,0,stockout,Prometheus,1790544039
2026-09-27T21:00:46+00:00,2026-09-27T21:20:39+00:00,UAE,Camel Plushie,1571,0,stockout,Prometheus,1790544039
2026-09-27T21:00:46+00:00,2026-09-27T21:20:39+00:00,UAE,Natural Pearls,2493,0,stockout,Prometheus,1790544039
2026-09-27T21:01:03+00:00,2026-09-27T21:20:36+00:00,China,Pangolin Scales,0,2174,restock,Prometheus,1790544036
2026-09-27T21:01:03+00:00,2026-09-27T21:20:36+00:00,China,Peony,3035,0,stockout,Prometheus,1790544036
2026-09-27T21:20:32+00:00,2026-09-27T21:36:23+00:00,South Africa,Xanax,51,0,stockout,YATA,1790544983
2026-09-27T21:20:36+00:00,2026-09-27T21:36:33+00:00,China,Pangolin Scales,2174,0,stockout,Prometheus,1790544993
2026-09-27T21:36:23+00:00,2026-09-27T21:50:13+00:00,South Africa,Raw Ivory,0,2180,restock,Prometheus,1790545813
2026-09-27T21:36:23+00:00,2026-09-27T21:50:13+00:00,South Africa,Smoke Grenade,874,0,stockout,Prometheus,1790545813
2026-09-27T21:36:23+00:00,2026-09-27T21:50:13+00:00,South Africa,Lion Plushie,0,485,restock,Prometheus,1790545813
2026-09-27T21:50:13+00:00,2026-09-27T22:05:13+00:00,South Africa,Lion Plushie,485,0,stockout,Prometheus,1790546713
2026-09-27T21:36:39+00:00,2026-09-27T21:50:15+00:00,Canada,Xanax,0,2500,restock,Prometheus,1790545815
2026-09-27T21:50:15+00:00,2026-09-27T22:05:03+00:00,UAE,Natural Pearls,0,2047,restock,Prometheus,1790546703
2026-09-27T22:05:13+00:00,2026-09-27T22:23:26+00:00,South Africa,Raw Ivory,71,0,stockout,Prometheus,1790547806
2026-09-27T22:05:13+00:00,2026-09-27T22:23:26+00:00,South Africa,African Violet,1066,0,stockout,Prometheus,1790547806
2026-09-27T22:05:03+00:00,2026-09-27T22:23:23+00:00,UAE,Tribulus Omanense,0,5826,restock,Prometheus,1790547803
2026-09-27T22:05:09+00:00,2026-09-27T22:23:31+00:00,China,Peony,0,6971,restock,Prometheus,1790547811
2026-09-27T22:23:23+00:00,2026-09-27T22:41:03+00:00,UAE,Camel Plushie,0,1085,restock,Prometheus,1790548863
2026-09-27T22:23:23+00:00,2026-09-27T22:41:03+00:00,UAE,Natural Pearls,521,0,stockout,Prometheus,1790548863
2026-09-27T22:23:31+00:00,2026-09-27T22:41:10+00:00,China,Pangolin Scales,0,1167,restock,Prometheus,1790548870
2026-09-27T22:40:47+00:00,2026-09-27T22:54:39+00:00,South Africa,Smoke Grenade,0,2398,restock,Prometheus,1790549679
2026-09-27T22:40:47+00:00,2026-09-27T22:54:39+00:00,South Africa,Lion Plushie,0,36,restock,Prometheus,1790549679
2026-09-27T22:41:03+00:00,2026-09-27T22:54:51+00:00,UAE,Tribulus Omanense,1676,0,stockout,Prometheus,1790549691
2026-09-27T22:41:03+00:00,2026-09-27T22:54:51+00:00,UAE,Camel Plushie,1085,0,stockout,Prometheus,1790549691
2026-09-27T22:41:10+00:00,2026-09-27T22:54:38+00:00,China,Panda Plushie,0,2004,restock,Prometheus,1790549678
2026-09-27T22:41:10+00:00,2026-09-27T22:54:38+00:00,China,Pangolin Scales,1167,0,stockout,Prometheus,1790549678
2026-09-27T22:54:39+00:00,2026-09-27T23:13:25+00:00,South Africa,Smoke Grenade,2398,0,stockout,Prometheus,1790550805
2026-09-27T22:54:45+00:00,2026-09-27T23:13:17+00:00,United Kingdom,Xanax,0,2346,restock,Prometheus,1790550797
2026-09-27T22:54:51+00:00,2026-09-27T23:13:30+00:00,UAE,Natural Pearls,0,3121,restock,Prometheus,1790550810
2026-09-27T22:54:38+00:00,2026-09-27T23:13:29+00:00,China,Panda Plushie,2004,0,stockout,Prometheus,1790550809
2026-09-27T22:54:38+00:00,2026-09-27T23:13:29+00:00,China,Peony,719,0,stockout,Prometheus,1790550809
2026-09-27T23:13:25+00:00,2026-09-27T23:30:00+00:00,South Africa,Xanax,0,2066,restock,YATA,1790551800
2026-09-27T23:13:25+00:00,2026-09-27T23:30:00+00:00,South Africa,Lion Plushie,1271,0,stockout,YATA,1790551800
2026-09-27T23:13:25+00:00,2026-09-27T23:30:00+00:00,South Africa,African Violet,0,6877,restock,YATA,1790551800
2026-09-27T23:30:01+00:00,2026-09-27T23:44:08+00:00,UAE,Camel Plushie,0,59,restock,YATA,1790552648
2026-09-27T23:30:01+00:00,2026-09-27T23:44:08+00:00,UAE,Natural Pearls,1351,0,stockout,YATA,1790552648
2026-09-27T23:44:08+00:00,2026-09-27T23:56:48+00:00,UAE,Tribulus Omanense,0,8592,restock,Prometheus,1790553408
2026-09-27T23:44:08+00:00,2026-09-27T23:56:48+00:00,UAE,Camel Plushie,59,0,stockout,Prometheus,1790553408
2026-09-27T23:56:17+00:00,2026-09-28T00:27:22+00:00,South Africa,Smoke Grenade,0,1269,restock,Prometheus,1790555242
2026-09-27T23:56:17+00:00,2026-09-28T00:27:22+00:00,South Africa,Lion Plushie,0,939,restock,Prometheus,1790555242
2026-09-27T23:56:17+00:00,2026-09-28T00:27:22+00:00,South Africa,African Violet,2088,0,stockout,Prometheus,1790555242
2026-09-27T23:56:48+00:00,2026-09-28T00:27:20+00:00,UAE,Natural Pearls,0,2720,restock,Prometheus,1790555240
2026-09-27T23:56:44+00:00,2026-09-28T00:27:14+00:00,China,Peony,0,4684,restock,Prometheus,1790555234
2026-09-28T00:27:22+00:00,2026-09-28T00:50:47+00:00,South Africa,Smoke Grenade,1269,0,stockout,Prometheus,1790556647
2026-09-28T00:27:20+00:00,2026-09-28T00:50:57+00:00,UAE,Tribulus Omanense,2907,0,stockout,YATA,1790556657
2026-09-28T00:27:14+00:00,2026-09-28T00:51:00+00:00,China,Pangolin Scales,0,386,restock,Prometheus,1790556660
2026-09-28T00:50:47+00:00,2026-09-28T01:07:06+00:00,South Africa,Lion Plushie,565,0,stockout,YATA,1790557626
2026-09-28T00:50:57+00:00,2026-09-28T01:07:09+00:00,UAE,Camel Plushie,0,349,restock,YATA,1790557629
2026-09-28T00:50:57+00:00,2026-09-28T01:07:09+00:00,UAE,Natural Pearls,770,0,stockout,YATA,1790557629
2026-09-28T00:51:00+00:00,2026-09-28T01:07:17+00:00,China,Panda Plushie,0,752,restock,Prometheus,1790557637
2026-09-28T00:51:00+00:00,2026-09-28T01:07:17+00:00,China,Pangolin Scales,386,0,stockout,Prometheus,1790557637
2026-09-28T00:51:00+00:00,2026-09-28T01:07:17+00:00,China,Peony,538,0,stockout,Prometheus,1790557637
2026-09-28T01:07:06+00:00,2026-09-28T01:26:22+00:00,South Africa,Raw Ivory,0,956,restock,Prometheus,1790558782
2026-09-28T01:07:06+00:00,2026-09-28T01:26:22+00:00,South Africa,African Violet,0,8362,restock,Prometheus,1790558782
2026-09-28T01:26:22+00:00,2026-09-28T01:44:21+00:00,South Africa,Raw Ivory,956,0,stockout,Prometheus,1790559861
2026-09-28T01:26:07+00:00,2026-09-28T01:44:18+00:00,UAE,Natural Pearls,0,1694,restock,Prometheus,1790559858
2026-09-28T01:26:20+00:00,2026-09-28T01:44:21+00:00,China,Panda Plushie,1663,0,stockout,Prometheus,1790559861
2026-09-28T01:44:21+00:00,2026-09-28T01:58:27+00:00,South Africa,Smoke Grenade,0,1877,restock,Prometheus,1790560707
2026-09-28T01:44:21+00:00,2026-09-28T01:58:27+00:00,South Africa,Lion Plushie,0,1645,restock,Prometheus,1790560707
2026-09-28T01:44:18+00:00,2026-09-28T01:58:29+00:00,UAE,Tribulus Omanense,0,7890,restock,Prometheus,1790560709
2026-09-28T01:44:18+00:00,2026-09-28T01:58:29+00:00,UAE,Camel Plushie,2197,0,stockout,Prometheus,1790560709
2026-09-28T01:44:21+00:00,2026-09-28T01:58:29+00:00,China,Peony,0,8901,restock,Prometheus,1790560709
2026-09-28T01:58:27+00:00,2026-09-28T02:19:42+00:00,South Africa,Xanax,205,0,stockout,Prometheus,1790561982
2026-09-28T01:58:27+00:00,2026-09-28T02:19:42+00:00,South Africa,Lion Plushie,1645,0,stockout,Prometheus,1790561982
2026-09-28T01:58:29+00:00,2026-09-28T02:19:58+00:00,UAE,Natural Pearls,16,0,stockout,Prometheus,1790561998
2026-09-28T02:19:42+00:00,2026-09-28T02:39:14+00:00,South Africa,Smoke Grenade,746,0,stockout,Prometheus,1790563154
2026-09-28T02:19:42+00:00,2026-09-28T02:39:14+00:00,South Africa,African Violet,167,0,stockout,Prometheus,1790563154
2026-09-28T02:19:58+00:00,2026-09-28T02:39:06+00:00,UAE,Natural Pearls,0,3970,restock,Prometheus,1790563146
2026-09-28T02:19:47+00:00,2026-09-28T02:39:12+00:00,China,Panda Plushie,0,1029,restock,Prometheus,1790563152
2026-09-28T02:39:05+00:00,2026-09-28T02:55:34+00:00,Canada,Xanax,165,0,stockout,Prometheus,1790564134
2026-09-28T02:39:06+00:00,2026-09-28T02:55:16+00:00,UAE,Tribulus Omanense,6,0,stockout,Prometheus,1790564116
2026-09-28T02:39:06+00:00,2026-09-28T02:55:16+00:00,UAE,Camel Plushie,0,239,restock,Prometheus,1790564116
2026-09-28T02:39:12+00:00,2026-09-28T02:55:30+00:00,China,Panda Plushie,1029,0,stockout,Prometheus,1790564130
2026-09-28T02:39:12+00:00,2026-09-28T02:55:30+00:00,China,Peony,1486,0,stockout,Prometheus,1790564130
2026-09-28T03:17:57+00:00,2026-09-28T03:37:27+00:00,South Africa,Smoke Grenade,0,2500,restock,Prometheus,1790566647
2026-09-28T03:17:57+00:00,2026-09-28T03:37:27+00:00,South Africa,African Violet,0,5948,restock,Prometheus,1790566647
2026-09-28T03:17:59+00:00,2026-09-28T03:37:33+00:00,UAE,Tribulus Omanense,0,8407,restock,Prometheus,1790566653
2026-09-28T02:55:16+00:00,2026-09-28T03:17:59+00:00,UAE,Camel Plushie,239,0,stockout,Prometheus,1790565479
2026-09-28T02:55:16+00:00,2026-09-28T03:17:59+00:00,UAE,Natural Pearls,2107,0,stockout,Prometheus,1790565479
2026-09-28T03:37:33+00:00,2026-09-28T03:54:43+00:00,UAE,Camel Plushie,0,534,restock,Prometheus,1790567683
2026-09-28T03:37:33+00:00,2026-09-28T03:54:43+00:00,UAE,Natural Pearls,0,3885,restock,Prometheus,1790567683
2026-09-28T03:37:11+00:00,2026-09-28T03:54:47+00:00,China,Panda Plushie,0,1,restock,Prometheus,1790567687
2026-09-28T03:37:11+00:00,2026-09-28T03:54:47+00:00,China,Peony,0,9633,restock,Prometheus,1790567687
2026-09-28T03:54:31+00:00,2026-09-28T04:16:26+00:00,South Africa,Xanax,0,2241,restock,Prometheus,1790568986
2026-09-28T03:54:31+00:00,2026-09-28T04:16:26+00:00,South Africa,African Violet,3230,0,stockout,Prometheus,1790568986
2026-09-28T04:16:26+00:00,2026-09-28T04:36:38+00:00,South Africa,Smoke Grenade,512,0,stockout,Prometheus,1790570198
2026-09-28T04:16:28+00:00,2026-09-28T04:36:43+00:00,United Kingdom,Xanax,7,0,stockout,YATA,1790570203
2026-09-28T04:16:12+00:00,2026-09-28T04:36:49+00:00,UAE,Tribulus Omanense,458,0,stockout,YATA,1790570209
2026-09-28T04:16:12+00:00,2026-09-28T04:36:49+00:00,UAE,Camel Plushie,1470,0,stockout,YATA,1790570209
2026-09-28T04:36:49+00:00,2026-09-28T04:54:25+00:00,Canada,Xanax,0,2466,restock,Prometheus,1790571265
2026-09-28T04:36:49+00:00,2026-09-28T04:54:34+00:00,UAE,Natural Pearls,31,0,stockout,Prometheus,1790571274
2026-09-28T04:36:45+00:00,2026-09-28T04:54:41+00:00,China,Panda Plushie,1627,0,stockout,Prometheus,1790571281
2026-09-28T04:36:45+00:00,2026-09-28T04:54:41+00:00,China,Pangolin Scales,0,830,restock,Prometheus,1790571281
2026-09-28T04:36:45+00:00,2026-09-28T04:54:41+00:00,China,Peony,2158,0,stockout,Prometheus,1790571281
2026-09-28T04:54:43+00:00,2026-09-28T05:14:57+00:00,South Africa,African Violet,0,7989,restock,Prometheus,1790572497
2026-09-28T04:54:34+00:00,2026-09-28T05:14:58+00:00,UAE,Natural Pearls,0,4012,restock,Prometheus,1790572498
2026-09-28T04:54:41+00:00,2026-09-28T05:14:58+00:00,China,Pangolin Scales,830,0,stockout,Prometheus,1790572498
2026-09-28T05:14:57+00:00,2026-09-28T05:33:41+00:00,South Africa,Smoke Grenade,0,1102,restock,YATA,1790573621
2026-09-28T05:14:58+00:00,2026-09-28T05:34:16+00:00,UAE,Tribulus Omanense,0,7257,restock,Prometheus,1790573656
2026-09-28T05:14:58+00:00,2026-09-28T05:34:35+00:00,China,Pangolin Scales,0,968,restock,Prometheus,1790573675
2026-09-28T05:33:41+00:00,2026-09-28T05:51:49+00:00,South Africa,Lion Plushie,0,1005,restock,Prometheus,1790574709
2026-09-28T05:34:35+00:00,2026-09-28T05:51:44+00:00,China,Pangolin Scales,968,0,stockout,Prometheus,1790574704
2026-09-28T05:34:35+00:00,2026-09-28T05:51:44+00:00,China,Peony,0,8048,restock,Prometheus,1790574704
2026-09-28T05:51:49+00:00,2026-09-28T06:11:59+00:00,South Africa,Smoke Grenade,47,0,stockout,Prometheus,1790575919
2026-09-28T05:51:49+00:00,2026-09-28T06:11:59+00:00,South Africa,African Violet,359,0,stockout,Prometheus,1790575919
2026-09-28T05:51:02+00:00,2026-09-28T06:12:09+00:00,Japan,Xanax,0,1023,restock,Prometheus,1790575929
2026-09-28T05:51:44+00:00,2026-09-28T06:11:55+00:00,China,Pangolin Scales,0,3221,restock,Prometheus,1790575915
2026-09-28T06:11:59+00:00,2026-09-28T06:41:18+00:00,South Africa,Xanax,374,0,stockout,Prometheus,1790577678
2026-09-28T06:11:59+00:00,2026-09-28T06:41:18+00:00,South Africa,Lion Plushie,780,0,stockout,Prometheus,1790577678
2026-09-28T06:12:09+00:00,2026-09-28T06:41:05+00:00,Japan,Xanax,1023,0,stockout,Prometheus,1790577665
2026-09-28T06:12:09+00:00,2026-09-28T06:41:13+00:00,United Kingdom,Xanax,0,2244,restock,Prometheus,1790577673
2026-09-28T06:11:54+00:00,2026-09-28T06:41:20+00:00,UAE,Tribulus Omanense,1063,0,stockout,Prometheus,1790577680
2026-09-28T05:51:50+00:00,2026-09-28T06:11:54+00:00,UAE,Natural Pearls,1158,0,stockout,Prometheus,1790575914
2026-09-28T06:11:55+00:00,2026-09-28T06:41:14+00:00,China,Pangolin Scales,3221,0,stockout,Prometheus,1790577674
2026-09-28T06:11:55+00:00,2026-09-28T06:41:14+00:00,China,Peony,3295,0,stockout,Prometheus,1790577674
2026-09-28T06:41:18+00:00,2026-09-28T07:00:48+00:00,South Africa,Smoke Grenade,0,2322,restock,Prometheus,1790578848
2026-09-28T06:41:18+00:00,2026-09-28T07:00:48+00:00,South Africa,African Violet,0,6000,restock,Prometheus,1790578848
2026-09-28T06:41:20+00:00,2026-09-28T07:01:14+00:00,UAE,Natural Pearls,0,1083,restock,Prometheus,1790578874
2026-09-28T06:40:59+00:00,2026-09-28T07:00:58+00:00,Switzerland,Neumune Tablet,0,3,restock,Prometheus,1790578858
2026-09-28T07:01:14+00:00,2026-09-28T07:24:36+00:00,UAE,Tribulus Omanense,0,8173,restock,Prometheus,1790580276
2026-09-28T06:41:20+00:00,2026-09-28T07:01:14+00:00,UAE,Camel Plushie,0,2280,restock,Prometheus,1790578874
2026-09-28T07:01:14+00:00,2026-09-28T07:24:36+00:00,UAE,Natural Pearls,1083,0,stockout,Prometheus,1790580276
2026-09-28T07:00:58+00:00,2026-09-28T07:24:23+00:00,Switzerland,Neumune Tablet,3,0,stockout,YATA,1790580263
2026-09-28T07:24:35+00:00,2026-09-28T07:45:07+00:00,South Africa,Smoke Grenade,728,0,stockout,Prometheus,1790581507
2026-09-28T07:24:35+00:00,2026-09-28T07:45:07+00:00,South Africa,African Violet,1536,0,stockout,Prometheus,1790581507
2026-09-28T07:24:36+00:00,2026-09-28T07:45:06+00:00,UAE,Natural Pearls,0,3699,restock,Prometheus,1790581506
2026-09-28T07:01:13+00:00,2026-09-28T07:24:37+00:00,China,Panda Plushie,0,1415,restock,Prometheus,1790580277
2026-09-28T07:24:37+00:00,2026-09-28T07:45:04+00:00,China,Peony,0,6969,restock,Prometheus,1790581504
2026-09-28T07:45:07+00:00,2026-09-28T08:00:47+00:00,South Africa,Raw Ivory,0,954,restock,YATA,1790582447
2026-09-28T07:45:06+00:00,2026-09-28T08:00:42+00:00,UAE,Tribulus Omanense,2190,0,stockout,Prometheus,1790582442
2026-09-28T07:45:06+00:00,2026-09-28T08:00:42+00:00,UAE,Camel Plushie,602,0,stockout,Prometheus,1790582442
2026-09-28T07:45:04+00:00,2026-09-28T08:00:50+00:00,China,Panda Plushie,994,0,stockout,Prometheus,1790582450
2026-09-28T08:00:47+00:00,2026-09-28T08:26:00+00:00,South Africa,Raw Ivory,954,0,stockout,Prometheus,1790583960
2026-09-28T08:00:42+00:00,2026-09-28T08:26:01+00:00,UAE,Natural Pearls,1353,0,stockout,Prometheus,1790583961
2026-09-28T08:00:50+00:00,2026-09-28T08:26:02+00:00,China,Panda Plushie,0,329,restock,Prometheus,1790583962
2026-09-28T08:00:50+00:00,2026-09-28T08:26:02+00:00,China,Peony,2470,0,stockout,Prometheus,1790583962
2026-09-28T08:26:00+00:00,2026-09-28T08:47:38+00:00,South Africa,Smoke Grenade,0,1489,restock,Prometheus,1790585258
2026-09-28T08:26:00+00:00,2026-09-28T08:47:38+00:00,South Africa,Lion Plushie,0,1578,restock,Prometheus,1790585258
2026-09-28T08:26:00+00:00,2026-09-28T08:47:38+00:00,South Africa,African Violet,0,7073,restock,Prometheus,1790585258
2026-09-28T08:26:01+00:00,2026-09-28T08:47:41+00:00,Canada,Xanax,97,0,stockout,Prometheus,1790585261
2026-09-28T08:26:01+00:00,2026-09-28T08:47:33+00:00,UAE,Natural Pearls,0,4194,restock,Prometheus,1790585253
2026-09-28T08:26:02+00:00,2026-09-28T08:47:33+00:00,China,Panda Plushie,329,0,stockout,Prometheus,1790585253
2026-09-28T08:47:38+00:00,2026-09-28T09:02:03+00:00,South Africa,Xanax,0,2082,restock,YATA,1790586123
2026-09-28T08:47:38+00:00,2026-09-28T09:02:03+00:00,South Africa,Lion Plushie,1578,0,stockout,YATA,1790586123
2026-09-28T08:47:33+00:00,2026-09-28T09:02:04+00:00,UAE,Tribulus Omanense,0,6916,restock,Prometheus,1790586124
2026-09-28T08:47:33+00:00,2026-09-28T09:02:04+00:00,UAE,Camel Plushie,0,734,restock,Prometheus,1790586124
2026-09-28T08:47:33+00:00,2026-09-28T09:02:11+00:00,China,Panda Plushie,0,1110,restock,Prometheus,1790586131
2026-09-28T09:02:03+00:00,2026-09-28T09:26:14+00:00,South Africa,Smoke Grenade,590,0,stockout,Prometheus,1790587574
2026-09-28T09:02:04+00:00,2026-09-28T09:26:17+00:00,UAE,Camel Plushie,734,0,stockout,Prometheus,1790587577
2026-09-28T09:02:04+00:00,2026-09-28T09:26:17+00:00,UAE,Natural Pearls,1394,0,stockout,Prometheus,1790587577
2026-09-28T09:02:11+00:00,2026-09-28T09:26:18+00:00,China,Panda Plushie,1110,0,stockout,Prometheus,1790587578
2026-09-28T09:02:11+00:00,2026-09-28T09:26:18+00:00,China,Peony,0,1937,restock,Prometheus,1790587578
2026-09-28T09:26:14+00:00,2026-09-28T09:47:56+00:00,South Africa,African Violet,442,0,stockout,Prometheus,1790588876
2026-09-28T09:26:17+00:00,2026-09-28T09:47:57+00:00,UAE,Tribulus Omanense,144,0,stockout,Prometheus,1790588877
2026-09-28T09:26:17+00:00,2026-09-28T09:47:57+00:00,UAE,Natural Pearls,0,4311,restock,Prometheus,1790588877
2026-09-28T09:26:18+00:00,2026-09-28T09:47:54+00:00,China,Peony,1937,0,stockout,YATA,1790588874
2026-09-28T10:02:17+00:00,2026-09-28T10:25:19+00:00,South Africa,Smoke Grenade,0,103,restock,Prometheus,1790591119
2026-09-28T10:25:19+00:00,2026-09-28T10:45:25+00:00,South Africa,Smoke Grenade,103,0,stockout,Prometheus,1790592325
2026-09-28T10:25:19+00:00,2026-09-28T10:45:25+00:00,South Africa,African Violet,0,4363,restock,Prometheus,1790592325
2026-09-28T10:24:21+00:00,2026-09-28T10:45:27+00:00,Canada,Xanax,0,2186,restock,Prometheus,1790592327
2026-09-28T10:02:21+00:00,2026-09-28T10:25:19+00:00,UAE,Tribulus Omanense,0,9741,restock,Prometheus,1790591119
2026-09-28T10:25:19+00:00,2026-09-28T10:45:33+00:00,China,Pangolin Scales,0,853,restock,Prometheus,1790592333
2026-09-28T10:25:19+00:00,2026-09-28T10:45:33+00:00,China,Peony,0,6385,restock,Prometheus,1790592333
2026-09-28T10:45:38+00:00,2026-09-28T11:00:06+00:00,UAE,Tribulus Omanense,2551,0,stockout,Prometheus,1790593206
2026-09-28T10:45:38+00:00,2026-09-28T11:00:06+00:00,UAE,Camel Plushie,0,489,restock,Prometheus,1790593206
2026-09-28T10:45:08+00:00,2026-09-28T10:59:40+00:00,Switzerland,Neumune Tablet,0,3,restock,YATA,1790593180
2026-09-28T10:45:33+00:00,2026-09-28T11:00:10+00:00,China,Pangolin Scales,853,0,stockout,Prometheus,1790593210
2026-09-28T10:59:57+00:00,2026-09-28T11:21:11+00:00,South Africa,Raw Ivory,0,1849,restock,Prometheus,1790594471
2026-09-28T10:59:57+00:00,2026-09-28T11:21:11+00:00,South Africa,Lion Plushie,0,1,restock,Prometheus,1790594471
2026-09-28T10:59:57+00:00,2026-09-28T11:21:11+00:00,South Africa,African Violet,1265,0,stockout,Prometheus,1790594471
2026-09-28T11:00:09+00:00,2026-09-28T11:21:46+00:00,United Kingdom,Xanax,17,0,stockout,Prometheus,1790594506
2026-09-28T10:59:40+00:00,2026-09-28T11:21:27+00:00,Switzerland,Neumune Tablet,3,0,stockout,Prometheus,1790594487
2026-09-28T11:00:10+00:00,2026-09-28T11:21:52+00:00,China,Pangolin Scales,0,2832,restock,Prometheus,1790594512
2026-09-28T11:00:10+00:00,2026-09-28T11:21:52+00:00,China,Peony,2916,0,stockout,Prometheus,1790594512
2026-09-28T11:21:11+00:00,2026-09-28T11:42:42+00:00,South Africa,Raw Ivory,1849,0,stockout,Prometheus,1790595762
2026-09-28T11:21:11+00:00,2026-09-28T11:42:42+00:00,South Africa,Smoke Grenade,0,934,restock,Prometheus,1790595762
2026-09-28T11:21:11+00:00,2026-09-28T11:42:42+00:00,South Africa,Lion Plushie,1,0,stockout,Prometheus,1790595762
2026-09-28T11:21:48+00:00,2026-09-28T11:42:39+00:00,UAE,Camel Plushie,93,0,stockout,YATA,1790595759
2026-09-28T11:21:48+00:00,2026-09-28T11:42:39+00:00,UAE,Natural Pearls,213,0,stockout,YATA,1790595759
2026-09-28T11:21:52+00:00,2026-09-28T11:42:41+00:00,China,Pangolin Scales,2832,0,stockout,Prometheus,1790595761
2026-09-28T11:42:42+00:00,2026-09-28T11:57:36+00:00,South Africa,Xanax,93,0,stockout,Prometheus,1790596656
2026-09-28T11:42:39+00:00,2026-09-28T11:57:28+00:00,UAE,Tribulus Omanense,0,8569,restock,YATA,1790596648
2026-09-28T11:42:39+00:00,2026-09-28T11:57:28+00:00,UAE,Camel Plushie,0,1593,restock,YATA,1790596648
2026-09-28T11:42:39+00:00,2026-09-28T11:57:28+00:00,UAE,Natural Pearls,0,4644,restock,YATA,1790596648
2026-09-28T11:57:36+00:00,2026-09-28T12:25:00+00:00,South Africa,Smoke Grenade,122,0,stockout,Prometheus,1790598300
2026-09-28T11:57:36+00:00,2026-09-28T12:25:00+00:00,South Africa,African Violet,0,6172,restock,Prometheus,1790598300
2026-09-28T11:57:28+00:00,2026-09-28T12:25:30+00:00,UAE,Camel Plushie,1593,0,stockout,Prometheus,1790598330
2026-09-28T11:57:52+00:00,2026-09-28T12:26:04+00:00,China,Peony,0,5825,restock,Prometheus,1790598364
2026-09-28T12:25:30+00:00,2026-09-28T12:51:37+00:00,UAE,Camel Plushie,0,60,restock,YATA,1790599897
2026-09-28T12:26:04+00:00,2026-09-28T12:51:34+00:00,China,Pangolin Scales,0,796,restock,YATA,1790599894
2026-09-28T12:51:46+00:00,2026-09-28T13:09:41+00:00,South Africa,Smoke Grenade,0,2167,restock,Prometheus,1790600981
2026-09-28T12:51:46+00:00,2026-09-28T13:09:41+00:00,South Africa,Lion Plushie,0,269,restock,Prometheus,1790600981
2026-09-28T12:51:35+00:00,2026-09-28T13:09:38+00:00,United Kingdom,Xanax,0,2409,restock,Prometheus,1790600978
2026-09-28T12:51:37+00:00,2026-09-28T13:09:28+00:00,UAE,Tribulus Omanense,314,0,stockout,Prometheus,1790600968
2026-09-28T12:51:34+00:00,2026-09-28T13:09:41+00:00,China,Pangolin Scales,796,0,stockout,Prometheus,1790600981
2026-09-28T12:51:34+00:00,2026-09-28T13:09:41+00:00,China,Peony,1729,0,stockout,Prometheus,1790600981
2026-09-28T13:09:41+00:00,2026-09-28T13:31:21+00:00,South Africa,African Violet,854,0,stockout,Prometheus,1790602281
2026-09-28T13:09:37+00:00,2026-09-28T13:31:47+00:00,Canada,Xanax,16,0,stockout,Prometheus,1790602307
2026-09-28T13:09:28+00:00,2026-09-28T13:31:42+00:00,UAE,Camel Plushie,1770,0,stockout,Prometheus,1790602302
2026-09-28T13:09:28+00:00,2026-09-28T13:31:42+00:00,UAE,Natural Pearls,410,0,stockout,Prometheus,1790602302
2026-09-28T13:09:41+00:00,2026-09-28T13:31:48+00:00,China,Panda Plushie,0,3,restock,Prometheus,1790602308
2026-09-28T13:09:41+00:00,2026-09-28T13:31:48+00:00,China,Pangolin Scales,0,1460,restock,Prometheus,1790602308
2026-09-28T13:31:21+00:00,2026-09-28T13:52:55+00:00,South Africa,Xanax,0,2219,restock,Prometheus,1790603575
2026-09-28T13:31:42+00:00,2026-09-28T13:52:58+00:00,UAE,Camel Plushie,0,1583,restock,Prometheus,1790603578
2026-09-28T13:31:42+00:00,2026-09-28T13:52:58+00:00,UAE,Natural Pearls,0,3999,restock,Prometheus,1790603578
2026-09-28T13:31:48+00:00,2026-09-28T13:53:04+00:00,China,Panda Plushie,3,0,stockout,Prometheus,1790603584
2026-09-28T13:31:48+00:00,2026-09-28T13:53:04+00:00,China,Pangolin Scales,1460,0,stockout,Prometheus,1790603584
2026-09-28T13:52:55+00:00,2026-09-28T14:12:33+00:00,South Africa,Smoke Grenade,135,0,stockout,Prometheus,1790604753
2026-09-28T13:52:55+00:00,2026-09-28T14:12:33+00:00,South Africa,Lion Plushie,1828,0,stockout,Prometheus,1790604753
2026-09-28T13:52:58+00:00,2026-09-28T14:12:26+00:00,UAE,Tribulus Omanense,0,7612,restock,Prometheus,1790604746
2026-09-28T13:52:58+00:00,2026-09-28T14:12:26+00:00,UAE,Camel Plushie,1583,0,stockout,Prometheus,1790604746
2026-09-28T13:53:04+00:00,2026-09-28T14:12:32+00:00,China,Panda Plushie,0,1577,restock,Prometheus,1790604752
2026-09-28T13:53:04+00:00,2026-09-28T14:12:32+00:00,China,Pangolin Scales,0,535,restock,Prometheus,1790604752
2026-09-28T13:53:04+00:00,2026-09-28T14:12:32+00:00,China,Peony,0,8905,restock,Prometheus,1790604752
2026-09-28T14:12:33+00:00,2026-09-28T14:35:55+00:00,South Africa,Raw Ivory,0,1576,restock,Prometheus,1790606155
2026-09-28T14:12:33+00:00,2026-09-28T14:35:55+00:00,South Africa,Smoke Grenade,0,12,restock,Prometheus,1790606155
2026-09-28T14:12:33+00:00,2026-09-28T14:35:55+00:00,South Africa,African Violet,0,8895,restock,Prometheus,1790606155
2026-09-28T14:12:32+00:00,2026-09-28T14:35:54+00:00,China,Panda Plushie,1577,0,stockout,Prometheus,1790606154
2026-09-28T14:12:32+00:00,2026-09-28T14:35:54+00:00,China,Pangolin Scales,535,0,stockout,Prometheus,1790606154
2026-09-28T14:35:55+00:00,2026-09-28T14:56:02+00:00,South Africa,Lion Plushie,0,288,restock,Prometheus,1790607362
2026-09-28T14:35:34+00:00,2026-09-28T14:56:28+00:00,UAE,Camel Plushie,0,84,restock,Prometheus,1790607388
2026-09-28T14:35:54+00:00,2026-09-28T14:56:32+00:00,China,Pangolin Scales,0,1877,restock,Prometheus,1790607392
2026-09-28T14:35:55+00:00,2026-09-28T14:56:02+00:00,South Africa,Raw Ivory,1576,0,stockout,Prometheus,1790607362
2026-09-28T14:56:35+00:00,2026-09-28T15:21:06+00:00,Canada,Xanax,0,2445,restock,YATA,1790608866
2026-09-28T14:56:28+00:00,2026-09-28T15:20:58+00:00,UAE,Natural Pearls,189,0,stockout,YATA,1790608858
2026-09-28T14:56:32+00:00,2026-09-28T15:20:39+00:00,China,Panda Plushie,0,863,restock,Prometheus,1790608839
2026-09-28T14:56:32+00:00,2026-09-28T15:20:39+00:00,China,Pangolin Scales,1877,0,stockout,Prometheus,1790608839
2026-09-28T15:20:57+00:00,2026-09-28T15:40:39+00:00,South Africa,Lion Plushie,1056,0,stockout,Prometheus,1790610039
2026-09-28T15:20:58+00:00,2026-09-28T15:38:59+00:00,UAE,Camel Plushie,823,0,stockout,Prometheus,1790609939
2026-09-28T15:20:58+00:00,2026-09-28T15:38:59+00:00,UAE,Natural Pearls,0,4123,restock,Prometheus,1790609939
2026-09-28T15:20:39+00:00,2026-09-28T15:40:52+00:00,China,Panda Plushie,863,0,stockout,Prometheus,1790610052
2026-09-28T15:20:39+00:00,2026-09-28T15:40:52+00:00,China,Pangolin Scales,0,3609,restock,Prometheus,1790610052
2026-09-28T15:20:39+00:00,2026-09-28T15:40:52+00:00,China,Peony,881,0,stockout,Prometheus,1790610052
2026-09-28T15:40:39+00:00,2026-09-28T15:58:32+00:00,South Africa,Lion Plushie,0,461,restock,YATA,1790611112
2026-09-28T15:38:59+00:00,2026-09-28T15:58:34+00:00,UAE,Tribulus Omanense,483,0,stockout,Prometheus,1790611114
2026-09-28T15:40:52+00:00,2026-09-28T15:58:34+00:00,China,Panda Plushie,0,289,restock,Prometheus,1790611114
2026-09-28T15:58:35+00:00,2026-09-28T16:23:56+00:00,Japan,Xanax,0,1762,restock,Prometheus,1790612636
2026-09-28T15:58:34+00:00,2026-09-28T16:23:28+00:00,UAE,Camel Plushie,0,1089,restock,Prometheus,1790612608
2026-09-28T15:58:34+00:00,2026-09-28T16:23:46+00:00,China,Pangolin Scales,632,0,stockout,YATA,1790612626
2026-09-28T16:23:59+00:00,2026-09-28T16:43:16+00:00,South Africa,Smoke Grenade,167,0,stockout,Prometheus,1790613796
2026-09-28T16:23:59+00:00,2026-09-28T16:43:16+00:00,South Africa,Lion Plushie,1558,0,stockout,Prometheus,1790613796
2026-09-28T16:23:56+00:00,2026-09-28T16:43:12+00:00,Japan,Xanax,1762,0,stockout,Prometheus,1790613792
2026-09-28T16:23:28+00:00,2026-09-28T16:43:15+00:00,UAE,Camel Plushie,1089,0,stockout,Prometheus,1790613795
2026-09-28T16:23:46+00:00,2026-09-28T16:43:09+00:00,China,Pangolin Scales,0,3062,restock,Prometheus,1790613789
2026-09-28T16:23:46+00:00,2026-09-28T16:43:09+00:00,China,Peony,0,8618,restock,Prometheus,1790613789
2026-09-28T16:43:16+00:00,2026-09-28T16:59:10+00:00,South Africa,Lion Plushie,0,1940,restock,Prometheus,1790614750
2026-09-28T16:43:15+00:00,2026-09-28T16:58:58+00:00,UAE,Tribulus Omanense,0,9884,restock,Prometheus,1790614738
2026-09-28T16:43:15+00:00,2026-09-28T16:58:58+00:00,UAE,Camel Plushie,0,1030,restock,Prometheus,1790614738
2026-09-28T16:43:15+00:00,2026-09-28T16:58:58+00:00,UAE,Natural Pearls,833,0,stockout,Prometheus,1790614738
2026-09-28T16:59:10+00:00,2026-09-28T17:20:58+00:00,South Africa,Lion Plushie,1940,0,stockout,Prometheus,1790616058
2026-09-28T16:59:12+00:00,2026-09-28T17:20:55+00:00,China,Panda Plushie,1147,0,stockout,Prometheus,1790616055
2026-09-28T16:59:12+00:00,2026-09-28T17:20:55+00:00,China,Pangolin Scales,801,0,stockout,Prometheus,1790616055
2026-09-28T17:20:58+00:00,2026-09-28T17:38:41+00:00,South Africa,Smoke Grenade,0,2287,restock,Prometheus,1790617121
2026-09-28T17:20:58+00:00,2026-09-28T17:38:41+00:00,South Africa,Lion Plushie,0,1292,restock,Prometheus,1790617121
2026-09-28T17:20:58+00:00,2026-09-28T17:38:41+00:00,South Africa,African Violet,1,0,stockout,Prometheus,1790617121
2026-09-28T17:20:48+00:00,2026-09-28T17:38:18+00:00,UAE,Natural Pearls,0,4470,restock,Prometheus,1790617098
2026-09-28T17:20:55+00:00,2026-09-28T17:38:52+00:00,China,Panda Plushie,0,1151,restock,Prometheus,1790617132
2026-09-28T17:20:55+00:00,2026-09-28T17:38:52+00:00,China,Pangolin Scales,0,3712,restock,Prometheus,1790617132
2026-09-28T17:38:41+00:00,2026-09-28T17:55:15+00:00,South Africa,Raw Ivory,0,1803,restock,Prometheus,1790618115
2026-09-28T17:38:41+00:00,2026-09-28T17:55:15+00:00,South Africa,Lion Plushie,1292,0,stockout,Prometheus,1790618115
2026-09-28T17:38:52+00:00,2026-09-28T17:55:19+00:00,China,Panda Plushie,1151,0,stockout,Prometheus,1790618119
2026-09-28T17:55:15+00:00,2026-09-28T18:17:20+00:00,South Africa,Lion Plushie,0,1429,restock,Prometheus,1790619440
2026-09-28T17:54:21+00:00,2026-09-28T18:18:11+00:00,UAE,Camel Plushie,2269,0,stockout,YATA,1790619491
2026-09-28T17:55:19+00:00,2026-09-28T18:18:24+00:00,China,Panda Plushie,0,1427,restock,Prometheus,1790619504
2026-09-28T17:55:19+00:00,2026-09-28T18:18:24+00:00,China,Pangolin Scales,1948,0,stockout,Prometheus,1790619504
2026-09-28T18:17:20+00:00,2026-09-28T18:40:14+00:00,South Africa,Raw Ivory,469,0,stockout,Prometheus,1790620814
2026-09-28T18:17:20+00:00,2026-09-28T18:40:14+00:00,South Africa,Lion Plushie,1429,0,stockout,Prometheus,1790620814
2026-09-28T18:17:20+00:00,2026-09-28T18:40:14+00:00,South Africa,African Violet,0,9677,restock,Prometheus,1790620814
2026-09-28T18:18:11+00:00,2026-09-28T18:40:01+00:00,UAE,Camel Plushie,0,1257,restock,Prometheus,1790620801
2026-09-28T18:18:24+00:00,2026-09-28T18:40:20+00:00,China,Panda Plushie,1427,0,stockout,Prometheus,1790620820
2026-09-28T18:40:14+00:00,2026-09-28T18:59:06+00:00,South Africa,Lion Plushie,0,2173,restock,Prometheus,1790621946
2026-09-28T18:40:01+00:00,2026-09-28T18:59:13+00:00,UAE,Camel Plushie,1257,0,stockout,Prometheus,1790621953
2026-09-28T18:40:10+00:00,2026-09-28T18:59:05+00:00,Hawaii,Shark Fin,0,877,restock,YATA,1790621945
2026-09-28T18:40:20+00:00,2026-09-28T18:58:06+00:00,China,Panda Plushie,0,1969,restock,Prometheus,1790621886
2026-09-28T18:18:24+00:00,2026-09-28T18:40:20+00:00,China,Pangolin Scales,0,4919,restock,Prometheus,1790620820
2026-09-28T18:59:13+00:00,2026-09-28T19:19:26+00:00,UAE,Camel Plushie,0,1668,restock,YATA,1790623166
2026-09-28T18:59:05+00:00,2026-09-28T19:19:36+00:00,Hawaii,Shark Fin,877,0,stockout,Prometheus,1790623176
2026-09-28T19:19:40+00:00,2026-09-28T19:38:08+00:00,South Africa,Lion Plushie,329,0,stockout,YATA,1790624288
2026-09-28T19:19:40+00:00,2026-09-28T19:38:15+00:00,China,Panda Plushie,679,0,stockout,Prometheus,1790624295
2026-09-28T19:19:40+00:00,2026-09-28T19:38:15+00:00,China,Pangolin Scales,300,0,stockout,Prometheus,1790624295
2026-09-28T19:19:40+00:00,2026-09-28T19:38:15+00:00,China,Peony,211,0,stockout,Prometheus,1790624295
2026-09-28T19:38:08+00:00,2026-09-28T19:53:16+00:00,South Africa,Lion Plushie,0,1361,restock,Prometheus,1790625196
2026-09-28T19:38:15+00:00,2026-09-28T19:54:36+00:00,China,Panda Plushie,0,902,restock,Prometheus,1790625276
2026-09-28T19:38:15+00:00,2026-09-28T19:54:36+00:00,China,Pangolin Scales,0,4282,restock,Prometheus,1790625276
2026-09-28T19:53:16+00:00,2026-09-28T20:13:20+00:00,South Africa,Smoke Grenade,298,0,stockout,YATA,1790626400
2026-09-28T19:53:16+00:00,2026-09-28T20:13:20+00:00,South Africa,Lion Plushie,1361,0,stockout,YATA,1790626400
2026-09-28T19:37:13+00:00,2026-09-28T19:54:34+00:00,UAE,Natural Pearls,592,0,stockout,Prometheus,1790625274
2026-09-28T19:54:34+00:00,2026-09-28T20:13:33+00:00,Hawaii,Shark Fin,0,521,restock,Prometheus,1790626413
2026-09-28T19:54:36+00:00,2026-09-28T20:13:32+00:00,China,Panda Plushie,902,0,stockout,Prometheus,1790626412
2026-09-28T20:13:20+00:00,2026-09-28T20:32:50+00:00,South Africa,Xanax,44,0,stockout,Prometheus,1790627570
2026-09-28T20:13:20+00:00,2026-09-28T20:32:50+00:00,South Africa,Lion Plushie,0,1718,restock,Prometheus,1790627570
2026-09-28T20:13:37+00:00,2026-09-28T20:32:31+00:00,UAE,Camel Plushie,631,0,stockout,Prometheus,1790627551
2026-09-28T20:13:37+00:00,2026-09-28T20:32:31+00:00,UAE,Natural Pearls,0,4838,restock,Prometheus,1790627551
2026-09-28T20:13:33+00:00,2026-09-28T20:32:50+00:00,Hawaii,Shark Fin,521,0,stockout,Prometheus,1790627570
2026-09-28T20:13:32+00:00,2026-09-28T20:32:28+00:00,China,Panda Plushie,0,781,restock,Prometheus,1790627548
2026-09-28T20:13:32+00:00,2026-09-28T20:32:28+00:00,China,Pangolin Scales,1089,0,stockout,Prometheus,1790627548
2026-09-28T20:13:32+00:00,2026-09-28T20:32:28+00:00,China,Peony,0,9952,restock,Prometheus,1790627548
2026-09-28T20:32:38+00:00,2026-09-28T20:51:03+00:00,Japan,Xanax,0,1133,restock,Prometheus,1790628663
2026-09-28T20:32:31+00:00,2026-09-28T20:50:50+00:00,UAE,Tribulus Omanense,422,0,stockout,Prometheus,1790628650
2026-09-28T20:32:31+00:00,2026-09-28T20:50:50+00:00,UAE,Camel Plushie,0,1181,restock,Prometheus,1790628650
2026-09-28T20:32:28+00:00,2026-09-28T20:51:10+00:00,China,Panda Plushie,781,0,stockout,Prometheus,1790628670
2026-09-28T20:32:28+00:00,2026-09-28T20:51:10+00:00,China,Pangolin Scales,0,4746,restock,Prometheus,1790628670
2026-09-28T20:50:15+00:00,2026-09-28T21:07:18+00:00,South Africa,Smoke Grenade,0,2489,restock,Prometheus,1790629638
2026-09-28T20:50:15+00:00,2026-09-28T21:07:18+00:00,South Africa,Lion Plushie,528,0,stockout,Prometheus,1790629638
2026-09-28T20:51:03+00:00,2026-09-28T21:07:02+00:00,Japan,Xanax,1133,0,stockout,Prometheus,1790629622
2026-09-28T20:50:50+00:00,2026-09-28T21:07:49+00:00,UAE,Camel Plushie,1181,0,stockout,Prometheus,1790629669
2026-09-28T20:51:10+00:00,2026-09-28T21:07:33+00:00,China,Panda Plushie,0,1740,restock,Prometheus,1790629653
2026-09-28T21:07:18+00:00,2026-09-28T21:27:11+00:00,South Africa,Raw Ivory,0,2156,restock,Prometheus,1790630831
2026-09-28T21:07:18+00:00,2026-09-28T21:27:11+00:00,South Africa,Lion Plushie,0,1365,restock,Prometheus,1790630831
2026-09-28T21:07:49+00:00,2026-09-28T21:26:27+00:00,UAE,Camel Plushie,0,2064,restock,Prometheus,1790630787
2026-09-28T21:27:10+00:00,2026-09-28T21:44:17+00:00,China,Panda Plushie,491,0,stockout,Prometheus,1790631857
2026-09-28T21:27:10+00:00,2026-09-28T21:44:17+00:00,China,Pangolin Scales,1081,0,stockout,Prometheus,1790631857
2026-09-28T21:43:52+00:00,2026-09-28T21:58:06+00:00,South Africa,Lion Plushie,540,0,stockout,YATA,1790632686
2026-09-28T21:44:09+00:00,2026-09-28T21:57:25+00:00,UAE,Tribulus Omanense,0,9650,restock,YATA,1790632645
2026-09-28T21:44:09+00:00,2026-09-28T21:57:25+00:00,UAE,Camel Plushie,508,0,stockout,YATA,1790632645
2026-09-28T21:44:17+00:00,2026-09-28T21:57:58+00:00,China,Panda Plushie,0,1995,restock,Prometheus,1790632678
2026-09-28T21:58:06+00:00,2026-09-28T22:19:00+00:00,South Africa,Lion Plushie,0,1954,restock,YATA,1790633940
2026-09-28T21:57:25+00:00,2026-09-28T22:18:58+00:00,UAE,Camel Plushie,0,1408,restock,Prometheus,1790633938
2026-09-28T21:57:58+00:00,2026-09-28T22:19:02+00:00,China,Pangolin Scales,0,3793,restock,Prometheus,1790633942
2026-09-28T22:19:00+00:00,2026-09-28T22:34:28+00:00,South Africa,Raw Ivory,261,0,stockout,Prometheus,1790634868
2026-09-28T22:19:00+00:00,2026-09-28T22:34:28+00:00,South Africa,Xanax,0,2476,restock,Prometheus,1790634868
2026-09-28T22:34:28+00:00,2026-09-28T22:50:13+00:00,South Africa,Lion Plushie,646,0,stockout,Prometheus,1790635813
2026-09-28T22:34:40+00:00,2026-09-28T22:49:39+00:00,UAE,Camel Plushie,330,0,stockout,Prometheus,1790635779
2026-09-28T22:34:54+00:00,2026-09-28T22:50:42+00:00,Hawaii,Shark Fin,0,2395,restock,Prometheus,1790635842
2026-09-28T22:34:58+00:00,2026-09-28T22:50:33+00:00,China,Panda Plushie,134,0,stockout,Prometheus,1790635833
2026-09-28T22:50:13+00:00,2026-09-28T23:05:15+00:00,South Africa,Lion Plushie,0,1900,restock,Prometheus,1790636715
2026-09-28T22:50:38+00:00,2026-09-28T23:05:51+00:00,Japan,Xanax,0,938,restock,Prometheus,1790636751
2026-09-28T22:49:39+00:00,2026-09-28T23:05:41+00:00,UAE,Camel Plushie,0,1576,restock,Prometheus,1790636741
2026-09-28T22:50:33+00:00,2026-09-28T23:05:46+00:00,China,Panda Plushie,0,1780,restock,Prometheus,1790636746
2026-09-28T22:50:33+00:00,2026-09-28T23:05:46+00:00,China,Pangolin Scales,1135,0,stockout,Prometheus,1790636746
2026-09-28T23:05:51+00:00,2026-09-28T23:24:12+00:00,Japan,Xanax,938,0,stockout,Prometheus,1790637852
2026-09-28T23:05:28+00:00,2026-09-28T23:24:06+00:00,Hawaii,Shark Fin,324,0,stockout,Prometheus,1790637846
2026-09-28T23:23:56+00:00,2026-09-28T23:41:52+00:00,South Africa,African Violet,641,0,stockout,YATA,1790638912
2026-09-28T23:24:22+00:00,2026-09-28T23:41:58+00:00,China,Panda Plushie,877,0,stockout,Prometheus,1790638918
2026-09-28T23:24:22+00:00,2026-09-28T23:41:58+00:00,China,Pangolin Scales,0,3906,restock,Prometheus,1790638918
2026-09-28T23:41:58+00:00,2026-09-28T23:56:00+00:00,China,Panda Plushie,0,2163,restock,Prometheus,1790639760
2026-09-28T23:54:11+00:00,2026-09-29T00:24:54+00:00,South Africa,Lion Plushie,1186,0,stockout,Prometheus,1790641494
2026-09-28T23:56:00+00:00,2026-09-29T00:24:55+00:00,UAE,Camel Plushie,1662,0,stockout,YATA,1790641495
2026-09-28T23:55:49+00:00,2026-09-29T00:24:49+00:00,Hawaii,Shark Fin,0,1463,restock,Prometheus,1790641489
2026-09-29T00:24:54+00:00,2026-09-29T00:49:01+00:00,South Africa,Smoke Grenade,64,0,stockout,YATA,1790642941
2026-09-29T00:24:54+00:00,2026-09-29T00:49:01+00:00,South Africa,Lion Plushie,0,207,restock,YATA,1790642941
2026-09-29T00:24:54+00:00,2026-09-29T00:49:01+00:00,South Africa,African Violet,0,9928,restock,YATA,1790642941
2026-09-29T00:24:55+00:00,2026-09-29T00:48:44+00:00,UAE,Camel Plushie,0,1151,restock,YATA,1790642924
2026-09-29T00:24:55+00:00,2026-09-29T00:48:44+00:00,UAE,Natural Pearls,99,0,stockout,YATA,1790642924
2026-09-29T00:24:49+00:00,2026-09-29T00:49:02+00:00,Hawaii,Shark Fin,1463,0,stockout,Prometheus,1790642942
2026-09-29T00:24:48+00:00,2026-09-29T00:49:18+00:00,China,Panda Plushie,810,0,stockout,Prometheus,1790642958
2026-09-29T00:24:48+00:00,2026-09-29T00:49:18+00:00,China,Pangolin Scales,2,0,stockout,Prometheus,1790642958
2026-09-29T00:49:01+00:00,2026-09-29T01:04:33+00:00,South Africa,Lion Plushie,207,0,stockout,Prometheus,1790643873
2026-09-29T00:48:44+00:00,2026-09-29T01:05:17+00:00,UAE,Camel Plushie,1151,0,stockout,Prometheus,1790643917
2026-09-29T00:48:44+00:00,2026-09-29T01:05:17+00:00,UAE,Natural Pearls,0,4780,restock,Prometheus,1790643917
2026-09-29T00:49:18+00:00,2026-09-29T01:04:39+00:00,China,Panda Plushie,0,1772,restock,Prometheus,1790643879
2026-09-29T00:49:18+00:00,2026-09-29T01:04:39+00:00,China,Pangolin Scales,0,3935,restock,Prometheus,1790643879
2026-09-29T01:04:33+00:00,2026-09-29T01:24:09+00:00,South Africa,Lion Plushie,0,1045,restock,Prometheus,1790645049
2026-09-29T01:05:24+00:00,2026-09-29T01:24:15+00:00,Japan,Xanax,0,240,restock,Prometheus,1790645055
2026-09-29T01:05:17+00:00,2026-09-29T01:24:07+00:00,UAE,Camel Plushie,0,2103,restock,YATA,1790645047
2026-09-29T01:04:39+00:00,2026-09-29T01:24:24+00:00,China,Peony,102,0,stockout,Prometheus,1790645064
2026-09-29T01:24:09+00:00,2026-09-29T01:41:50+00:00,South Africa,Raw Ivory,0,2047,restock,YATA,1790646110
2026-09-29T01:24:09+00:00,2026-09-29T01:41:50+00:00,South Africa,Lion Plushie,1045,0,stockout,YATA,1790646110
2026-09-29T01:24:15+00:00,2026-09-29T01:42:21+00:00,Japan,Xanax,240,0,stockout,YATA,1790646141
2026-09-29T01:24:01+00:00,2026-09-29T01:42:26+00:00,Hawaii,Shark Fin,0,3562,restock,Prometheus,1790646146
2026-09-29T01:24:24+00:00,2026-09-29T01:41:52+00:00,China,Panda Plushie,781,0,stockout,Prometheus,1790646112
2026-09-29T01:41:50+00:00,2026-09-29T01:56:50+00:00,South Africa,Smoke Grenade,0,2472,restock,Prometheus,1790647010
2026-09-29T01:41:50+00:00,2026-09-29T01:56:50+00:00,South Africa,Lion Plushie,0,2304,restock,Prometheus,1790647010
2026-09-29T01:42:24+00:00,2026-09-29T01:57:23+00:00,UAE,Camel Plushie,696,0,stockout,Prometheus,1790647043
2026-09-29T01:41:52+00:00,2026-09-29T01:57:25+00:00,China,Panda Plushie,0,2042,restock,Prometheus,1790647045
2026-09-29T01:41:52+00:00,2026-09-29T01:57:25+00:00,China,Pangolin Scales,697,0,stockout,Prometheus,1790647045
2026-09-29T01:57:23+00:00,2026-09-29T02:17:08+00:00,UAE,Camel Plushie,0,1875,restock,YATA,1790648228
2026-09-29T01:56:59+00:00,2026-09-29T02:17:47+00:00,Hawaii,Shark Fin,794,0,stockout,YATA,1790648267
2026-09-29T01:57:25+00:00,2026-09-29T02:18:02+00:00,China,Peony,0,9830,restock,Prometheus,1790648282
2026-09-29T02:18:02+00:00,2026-09-29T02:33:31+00:00,China,Panda Plushie,279,0,stockout,Prometheus,1790649211
2026-09-29T02:18:02+00:00,2026-09-29T02:33:31+00:00,China,Pangolin Scales,0,3336,restock,Prometheus,1790649211
2026-09-29T02:33:43+00:00,2026-09-29T02:49:33+00:00,South Africa,Raw Ivory,125,0,stockout,YATA,1790650173
2026-09-29T02:33:43+00:00,2026-09-29T02:49:33+00:00,South Africa,Lion Plushie,488,0,stockout,YATA,1790650173
2026-09-29T02:33:31+00:00,2026-09-29T02:49:43+00:00,China,Panda Plushie,0,2011,restock,YATA,1790650183
2026-09-29T02:49:33+00:00,2026-09-29T03:05:06+00:00,South Africa,Lion Plushie,0,2032,restock,YATA,1790651106
2026-09-29T02:49:09+00:00,2026-09-29T03:04:38+00:00,UAE,Camel Plushie,5,0,stockout,Prometheus,1790651078
2026-09-29T02:49:54+00:00,2026-09-29T03:05:19+00:00,Hawaii,Shark Fin,0,4290,restock,Prometheus,1790651119
2026-09-29T03:26:32+00:00,2026-09-29T03:47:51+00:00,South Africa,Lion Plushie,719,0,stockout,Prometheus,1790653671
2026-09-29T03:26:46+00:00,2026-09-29T03:48:03+00:00,Japan,Xanax,0,490,restock,Prometheus,1790653683
2026-09-29T03:26:33+00:00,2026-09-29T03:48:15+00:00,UAE,Tribulus Omanense,412,0,stockout,Prometheus,1790653695
2026-09-29T03:25:51+00:00,2026-09-29T03:48:13+00:00,Hawaii,Shark Fin,328,0,stockout,Prometheus,1790653693
2026-09-29T03:47:51+00:00,2026-09-29T04:00:52+00:00,South Africa,Lion Plushie,0,1506,restock,Prometheus,1790654452
2026-09-29T03:48:03+00:00,2026-09-29T04:00:41+00:00,Japan,Xanax,490,0,stockout,Prometheus,1790654441
2026-09-29T03:47:24+00:00,2026-09-29T04:00:57+00:00,Canada,Xanax,4,0,stockout,Prometheus,1790654457
2026-09-29T03:48:15+00:00,2026-09-29T04:00:39+00:00,UAE,Camel Plushie,0,1949,restock,YATA,1790654439
2026-09-29T04:00:52+00:00,2026-09-29T04:22:22+00:00,South Africa,Lion Plushie,1506,0,stockout,Prometheus,1790655742
2026-09-29T04:00:39+00:00,2026-09-29T04:22:58+00:00,UAE,Camel Plushie,1949,0,stockout,Prometheus,1790655778
2026-09-29T04:00:39+00:00,2026-09-29T04:22:58+00:00,UAE,Natural Pearls,497,0,stockout,Prometheus,1790655778
2026-09-29T04:22:22+00:00,2026-09-29T04:41:41+00:00,South Africa,Lion Plushie,0,1293,restock,Prometheus,1790656901
2026-09-29T04:22:58+00:00,2026-09-29T04:41:55+00:00,UAE,Camel Plushie,0,1381,restock,Prometheus,1790656915
2026-09-29T04:22:59+00:00,2026-09-29T04:42:10+00:00,Hawaii,Shark Fin,0,1421,restock,Prometheus,1790656930
2026-09-29T04:22:04+00:00,2026-09-29T04:42:34+00:00,China,Panda Plushie,635,0,stockout,Prometheus,1790656954
2026-09-29T04:22:04+00:00,2026-09-29T04:42:34+00:00,China,Pangolin Scales,1144,0,stockout,Prometheus,1790656954
2026-09-29T04:41:41+00:00,2026-09-29T04:56:40+00:00,South Africa,Lion Plushie,1293,0,stockout,Prometheus,1790657800
2026-09-29T04:41:55+00:00,2026-09-29T04:58:09+00:00,UAE,Tribulus Omanense,0,9508,restock,Prometheus,1790657889
2026-09-29T04:41:55+00:00,2026-09-29T04:58:09+00:00,UAE,Camel Plushie,1381,0,stockout,Prometheus,1790657889
2026-09-29T04:41:55+00:00,2026-09-29T04:58:09+00:00,UAE,Natural Pearls,0,4710,restock,Prometheus,1790657889
2026-09-29T04:42:10+00:00,2026-09-29T04:58:11+00:00,Hawaii,Shark Fin,1421,0,stockout,YATA,1790657891
2026-09-29T04:42:34+00:00,2026-09-29T04:58:07+00:00,China,Panda Plushie,0,2153,restock,YATA,1790657887
2026-09-29T04:56:40+00:00,2026-09-29T05:19:48+00:00,South Africa,Lion Plushie,0,1667,restock,Prometheus,1790659188
2026-09-29T04:58:09+00:00,2026-09-29T05:19:51+00:00,UAE,Camel Plushie,0,1943,restock,YATA,1790659191
2026-09-29T04:58:07+00:00,2026-09-29T05:20:10+00:00,China,Pangolin Scales,0,3445,restock,Prometheus,1790659210
2026-09-29T05:38:34+00:00,2026-09-29T05:55:03+00:00,South Africa,Raw Ivory,0,1947,restock,Prometheus,1790661303
2026-09-29T05:38:34+00:00,2026-09-29T05:55:03+00:00,South Africa,Smoke Grenade,38,0,stockout,Prometheus,1790661303
2026-09-29T05:39:03+00:00,2026-09-29T05:55:48+00:00,Japan,Xanax,0,348,restock,Prometheus,1790661348
2026-09-29T05:38:53+00:00,2026-09-29T05:55:03+00:00,UAE,Camel Plushie,779,0,stockout,Prometheus,1790661303
2026-09-29T05:38:12+00:00,2026-09-29T05:55:11+00:00,China,Panda Plushie,151,0,stockout,YATA,1790661311
2026-09-29T05:55:48+00:00,2026-09-29T06:22:13+00:00,Japan,Xanax,348,0,stockout,Prometheus,1790662933
2026-09-29T05:54:51+00:00,2026-09-29T06:22:16+00:00,Canada,Xanax,0,2447,restock,Prometheus,1790662936
2026-09-29T05:55:03+00:00,2026-09-29T06:22:13+00:00,UAE,Camel Plushie,0,1168,restock,Prometheus,1790662933
2026-09-29T05:55:11+00:00,2026-09-29T06:22:18+00:00,China,Panda Plushie,0,1241,restock,Prometheus,1790662938
2026-09-29T05:55:11+00:00,2026-09-29T06:22:18+00:00,China,Pangolin Scales,291,0,stockout,Prometheus,1790662938
2026-09-29T06:22:08+00:00,2026-09-29T06:45:50+00:00,South Africa,Raw Ivory,915,0,stockout,YATA,1790664350
2026-09-29T06:22:08+00:00,2026-09-29T06:45:50+00:00,South Africa,Smoke Grenade,0,2351,restock,YATA,1790664350
2026-09-29T06:22:08+00:00,2026-09-29T06:45:50+00:00,South Africa,Lion Plushie,839,0,stockout,YATA,1790664350
2026-09-29T06:22:08+00:00,2026-09-29T06:45:50+00:00,South Africa,African Violet,107,0,stockout,YATA,1790664350
2026-09-29T06:22:13+00:00,2026-09-29T06:45:57+00:00,UAE,Camel Plushie,1168,0,stockout,Prometheus,1790664357
2026-09-29T06:22:18+00:00,2026-09-29T06:45:35+00:00,China,Pangolin Scales,0,2439,restock,Prometheus,1790664335
2026-09-29T06:45:50+00:00,2026-09-29T07:02:19+00:00,South Africa,Lion Plushie,0,738,restock,Prometheus,1790665339
2026-09-29T06:45:57+00:00,2026-09-29T07:03:03+00:00,UAE,Camel Plushie,0,1775,restock,Prometheus,1790665383
2026-09-29T07:03:03+00:00,2026-09-29T07:25:28+00:00,UAE,Camel Plushie,1775,0,stockout,Prometheus,1790666728
2026-09-29T07:03:07+00:00,2026-09-29T07:25:42+00:00,China,Pangolin Scales,389,0,stockout,Prometheus,1790666742
2026-09-29T07:03:07+00:00,2026-09-29T07:25:42+00:00,China,Peony,315,0,stockout,Prometheus,1790666742
2026-09-29T07:25:09+00:00,2026-09-29T07:46:26+00:00,South Africa,African Violet,0,9748,restock,Prometheus,1790667986
2026-09-29T07:25:28+00:00,2026-09-29T07:46:09+00:00,UAE,Camel Plushie,0,1750,restock,Prometheus,1790667969
2026-09-29T07:25:42+00:00,2026-09-29T07:46:23+00:00,China,Pangolin Scales,0,2956,restock,Prometheus,1790667983
2026-09-29T07:46:26+00:00,2026-09-29T08:01:39+00:00,Japan,Xanax,0,1533,restock,Prometheus,1790668899
2026-09-29T08:01:39+00:00,2026-09-29T08:25:08+00:00,South Africa,Lion Plushie,2315,0,stockout,YATA,1790670308
2026-09-29T08:01:39+00:00,2026-09-29T08:25:21+00:00,Japan,Xanax,1533,0,stockout,Prometheus,1790670321
2026-09-29T08:01:31+00:00,2026-09-29T08:25:28+00:00,China,Pangolin Scales,1112,0,stockout,Prometheus,1790670328
2026-09-29T08:01:31+00:00,2026-09-29T08:25:28+00:00,China,Peony,0,8030,restock,Prometheus,1790670328
2026-09-29T08:25:08+00:00,2026-09-29T08:46:58+00:00,South Africa,Lion Plushie,0,1657,restock,Prometheus,1790671618
2026-09-29T08:24:46+00:00,2026-09-29T08:47:00+00:00,United Kingdom,Xanax,5,0,stockout,YATA,1790671620
2026-09-29T08:25:28+00:00,2026-09-29T08:46:59+00:00,China,Pangolin Scales,0,2783,restock,YATA,1790671619
2026-09-29T08:47:09+00:00,2026-09-29T09:01:42+00:00,UAE,Camel Plushie,409,0,stockout,Prometheus,1790672502
2026-09-29T08:47:09+00:00,2026-09-29T09:01:42+00:00,UAE,Natural Pearls,117,0,stockout,Prometheus,1790672502
2026-09-29T08:46:59+00:00,2026-09-29T09:01:57+00:00,China,Panda Plushie,181,0,stockout,Prometheus,1790672517
2026-09-29T09:01:35+00:00,2026-09-29T09:24:18+00:00,South Africa,Smoke Grenade,30,0,stockout,Prometheus,1790673858
2026-09-29T09:01:42+00:00,2026-09-29T09:25:03+00:00,UAE,Tribulus Omanense,631,0,stockout,Prometheus,1790673903
2026-09-29T09:01:57+00:00,2026-09-29T09:25:12+00:00,China,Panda Plushie,0,443,restock,Prometheus,1790673912
2026-09-29T09:01:57+00:00,2026-09-29T09:25:12+00:00,China,Pangolin Scales,678,0,stockout,Prometheus,1790673912
2026-09-29T09:24:18+00:00,2026-09-29T09:46:28+00:00,South Africa,Raw Ivory,0,1508,restock,Prometheus,1790675188
2026-09-29T09:24:18+00:00,2026-09-29T09:46:28+00:00,South Africa,Lion Plushie,1985,0,stockout,Prometheus,1790675188
2026-09-29T09:25:03+00:00,2026-09-29T09:46:40+00:00,UAE,Camel Plushie,0,963,restock,YATA,1790675200
2026-09-29T09:25:03+00:00,2026-09-29T09:46:40+00:00,UAE,Natural Pearls,0,3986,restock,YATA,1790675200
2026-09-29T09:25:07+00:00,2026-09-29T09:46:53+00:00,Hawaii,Shark Fin,0,844,restock,Prometheus,1790675213
2026-09-29T09:25:12+00:00,2026-09-29T09:46:32+00:00,China,Panda Plushie,443,0,stockout,Prometheus,1790675192
2026-09-29T09:25:12+00:00,2026-09-29T09:46:32+00:00,China,Pangolin Scales,0,3352,restock,Prometheus,1790675192
2026-09-29T09:46:28+00:00,2026-09-29T10:01:14+00:00,South Africa,Smoke Grenade,0,2472,restock,YATA,1790676074
2026-09-29T09:46:28+00:00,2026-09-29T10:01:14+00:00,South Africa,Lion Plushie,0,2136,restock,YATA,1790676074
2026-09-29T09:46:40+00:00,2026-09-29T10:01:17+00:00,UAE,Camel Plushie,963,0,stockout,Prometheus,1790676077
2026-09-29T09:46:53+00:00,2026-09-29T10:01:20+00:00,Hawaii,Shark Fin,844,0,stockout,Prometheus,1790676080
2026-09-29T09:46:32+00:00,2026-09-29T10:00:48+00:00,China,Panda Plushie,0,1640,restock,Prometheus,1790676048
2026-09-29T10:01:14+00:00,2026-09-29T10:23:24+00:00,South Africa,Raw Ivory,584,0,stockout,YATA,1790677404
2026-09-29T10:01:14+00:00,2026-09-29T10:23:24+00:00,South Africa,Lion Plushie,2136,0,stockout,YATA,1790677404
2026-09-29T10:01:17+00:00,2026-09-29T10:23:46+00:00,UAE,Tribulus Omanense,0,9351,restock,Prometheus,1790677426
2026-09-29T10:01:17+00:00,2026-09-29T10:23:46+00:00,UAE,Camel Plushie,0,807,restock,Prometheus,1790677426
2026-09-29T10:00:48+00:00,2026-09-29T10:23:29+00:00,China,Panda Plushie,1640,0,stockout,YATA,1790677409
2026-09-29T10:00:48+00:00,2026-09-29T10:23:29+00:00,China,Pangolin Scales,1500,0,stockout,YATA,1790677409
2026-09-29T10:23:24+00:00,2026-09-29T10:44:25+00:00,South Africa,Lion Plushie,0,1943,restock,YATA,1790678665
2026-09-29T10:23:45+00:00,2026-09-29T10:44:35+00:00,United Kingdom,Xanax,0,2460,restock,Prometheus,1790678675
2026-09-29T10:23:46+00:00,2026-09-29T10:44:52+00:00,UAE,Camel Plushie,807,0,stockout,Prometheus,1790678692
2026-09-29T10:23:29+00:00,2026-09-29T10:44:52+00:00,China,Panda Plushie,0,1928,restock,Prometheus,1790678692
2026-09-29T10:23:29+00:00,2026-09-29T10:44:52+00:00,China,Pangolin Scales,0,3876,restock,Prometheus,1790678692
2026-09-29T10:44:52+00:00,2026-09-29T10:59:34+00:00,UAE,Camel Plushie,0,1439,restock,YATA,1790679574
2026-09-29T10:59:34+00:00,2026-09-29T11:20:52+00:00,UAE,Camel Plushie,1439,0,stockout,Prometheus,1790680852
2026-09-29T10:59:23+00:00,2026-09-29T11:21:05+00:00,China,Panda Plushie,1038,0,stockout,Prometheus,1790680865
2026-09-29T10:59:23+00:00,2026-09-29T11:21:05+00:00,China,Pangolin Scales,2004,0,stockout,Prometheus,1790680865
2026-09-29T10:59:23+00:00,2026-09-29T11:21:05+00:00,China,Peony,218,0,stockout,Prometheus,1790680865
2026-09-29T11:20:52+00:00,2026-09-29T11:39:57+00:00,UAE,Camel Plushie,0,1242,restock,Prometheus,1790681997
2026-09-29T11:20:52+00:00,2026-09-29T11:39:57+00:00,UAE,Natural Pearls,449,0,stockout,Prometheus,1790681997
2026-09-29T11:21:05+00:00,2026-09-29T11:39:58+00:00,China,Panda Plushie,0,1238,restock,Prometheus,1790681998
2026-09-29T11:39:24+00:00,2026-09-29T11:56:44+00:00,South Africa,Lion Plushie,921,0,stockout,Prometheus,1790683004
2026-09-29T11:39:24+00:00,2026-09-29T11:56:44+00:00,South Africa,African Violet,226,0,stockout,Prometheus,1790683004
2026-09-29T11:39:57+00:00,2026-09-29T11:56:38+00:00,UAE,Camel Plushie,1242,0,stockout,Prometheus,1790682998
2026-09-29T11:39:58+00:00,2026-09-29T11:56:55+00:00,China,Panda Plushie,1238,0,stockout,YATA,1790683015
2026-09-29T11:39:58+00:00,2026-09-29T11:56:55+00:00,China,Pangolin Scales,0,2751,restock,YATA,1790683015
2026-09-29T11:56:44+00:00,2026-09-29T12:25:08+00:00,South Africa,Smoke Grenade,184,0,stockout,Prometheus,1790684708
2026-09-29T11:56:38+00:00,2026-09-29T12:25:03+00:00,UAE,Camel Plushie,0,768,restock,Prometheus,1790684703
2026-09-29T11:56:38+00:00,2026-09-29T12:25:03+00:00,UAE,Natural Pearls,0,4032,restock,Prometheus,1790684703
2026-09-29T11:56:55+00:00,2026-09-29T12:25:10+00:00,China,Panda Plushie,0,215,restock,Prometheus,1790684710
2026-09-29T11:56:55+00:00,2026-09-29T12:25:10+00:00,China,Pangolin Scales,2751,0,stockout,Prometheus,1790684710
2026-09-29T11:56:55+00:00,2026-09-29T12:25:10+00:00,China,Peony,0,9404,restock,Prometheus,1790684710
2026-09-29T12:25:08+00:00,2026-09-29T12:50:37+00:00,South Africa,Lion Plushie,0,597,restock,Prometheus,1790686237
2026-09-29T12:25:03+00:00,2026-09-29T12:50:24+00:00,UAE,Camel Plushie,768,0,stockout,Prometheus,1790686224
2026-09-29T12:25:10+00:00,2026-09-29T12:50:29+00:00,China,Pangolin Scales,0,3410,restock,Prometheus,1790686229
2026-09-29T12:50:37+00:00,2026-09-29T13:09:18+00:00,South Africa,Raw Ivory,0,2355,restock,Prometheus,1790687358
2026-09-29T12:50:37+00:00,2026-09-29T13:09:18+00:00,South Africa,Smoke Grenade,0,2374,restock,Prometheus,1790687358
2026-09-29T12:50:37+00:00,2026-09-29T13:09:18+00:00,South Africa,Lion Plushie,597,0,stockout,Prometheus,1790687358
2026-09-29T12:25:08+00:00,2026-09-29T12:50:37+00:00,South Africa,African Violet,0,9970,restock,Prometheus,1790686237
2026-09-29T12:50:24+00:00,2026-09-29T13:09:22+00:00,UAE,Camel Plushie,0,1084,restock,Prometheus,1790687362
2026-09-29T13:09:18+00:00,2026-09-29T13:33:40+00:00,South Africa,Lion Plushie,0,788,restock,Prometheus,1790688820
2026-09-29T13:09:22+00:00,2026-09-29T13:33:48+00:00,UAE,Camel Plushie,1084,0,stockout,Prometheus,1790688828
2026-09-29T13:09:25+00:00,2026-09-29T13:33:36+00:00,China,Pangolin Scales,1111,0,stockout,Prometheus,1790688816
2026-09-29T13:33:40+00:00,2026-09-29T13:53:17+00:00,South Africa,Lion Plushie,788,0,stockout,Prometheus,1790689997
2026-09-29T13:33:48+00:00,2026-09-29T13:53:35+00:00,UAE,Camel Plushie,0,777,restock,Prometheus,1790690015
2026-09-29T13:33:36+00:00,2026-09-29T13:53:25+00:00,China,Pangolin Scales,0,3415,restock,Prometheus,1790690005
2026-09-29T13:53:17+00:00,2026-09-29T14:13:24+00:00,South Africa,Raw Ivory,465,0,stockout,Prometheus,1790691204
2026-09-29T13:53:17+00:00,2026-09-29T14:13:24+00:00,South Africa,Lion Plushie,0,1526,restock,Prometheus,1790691204
2026-09-29T13:53:35+00:00,2026-09-29T14:14:24+00:00,UAE,Tribulus Omanense,178,0,stockout,Prometheus,1790691264
2026-09-29T13:53:35+00:00,2026-09-29T14:14:24+00:00,UAE,Camel Plushie,777,0,stockout,Prometheus,1790691264
2026-09-29T13:53:35+00:00,2026-09-29T14:14:24+00:00,UAE,Natural Pearls,747,0,stockout,Prometheus,1790691264
2026-09-29T13:53:25+00:00,2026-09-29T14:14:13+00:00,China,Panda Plushie,505,0,stockout,Prometheus,1790691253
2026-09-29T13:53:25+00:00,2026-09-29T14:14:13+00:00,China,Pangolin Scales,3415,0,stockout,Prometheus,1790691253
2026-09-29T14:13:24+00:00,2026-09-29T14:35:42+00:00,South Africa,Lion Plushie,1526,0,stockout,Prometheus,1790692542
2026-09-29T14:14:13+00:00,2026-09-29T14:35:50+00:00,China,Panda Plushie,0,580,restock,Prometheus,1790692550
2026-09-29T14:35:42+00:00,2026-09-29T14:54:36+00:00,South Africa,Lion Plushie,0,1645,restock,Prometheus,1790693676
2026-09-29T14:35:51+00:00,2026-09-29T14:55:42+00:00,Canada,Xanax,155,0,stockout,Prometheus,1790693742
2026-09-29T14:35:34+00:00,2026-09-29T14:55:41+00:00,UAE,Camel Plushie,0,545,restock,Prometheus,1790693741
2026-09-29T14:35:34+00:00,2026-09-29T14:55:41+00:00,UAE,Natural Pearls,0,4266,restock,Prometheus,1790693741
2026-09-29T14:35:50+00:00,2026-09-29T14:55:38+00:00,China,Panda Plushie,580,0,stockout,Prometheus,1790693738
2026-09-29T14:35:50+00:00,2026-09-29T14:55:38+00:00,China,Pangolin Scales,0,1901,restock,Prometheus,1790693738
2026-09-29T14:54:36+00:00,2026-09-29T15:19:25+00:00,South Africa,Lion Plushie,1645,0,stockout,Prometheus,1790695165
2026-09-29T14:55:41+00:00,2026-09-29T15:19:06+00:00,UAE,Tribulus Omanense,0,8503,restock,Prometheus,1790695146
2026-09-29T14:55:38+00:00,2026-09-29T15:19:28+00:00,China,Pangolin Scales,1901,0,stockout,Prometheus,1790695168
2026-09-29T14:55:38+00:00,2026-09-29T15:19:28+00:00,China,Peony,335,0,stockout,Prometheus,1790695168
2026-09-29T15:19:25+00:00,2026-09-29T15:39:41+00:00,South Africa,Lion Plushie,0,1059,restock,Prometheus,1790696381
2026-09-29T15:19:06+00:00,2026-09-29T15:39:27+00:00,UAE,Camel Plushie,2169,0,stockout,Prometheus,1790696367
2026-09-29T15:19:28+00:00,2026-09-29T15:39:43+00:00,China,Panda Plushie,0,1374,restock,Prometheus,1790696383
2026-09-29T15:39:41+00:00,2026-09-29T15:57:32+00:00,South Africa,Lion Plushie,1059,0,stockout,Prometheus,1790697452
2026-09-29T15:39:27+00:00,2026-09-29T15:58:19+00:00,UAE,Camel Plushie,0,1707,restock,Prometheus,1790697499
2026-09-29T15:39:43+00:00,2026-09-29T15:58:27+00:00,China,Panda Plushie,1374,0,stockout,Prometheus,1790697507
2026-09-29T15:39:43+00:00,2026-09-29T15:58:27+00:00,China,Pangolin Scales,0,1319,restock,Prometheus,1790697507
2026-09-29T15:57:32+00:00,2026-09-29T16:23:03+00:00,South Africa,Smoke Grenade,111,0,stockout,YATA,1790698983
2026-09-29T15:57:32+00:00,2026-09-29T16:23:03+00:00,South Africa,Lion Plushie,0,837,restock,YATA,1790698983
2026-09-29T15:58:19+00:00,2026-09-29T16:23:24+00:00,UAE,Camel Plushie,1707,0,stockout,Prometheus,1790699004
2026-09-29T15:58:27+00:00,2026-09-29T16:23:21+00:00,China,Panda Plushie,0,308,restock,Prometheus,1790699001
2026-09-29T15:58:27+00:00,2026-09-29T16:23:21+00:00,China,Pangolin Scales,1319,0,stockout,Prometheus,1790699001
2026-09-29T15:58:27+00:00,2026-09-29T16:23:21+00:00,China,Peony,0,9285,restock,Prometheus,1790699001
2026-09-29T16:23:03+00:00,2026-09-29T16:44:57+00:00,South Africa,Xanax,63,0,stockout,Prometheus,1790700297
2026-09-29T16:23:03+00:00,2026-09-29T16:44:57+00:00,South Africa,Lion Plushie,837,0,stockout,Prometheus,1790700297
2026-09-29T16:23:24+00:00,2026-09-29T16:44:45+00:00,UAE,Camel Plushie,0,1050,restock,Prometheus,1790700285
2026-09-29T16:23:21+00:00,2026-09-29T16:45:03+00:00,China,Pangolin Scales,0,3273,restock,Prometheus,1790700303
2026-09-29T16:44:57+00:00,2026-09-29T17:00:18+00:00,South Africa,Smoke Grenade,0,2429,restock,Prometheus,1790701218
2026-09-29T16:44:57+00:00,2026-09-29T17:00:18+00:00,South Africa,Lion Plushie,0,881,restock,Prometheus,1790701218
2026-09-29T16:44:45+00:00,2026-09-29T17:00:19+00:00,UAE,Camel Plushie,1050,0,stockout,Prometheus,1790701219
2026-09-29T17:00:18+00:00,2026-09-29T17:21:40+00:00,South Africa,Raw Ivory,0,2127,restock,Prometheus,1790702500
2026-09-29T17:00:18+00:00,2026-09-29T17:21:40+00:00,South Africa,Lion Plushie,881,0,stockout,Prometheus,1790702500
2026-09-29T17:00:18+00:00,2026-09-29T17:21:40+00:00,South Africa,African Violet,441,0,stockout,Prometheus,1790702500
2026-09-29T16:45:01+00:00,2026-09-29T17:00:21+00:00,Canada,Xanax,0,2500,restock,Prometheus,1790701221
2026-09-29T17:00:19+00:00,2026-09-29T17:21:24+00:00,UAE,Camel Plushie,0,1591,restock,YATA,1790702484
2026-09-29T16:59:55+00:00,2026-09-29T17:21:34+00:00,Hawaii,Shark Fin,0,1619,restock,Prometheus,1790702494
2026-09-29T17:00:13+00:00,2026-09-29T17:21:43+00:00,China,Panda Plushie,717,0,stockout,Prometheus,1790702503
2026-09-29T17:00:13+00:00,2026-09-29T17:21:43+00:00,China,Pangolin Scales,1349,0,stockout,Prometheus,1790702503
2026-09-29T17:21:40+00:00,2026-09-29T17:41:01+00:00,South Africa,Lion Plushie,0,756,restock,Prometheus,1790703661
2026-09-29T17:21:24+00:00,2026-09-29T17:39:57+00:00,UAE,Natural Pearls,350,0,stockout,YATA,1790703597
2026-09-29T17:21:34+00:00,2026-09-29T17:41:01+00:00,Hawaii,Shark Fin,1619,0,stockout,Prometheus,1790703661
2026-09-29T17:21:43+00:00,2026-09-29T17:40:57+00:00,China,Panda Plushie,0,949,restock,Prometheus,1790703657
2026-09-29T17:41:01+00:00,2026-09-29T17:56:23+00:00,South Africa,Lion Plushie,756,0,stockout,Prometheus,1790704583
2026-09-29T17:40:57+00:00,2026-09-29T17:58:30+00:00,China,Panda Plushie,949,0,stockout,Prometheus,1790704710
2026-09-29T17:40:57+00:00,2026-09-29T17:58:30+00:00,China,Pangolin Scales,0,2380,restock,Prometheus,1790704710
2026-09-29T17:56:23+00:00,2026-09-29T18:24:38+00:00,South Africa,Raw Ivory,444,0,stockout,YATA,1790706278
2026-09-29T17:56:23+00:00,2026-09-29T18:24:38+00:00,South Africa,Lion Plushie,0,1148,restock,YATA,1790706278
2026-09-29T17:56:23+00:00,2026-09-29T18:24:38+00:00,South Africa,African Violet,0,9844,restock,YATA,1790706278
2026-09-29T17:57:40+00:00,2026-09-29T18:24:57+00:00,UAE,Camel Plushie,2394,0,stockout,Prometheus,1790706297
2026-09-29T17:57:40+00:00,2026-09-29T18:24:57+00:00,UAE,Natural Pearls,0,4385,restock,Prometheus,1790706297
2026-09-29T17:58:28+00:00,2026-09-29T18:25:30+00:00,Hawaii,Shark Fin,0,3255,restock,Prometheus,1790706330
2026-09-29T17:58:30+00:00,2026-09-29T18:25:32+00:00,China,Panda Plushie,0,1043,restock,Prometheus,1790706332
2026-09-29T17:58:30+00:00,2026-09-29T18:25:32+00:00,China,Pangolin Scales,2380,0,stockout,Prometheus,1790706332
2026-09-29T18:24:38+00:00,2026-09-29T18:47:50+00:00,South Africa,Xanax,0,2442,restock,Prometheus,1790707670
2026-09-29T18:24:38+00:00,2026-09-29T18:47:50+00:00,South Africa,Lion Plushie,1148,0,stockout,Prometheus,1790707670
2026-09-29T18:24:57+00:00,2026-09-29T18:48:12+00:00,UAE,Camel Plushie,0,1479,restock,Prometheus,1790707692
2026-09-29T18:25:30+00:00,2026-09-29T18:48:04+00:00,Hawaii,Shark Fin,3255,0,stockout,YATA,1790707684
2026-09-29T18:25:32+00:00,2026-09-29T18:47:58+00:00,China,Panda Plushie,1043,0,stockout,Prometheus,1790707678
2026-09-29T18:25:32+00:00,2026-09-29T18:47:58+00:00,China,Pangolin Scales,0,4449,restock,Prometheus,1790707678
2026-09-29T18:47:50+00:00,2026-09-29T19:02:33+00:00,South Africa,Lion Plushie,0,2112,restock,Prometheus,1790708553
2026-09-29T18:47:58+00:00,2026-09-29T19:02:53+00:00,China,Panda Plushie,0,1701,restock,Prometheus,1790708573
2026-09-29T19:02:45+00:00,2026-09-29T19:24:30+00:00,UAE,Tribulus Omanense,36,0,stockout,Prometheus,1790709870
2026-09-29T19:02:53+00:00,2026-09-29T19:23:52+00:00,China,Peony,201,0,stockout,YATA,1790709832
2026-09-29T19:43:57+00:00,2026-09-29T19:58:45+00:00,South Africa,Smoke Grenade,158,0,stockout,Prometheus,1790711925
2026-09-29T19:23:52+00:00,2026-09-29T19:43:52+00:00,China,Pangolin Scales,916,0,stockout,Prometheus,1790711032
2026-09-29T19:58:45+00:00,2026-09-29T20:22:05+00:00,South Africa,Lion Plushie,1869,0,stockout,Prometheus,1790713325
2026-09-29T19:59:14+00:00,2026-09-29T20:22:02+00:00,UAE,Tribulus Omanense,0,9530,restock,Prometheus,1790713322
2026-09-29T19:59:02+00:00,2026-09-29T20:22:06+00:00,China,Pangolin Scales,0,2725,restock,Prometheus,1790713326
2026-09-29T19:59:02+00:00,2026-09-29T20:22:06+00:00,China,Peony,0,9380,restock,Prometheus,1790713326
2026-09-29T20:22:05+00:00,2026-09-29T20:40:28+00:00,South Africa,Lion Plushie,0,2101,restock,Prometheus,1790714428
2026-09-29T20:22:04+00:00,2026-09-29T20:41:20+00:00,Japan,Xanax,0,934,restock,Prometheus,1790714480
2026-09-29T20:22:02+00:00,2026-09-29T20:41:01+00:00,UAE,Camel Plushie,225,0,stockout,Prometheus,1790714461
2026-09-29T20:40:28+00:00,2026-09-29T20:55:39+00:00,South Africa,Smoke Grenade,0,2500,restock,YATA,1790715339
2026-09-29T20:41:20+00:00,2026-09-29T20:56:54+00:00,Japan,Xanax,934,0,stockout,Prometheus,1790715414
2026-09-29T20:41:01+00:00,2026-09-29T20:56:05+00:00,UAE,Camel Plushie,0,1213,restock,Prometheus,1790715365
2026-09-29T20:41:01+00:00,2026-09-29T20:56:05+00:00,UAE,Natural Pearls,270,0,stockout,Prometheus,1790715365
2026-09-29T20:41:27+00:00,2026-09-29T20:56:43+00:00,Hawaii,Shark Fin,0,1680,restock,Prometheus,1790715403
2026-09-29T20:41:30+00:00,2026-09-29T20:56:56+00:00,China,Pangolin Scales,663,0,stockout,Prometheus,1790715416
2026-09-29T20:55:39+00:00,2026-09-29T21:17:51+00:00,South Africa,Lion Plushie,563,0,stockout,YATA,1790716671
2026-09-29T20:56:05+00:00,2026-09-29T21:18:08+00:00,UAE,Camel Plushie,1213,0,stockout,Prometheus,1790716688
2026-09-29T20:56:43+00:00,2026-09-29T21:18:08+00:00,Hawaii,Shark Fin,1680,0,stockout,Prometheus,1790716688
2026-09-29T21:17:51+00:00,2026-09-29T21:35:09+00:00,South Africa,Raw Ivory,0,1966,restock,Prometheus,1790717709
2026-09-29T21:17:51+00:00,2026-09-29T21:35:09+00:00,South Africa,Lion Plushie,0,1671,restock,Prometheus,1790717709
2026-09-29T21:18:08+00:00,2026-09-29T21:33:32+00:00,UAE,Camel Plushie,0,1271,restock,Prometheus,1790717612
2026-09-29T21:18:08+00:00,2026-09-29T21:33:32+00:00,UAE,Natural Pearls,0,4686,restock,Prometheus,1790717612
2026-09-29T21:18:07+00:00,2026-09-29T21:35:45+00:00,Switzerland,Neumune Tablet,0,2,restock,Prometheus,1790717745
2026-09-29T21:17:38+00:00,2026-09-29T21:35:47+00:00,China,Pangolin Scales,0,3144,restock,Prometheus,1790717747
2026-09-29T21:33:32+00:00,2026-09-29T21:51:54+00:00,UAE,Camel Plushie,1271,0,stockout,Prometheus,1790718714
2026-09-29T21:35:45+00:00,2026-09-29T21:51:58+00:00,Switzerland,Neumune Tablet,2,0,stockout,Prometheus,1790718718
2026-09-29T21:51:34+00:00,2026-09-29T22:09:30+00:00,South Africa,Lion Plushie,742,0,stockout,YATA,1790719770
2026-09-29T21:51:54+00:00,2026-09-29T22:09:13+00:00,UAE,Camel Plushie,0,2121,restock,Prometheus,1790719753
2026-09-29T21:52:17+00:00,2026-09-29T22:09:20+00:00,Hawaii,Shark Fin,0,4226,restock,YATA,1790719760
2026-09-29T21:52:06+00:00,2026-09-29T22:09:30+00:00,China,Pangolin Scales,1260,0,stockout,YATA,1790719770
2026-09-29T22:09:30+00:00,2026-09-29T22:29:09+00:00,South Africa,Lion Plushie,0,1534,restock,Prometheus,1790720949
2026-09-29T22:09:19+00:00,2026-09-29T22:27:46+00:00,Canada,Xanax,48,0,stockout,Prometheus,1790720866
2026-09-29T22:09:20+00:00,2026-09-29T22:28:54+00:00,Hawaii,Shark Fin,4226,0,stockout,Prometheus,1790720934
2026-09-29T22:29:09+00:00,2026-09-29T22:45:53+00:00,South Africa,Raw Ivory,173,0,stockout,YATA,1790721953
2026-09-29T22:28:21+00:00,2026-09-29T22:45:41+00:00,UAE,Camel Plushie,732,0,stockout,Prometheus,1790721941
2026-09-29T22:28:57+00:00,2026-09-29T22:45:45+00:00,China,Pangolin Scales,0,3961,restock,YATA,1790721945
2026-09-29T22:45:53+00:00,2026-09-29T22:58:35+00:00,South Africa,Lion Plushie,603,0,stockout,YATA,1790722715
2026-09-29T22:45:41+00:00,2026-09-29T22:57:50+00:00,UAE,Camel Plushie,0,2007,restock,Prometheus,1790722670
2026-09-29T22:58:35+00:00,2026-09-29T23:18:28+00:00,South Africa,Lion Plushie,0,1889,restock,Prometheus,1790723908
2026-09-29T22:58:48+00:00,2026-09-29T23:17:41+00:00,China,Panda Plushie,485,0,stockout,Prometheus,1790723861
2026-09-29T23:17:55+00:00,2026-09-29T23:33:20+00:00,UAE,Camel Plushie,467,0,stockout,Prometheus,1790724800
2026-09-29T23:18:33+00:00,2026-09-29T23:33:38+00:00,Hawaii,Shark Fin,0,2879,restock,Prometheus,1790724818
2026-09-29T23:17:41+00:00,2026-09-29T23:33:18+00:00,China,Panda Plushie,0,2121,restock,YATA,1790724798
2026-09-29T23:33:34+00:00,2026-09-29T23:48:31+00:00,South Africa,Smoke Grenade,925,0,stockout,YATA,1790725711
2026-09-29T23:33:20+00:00,2026-09-29T23:48:23+00:00,UAE,Camel Plushie,0,1698,restock,Prometheus,1790725703
2026-09-29T23:33:18+00:00,2026-09-29T23:48:51+00:00,China,Pangolin Scales,145,0,stockout,Prometheus,1790725731
2026-09-29T23:48:31+00:00,2026-09-30T00:03:13+00:00,South Africa,Smoke Grenade,0,506,restock,YATA,1790726593
2026-09-29T23:48:31+00:00,2026-09-30T00:03:13+00:00,South Africa,African Violet,6666,0,stockout,YATA,1790726593
2026-09-29T23:48:53+00:00,2026-09-30T00:03:14+00:00,Hawaii,Shark Fin,466,0,stockout,YATA,1790726594
2026-09-30T00:03:27+00:00,2026-09-30T00:31:52+00:00,China,Panda Plushie,729,0,stockout,Prometheus,1790728312
2026-09-30T00:03:27+00:00,2026-09-30T00:31:52+00:00,China,Pangolin Scales,0,2095,restock,Prometheus,1790728312
2026-09-30T00:32:25+00:00,2026-09-30T00:55:43+00:00,South Africa,Smoke Grenade,196,0,stockout,Prometheus,1790729743
2026-09-30T00:32:25+00:00,2026-09-30T00:55:43+00:00,South Africa,Lion Plushie,281,0,stockout,Prometheus,1790729743
2026-09-30T00:32:25+00:00,2026-09-30T00:55:43+00:00,South Africa,African Violet,0,9921,restock,Prometheus,1790729743
2026-09-30T00:03:30+00:00,2026-09-30T00:32:18+00:00,Canada,Xanax,0,2475,restock,Prometheus,1790728338
2026-09-30T00:32:27+00:00,2026-09-30T00:56:06+00:00,Hawaii,Shark Fin,0,3577,restock,Prometheus,1790729766
2026-09-30T00:31:52+00:00,2026-09-30T00:56:03+00:00,China,Panda Plushie,0,1576,restock,Prometheus,1790729763
2026-09-30T00:55:43+00:00,2026-09-30T01:16:56+00:00,South Africa,Lion Plushie,0,559,restock,YATA,1790731016
2026-09-30T00:56:04+00:00,2026-09-30T01:18:30+00:00,Japan,Xanax,0,324,restock,YATA,1790731110
2026-09-30T00:56:02+00:00,2026-09-30T01:18:35+00:00,UAE,Camel Plushie,865,0,stockout,Prometheus,1790731115
2026-09-30T00:56:02+00:00,2026-09-30T01:18:35+00:00,UAE,Natural Pearls,273,0,stockout,Prometheus,1790731115
2026-09-30T00:56:06+00:00,2026-09-30T01:16:39+00:00,Hawaii,Shark Fin,3577,0,stockout,Prometheus,1790730999
2026-09-30T00:56:03+00:00,2026-09-30T01:18:32+00:00,China,Pangolin Scales,252,0,stockout,Prometheus,1790731112
2026-09-30T00:56:03+00:00,2026-09-30T01:18:32+00:00,China,Peony,687,0,stockout,Prometheus,1790731112
2026-09-30T01:16:56+00:00,2026-09-30T01:35:37+00:00,South Africa,Lion Plushie,559,0,stockout,Prometheus,1790732137
2026-09-30T01:18:30+00:00,2026-09-30T01:34:05+00:00,Japan,Xanax,324,0,stockout,YATA,1790732045
2026-09-30T01:18:35+00:00,2026-09-30T01:35:23+00:00,UAE,Camel Plushie,0,1520,restock,Prometheus,1790732123
2026-09-30T01:18:32+00:00,2026-09-30T01:35:55+00:00,China,Panda Plushie,335,0,stockout,Prometheus,1790732155
2026-09-30T01:18:32+00:00,2026-09-30T01:35:55+00:00,China,Pangolin Scales,0,3667,restock,Prometheus,1790732155
2026-09-30T01:35:37+00:00,2026-09-30T01:52:57+00:00,South Africa,Raw Ivory,0,2344,restock,Prometheus,1790733177
2026-09-30T01:35:37+00:00,2026-09-30T01:52:57+00:00,South Africa,Smoke Grenade,0,2414,restock,Prometheus,1790733177
2026-09-30T01:35:37+00:00,2026-09-30T01:52:57+00:00,South Africa,Lion Plushie,0,1700,restock,Prometheus,1790733177
2026-09-30T01:35:23+00:00,2026-09-30T01:52:49+00:00,UAE,Natural Pearls,0,4930,restock,Prometheus,1790733169
2026-09-30T01:35:17+00:00,2026-09-30T01:49:55+00:00,Switzerland,Neumune Tablet,0,3,restock,Prometheus,1790732995
2026-09-30T01:35:55+00:00,2026-09-30T01:52:55+00:00,China,Panda Plushie,0,1642,restock,YATA,1790733175
2026-09-30T01:52:49+00:00,2026-09-30T02:10:52+00:00,UAE,Tribulus Omanense,206,0,stockout,Prometheus,1790734252
2026-09-30T01:52:49+00:00,2026-09-30T02:10:52+00:00,UAE,Camel Plushie,93,0,stockout,Prometheus,1790734252
2026-09-30T01:49:55+00:00,2026-09-30T02:10:49+00:00,Switzerland,Neumune Tablet,3,0,stockout,Prometheus,1790734249
2026-09-30T02:10:34+00:00,2026-09-30T02:28:16+00:00,South Africa,Lion Plushie,675,0,stockout,Prometheus,1790735296
2026-09-30T02:10:52+00:00,2026-09-30T02:30:28+00:00,UAE,Camel Plushie,0,1022,restock,Prometheus,1790735428
2026-09-30T02:10:51+00:00,2026-09-30T02:30:28+00:00,Hawaii,Shark Fin,0,1490,restock,YATA,1790735428
2026-09-30T02:10:38+00:00,2026-09-30T02:30:03+00:00,China,Panda Plushie,643,0,stockout,Prometheus,1790735403
2026-09-30T02:10:38+00:00,2026-09-30T02:30:03+00:00,China,Pangolin Scales,383,0,stockout,Prometheus,1790735403
2026-09-30T02:10:38+00:00,2026-09-30T02:30:03+00:00,China,Peony,0,9256,restock,Prometheus,1790735403
2026-09-30T02:28:16+00:00,2026-09-30T02:47:15+00:00,South Africa,Lion Plushie,0,2073,restock,YATA,1790736435
2026-09-30T02:30:28+00:00,2026-09-30T02:48:32+00:00,UAE,Camel Plushie,1022,0,stockout,Prometheus,1790736512
2026-09-30T02:30:28+00:00,2026-09-30T02:48:44+00:00,Hawaii,Shark Fin,1490,0,stockout,YATA,1790736524
2026-09-30T02:30:03+00:00,2026-09-30T02:48:14+00:00,China,Panda Plushie,0,1977,restock,YATA,1790736494
2026-09-30T02:30:03+00:00,2026-09-30T02:48:14+00:00,China,Pangolin Scales,0,4793,restock,YATA,1790736494
2026-09-30T02:47:15+00:00,2026-09-30T03:02:43+00:00,South Africa,Raw Ivory,312,0,stockout,Prometheus,1790737363
2026-09-30T02:48:32+00:00,2026-09-30T03:03:20+00:00,UAE,Tribulus Omanense,0,9835,restock,Prometheus,1790737400
2026-09-30T02:48:32+00:00,2026-09-30T03:03:20+00:00,UAE,Camel Plushie,0,2169,restock,Prometheus,1790737400
2026-09-30T03:24:08+00:00,2026-09-30T03:45:46+00:00,UAE,Camel Plushie,559,0,stockout,Prometheus,1790739946
2026-09-30T03:24:41+00:00,2026-09-30T03:46:01+00:00,Hawaii,Shark Fin,0,2316,restock,YATA,1790739961
2026-09-30T03:24:48+00:00,2026-09-30T03:46:08+00:00,China,Panda Plushie,486,0,stockout,Prometheus,1790739968
2026-09-30T03:24:48+00:00,2026-09-30T03:46:08+00:00,China,Pangolin Scales,998,0,stockout,Prometheus,1790739968
2026-09-30T03:45:46+00:00,2026-09-30T04:00:28+00:00,UAE,Camel Plushie,0,1559,restock,YATA,1790740828
2026-09-30T03:46:08+00:00,2026-09-30T04:00:46+00:00,China,Panda Plushie,0,1572,restock,Prometheus,1790740846
2026-09-30T04:00:28+00:00,2026-09-30T04:24:00+00:00,UAE,Camel Plushie,1559,0,stockout,Prometheus,1790742240
2026-09-30T04:00:28+00:00,2026-09-30T04:23:23+00:00,Hawaii,Shark Fin,680,0,stockout,Prometheus,1790742203
2026-09-30T04:00:46+00:00,2026-09-30T04:24:08+00:00,China,Pangolin Scales,0,2994,restock,Prometheus,1790742248
2026-09-30T04:24:00+00:00,2026-09-30T04:44:42+00:00,UAE,Camel Plushie,0,1849,restock,Prometheus,1790743482
2026-09-30T04:24:08+00:00,2026-09-30T04:44:35+00:00,China,Panda Plushie,322,0,stockout,Prometheus,1790743475
2026-09-30T04:44:37+00:00,2026-09-30T04:59:49+00:00,South Africa,Lion Plushie,310,0,stockout,Prometheus,1790744389
2026-09-30T04:44:31+00:00,2026-09-30T04:59:06+00:00,Japan,Xanax,0,1612,restock,YATA,1790744346
2026-09-30T04:44:35+00:00,2026-09-30T04:59:53+00:00,China,Panda Plushie,0,1816,restock,Prometheus,1790744393
2026-09-30T04:44:35+00:00,2026-09-30T04:59:53+00:00,China,Pangolin Scales,1364,0,stockout,Prometheus,1790744393
2026-09-30T04:59:49+00:00,2026-09-30T05:22:44+00:00,South Africa,Lion Plushie,0,551,restock,Prometheus,1790745764
2026-09-30T04:59:06+00:00,2026-09-30T05:21:52+00:00,Japan,Xanax,1612,0,stockout,Prometheus,1790745712
2026-09-30T04:59:11+00:00,2026-09-30T05:22:40+00:00,UAE,Camel Plushie,949,0,stockout,Prometheus,1790745760
2026-09-30T04:59:59+00:00,2026-09-30T05:21:55+00:00,Hawaii,Shark Fin,0,512,restock,Prometheus,1790745715
2026-09-30T05:22:44+00:00,2026-09-30T05:42:04+00:00,South Africa,Smoke Grenade,139,0,stockout,Prometheus,1790746924
2026-09-30T05:22:44+00:00,2026-09-30T05:42:04+00:00,South Africa,Lion Plushie,551,0,stockout,Prometheus,1790746924
2026-09-30T05:22:40+00:00,2026-09-30T05:41:50+00:00,UAE,Camel Plushie,0,1350,restock,Prometheus,1790746910
2026-09-30T05:21:55+00:00,2026-09-30T05:41:12+00:00,Hawaii,Shark Fin,512,0,stockout,Prometheus,1790746872
2026-09-30T05:22:35+00:00,2026-09-30T05:41:55+00:00,China,Panda Plushie,708,0,stockout,Prometheus,1790746915
2026-09-30T05:22:35+00:00,2026-09-30T05:41:55+00:00,China,Pangolin Scales,0,3848,restock,Prometheus,1790746915
2026-09-30T05:42:04+00:00,2026-09-30T05:57:44+00:00,South Africa,Lion Plushie,0,1577,restock,Prometheus,1790747864
2026-09-30T05:41:58+00:00,2026-09-30T05:58:02+00:00,Japan,Xanax,0,529,restock,Prometheus,1790747882
2026-09-30T05:41:55+00:00,2026-09-30T05:57:55+00:00,China,Panda Plushie,0,1963,restock,Prometheus,1790747875
2026-09-30T05:57:44+00:00,2026-09-30T06:24:46+00:00,South Africa,Raw Ivory,0,1658,restock,YATA,1790749486
2026-09-30T05:57:44+00:00,2026-09-30T06:24:46+00:00,South Africa,Lion Plushie,1577,0,stockout,YATA,1790749486
2026-09-30T05:58:02+00:00,2026-09-30T06:25:47+00:00,Japan,Xanax,529,0,stockout,Prometheus,1790749547
2026-09-30T05:57:38+00:00,2026-09-30T06:25:32+00:00,Canada,Xanax,126,0,stockout,Prometheus,1790749532
2026-09-30T05:57:36+00:00,2026-09-30T06:25:42+00:00,UAE,Natural Pearls,419,0,stockout,YATA,1790749542
2026-09-30T06:24:46+00:00,2026-09-30T06:50:51+00:00,South Africa,Smoke Grenade,0,2424,restock,Prometheus,1790751051
2026-09-30T06:24:46+00:00,2026-09-30T06:50:51+00:00,South Africa,Lion Plushie,0,1457,restock,Prometheus,1790751051
2026-09-30T06:25:42+00:00,2026-09-30T06:49:46+00:00,UAE,Camel Plushie,2070,0,stockout,YATA,1790750986
2026-09-30T06:25:42+00:00,2026-09-30T06:49:46+00:00,UAE,Natural Pearls,0,4759,restock,YATA,1790750986
2026-09-30T06:25:47+00:00,2026-09-30T06:50:45+00:00,China,Panda Plushie,591,0,stockout,Prometheus,1790751045
2026-09-30T06:25:47+00:00,2026-09-30T06:50:45+00:00,China,Pangolin Scales,273,0,stockout,Prometheus,1790751045
2026-09-30T06:49:46+00:00,2026-09-30T07:09:12+00:00,UAE,Camel Plushie,0,2025,restock,Prometheus,1790752152
2026-09-30T06:50:45+00:00,2026-09-30T07:09:04+00:00,China,Panda Plushie,0,1190,restock,Prometheus,1790752144
2026-09-30T06:50:45+00:00,2026-09-30T07:09:04+00:00,China,Pangolin Scales,0,3318,restock,Prometheus,1790752144
2026-09-30T06:50:45+00:00,2026-09-30T07:09:04+00:00,China,Peony,891,0,stockout,Prometheus,1790752144
2026-09-30T07:08:57+00:00,2026-09-30T07:32:27+00:00,South Africa,Raw Ivory,64,0,stockout,Prometheus,1790753547
2026-09-30T07:09:12+00:00,2026-09-30T07:32:31+00:00,UAE,Camel Plushie,2025,0,stockout,Prometheus,1790753551
2026-09-30T07:09:04+00:00,2026-09-30T07:32:29+00:00,China,Panda Plushie,1190,0,stockout,Prometheus,1790753549
2026-09-30T07:32:31+00:00,2026-09-30T07:52:00+00:00,UAE,Camel Plushie,0,1742,restock,Prometheus,1790754720
2026-09-30T07:32:29+00:00,2026-09-30T07:51:56+00:00,Hawaii,Shark Fin,0,2075,restock,Prometheus,1790754716
2026-09-30T07:32:29+00:00,2026-09-30T07:51:43+00:00,China,Panda Plushie,0,1169,restock,Prometheus,1790754703
2026-09-30T07:32:29+00:00,2026-09-30T07:51:43+00:00,China,Pangolin Scales,812,0,stockout,Prometheus,1790754703
2026-09-30T07:51:59+00:00,2026-09-30T08:11:36+00:00,South Africa,Lion Plushie,1194,0,stockout,Prometheus,1790755896
2026-09-30T07:51:59+00:00,2026-09-30T08:11:36+00:00,South Africa,African Violet,302,0,stockout,Prometheus,1790755896
2026-09-30T07:51:56+00:00,2026-09-30T08:11:40+00:00,Hawaii,Shark Fin,2075,0,stockout,Prometheus,1790755900
2026-09-30T07:51:43+00:00,2026-09-30T08:11:35+00:00,China,Panda Plushie,1169,0,stockout,Prometheus,1790755895
2026-09-30T07:51:43+00:00,2026-09-30T08:11:35+00:00,China,Peony,0,8766,restock,Prometheus,1790755895
2026-09-30T08:11:36+00:00,2026-09-30T08:35:14+00:00,South Africa,Lion Plushie,0,787,restock,YATA,1790757314
2026-09-30T08:10:30+00:00,2026-09-30T08:35:36+00:00,Canada,Xanax,0,2349,restock,Prometheus,1790757336
2026-09-30T08:11:20+00:00,2026-09-30T08:35:37+00:00,UAE,Tribulus Omanense,585,0,stockout,Prometheus,1790757337
2026-09-30T08:11:35+00:00,2026-09-30T08:35:35+00:00,China,Panda Plushie,0,1232,restock,Prometheus,1790757335
2026-09-30T07:51:43+00:00,2026-09-30T08:11:35+00:00,China,Pangolin Scales,0,4767,restock,Prometheus,1790755895
2026-09-30T08:35:14+00:00,2026-09-30T08:54:30+00:00,South Africa,Lion Plushie,787,0,stockout,Prometheus,1790758470
2026-09-30T08:35:35+00:00,2026-09-30T08:54:17+00:00,China,Panda Plushie,1232,0,stockout,Prometheus,1790758457
2026-09-30T08:35:35+00:00,2026-09-30T08:54:17+00:00,China,Pangolin Scales,761,0,stockout,Prometheus,1790758457
2026-09-30T08:54:30+00:00,2026-09-30T09:13:50+00:00,South Africa,Lion Plushie,0,334,restock,Prometheus,1790759630
2026-09-30T08:54:26+00:00,2026-09-30T09:14:37+00:00,UAE,Natural Pearls,472,0,stockout,YATA,1790759677
2026-09-30T08:54:17+00:00,2026-09-30T09:14:39+00:00,China,Panda Plushie,0,1939,restock,Prometheus,1790759679
2026-09-30T08:54:17+00:00,2026-09-30T09:14:39+00:00,China,Pangolin Scales,0,4319,restock,Prometheus,1790759679
2026-09-30T09:13:50+00:00,2026-09-30T09:36:07+00:00,South Africa,Smoke Grenade,29,0,stockout,Prometheus,1790760967
2026-09-30T09:13:50+00:00,2026-09-30T09:36:07+00:00,South Africa,African Violet,0,8323,restock,Prometheus,1790760967
2026-09-30T09:14:37+00:00,2026-09-30T09:36:08+00:00,UAE,Tribulus Omanense,0,8657,restock,Prometheus,1790760968
2026-09-30T09:14:37+00:00,2026-09-30T09:36:08+00:00,UAE,Camel Plushie,1599,0,stockout,Prometheus,1790760968
2026-09-30T09:14:37+00:00,2026-09-30T09:36:08+00:00,UAE,Natural Pearls,0,4747,restock,Prometheus,1790760968
2026-09-30T09:36:08+00:00,2026-09-30T09:53:47+00:00,UAE,Camel Plushie,0,1124,restock,YATA,1790762027
2026-09-30T09:36:02+00:00,2026-09-30T09:55:20+00:00,China,Panda Plushie,530,0,stockout,Prometheus,1790762120
2026-09-30T09:36:02+00:00,2026-09-30T09:55:20+00:00,China,Pangolin Scales,976,0,stockout,Prometheus,1790762120
2026-09-30T09:54:43+00:00,2026-09-30T10:17:44+00:00,South Africa,Raw Ivory,0,1503,restock,Prometheus,1790763464
2026-09-30T09:54:43+00:00,2026-09-30T10:17:44+00:00,South Africa,Smoke Grenade,0,2500,restock,Prometheus,1790763464
2026-09-30T09:53:47+00:00,2026-09-30T10:17:32+00:00,UAE,Camel Plushie,1124,0,stockout,YATA,1790763452
2026-09-30T09:55:20+00:00,2026-09-30T10:17:52+00:00,China,Panda Plushie,0,797,restock,Prometheus,1790763472
2026-09-30T09:55:20+00:00,2026-09-30T10:17:52+00:00,China,Pangolin Scales,0,4311,restock,Prometheus,1790763472
2026-09-30T10:17:32+00:00,2026-09-30T10:37:27+00:00,UAE,Camel Plushie,0,1250,restock,Prometheus,1790764647
2026-09-30T10:17:52+00:00,2026-09-30T10:37:38+00:00,China,Panda Plushie,797,0,stockout,Prometheus,1790764658
2026-09-30T10:37:32+00:00,2026-09-30T10:55:41+00:00,South Africa,Raw Ivory,724,0,stockout,Prometheus,1790765741
2026-09-30T10:37:32+00:00,2026-09-30T10:55:41+00:00,South Africa,Lion Plushie,156,0,stockout,Prometheus,1790765741
2026-09-30T10:37:27+00:00,2026-09-30T10:55:32+00:00,UAE,Camel Plushie,1250,0,stockout,Prometheus,1790765732
2026-09-30T10:37:38+00:00,2026-09-30T10:56:00+00:00,China,Panda Plushie,0,1423,restock,YATA,1790765760
2026-09-30T10:37:38+00:00,2026-09-30T10:56:00+00:00,China,Pangolin Scales,1742,0,stockout,YATA,1790765760
2026-09-30T10:55:41+00:00,2026-09-30T11:16:46+00:00,South Africa,Lion Plushie,0,953,restock,Prometheus,1790767006
2026-09-30T10:55:32+00:00,2026-09-30T11:17:10+00:00,UAE,Camel Plushie,0,1611,restock,Prometheus,1790767030
2026-09-30T10:56:00+00:00,2026-09-30T11:17:02+00:00,China,Panda Plushie,1423,0,stockout,Prometheus,1790767022
2026-09-30T10:56:00+00:00,2026-09-30T11:17:02+00:00,China,Peony,245,0,stockout,Prometheus,1790767022
2026-09-30T11:16:46+00:00,2026-09-30T11:34:21+00:00,South Africa,Lion Plushie,953,0,stockout,Prometheus,1790768061
2026-09-30T11:16:59+00:00,2026-09-30T11:34:32+00:00,Canada,Xanax,38,0,stockout,Prometheus,1790768072
2026-09-30T11:17:02+00:00,2026-09-30T11:34:43+00:00,China,Panda Plushie,0,1689,restock,Prometheus,1790768083
2026-09-30T11:17:02+00:00,2026-09-30T11:34:43+00:00,China,Pangolin Scales,0,2511,restock,Prometheus,1790768083
2026-09-30T11:34:21+00:00,2026-09-30T11:53:21+00:00,South Africa,Lion Plushie,0,1522,restock,YATA,1790769201
2026-09-30T11:34:51+00:00,2026-09-30T11:53:34+00:00,UAE,Camel Plushie,104,0,stockout,Prometheus,1790769214
2026-09-30T11:53:34+00:00,2026-09-30T12:45:58+00:00,UAE,Camel Plushie,0,1561,restock,YATA,1790772358
2026-09-30T11:34:43+00:00,2026-09-30T11:53:24+00:00,China,Panda Plushie,1689,0,stockout,Prometheus,1790769204
2026-09-30T11:53:24+00:00,2026-09-30T12:46:00+00:00,China,Peony,0,7632,restock,YATA,1790772360
2026-09-30T12:45:53+00:00,2026-09-30T13:05:01+00:00,South Africa,Smoke Grenade,130,0,stockout,Prometheus,1790773501
2026-09-30T12:45:53+00:00,2026-09-30T13:05:01+00:00,South Africa,Lion Plushie,426,0,stockout,Prometheus,1790773501
2026-09-30T12:45:58+00:00,2026-09-30T13:04:03+00:00,UAE,Camel Plushie,1561,0,stockout,Prometheus,1790773443
2026-09-30T12:46:00+00:00,2026-09-30T13:05:00+00:00,China,Panda Plushie,0,1778,restock,Prometheus,1790773500
2026-09-30T12:46:00+00:00,2026-09-30T13:05:00+00:00,China,Pangolin Scales,1986,0,stockout,Prometheus,1790773500
2026-09-30T13:05:01+00:00,2026-09-30T13:27:36+00:00,South Africa,Lion Plushie,0,537,restock,Prometheus,1790774856
2026-09-30T13:05:02+00:00,2026-09-30T13:28:46+00:00,Canada,Xanax,0,2257,restock,Prometheus,1790774926
2026-09-30T13:04:03+00:00,2026-09-30T13:28:18+00:00,UAE,Tribulus Omanense,327,0,stockout,Prometheus,1790774898
2026-09-30T13:04:03+00:00,2026-09-30T13:28:18+00:00,UAE,Camel Plushie,0,836,restock,Prometheus,1790774898
2026-09-30T13:04:03+00:00,2026-09-30T13:28:18+00:00,UAE,Natural Pearls,355,0,stockout,Prometheus,1790774898
2026-09-30T13:05:00+00:00,2026-09-30T13:28:43+00:00,China,Panda Plushie,1778,0,stockout,Prometheus,1790774923
2026-09-30T13:27:36+00:00,2026-09-30T13:49:07+00:00,South Africa,African Violet,745,0,stockout,Prometheus,1790776147
2026-09-30T13:28:18+00:00,2026-09-30T13:49:02+00:00,UAE,Camel Plushie,836,0,stockout,Prometheus,1790776142
2026-09-30T13:28:18+00:00,2026-09-30T13:49:02+00:00,UAE,Natural Pearls,0,4734,restock,Prometheus,1790776142
2026-09-30T13:28:43+00:00,2026-09-30T13:49:10+00:00,China,Panda Plushie,0,1253,restock,Prometheus,1790776150
2026-09-30T13:28:43+00:00,2026-09-30T13:49:10+00:00,China,Pangolin Scales,0,2196,restock,Prometheus,1790776150
2026-09-30T13:49:07+00:00,2026-09-30T14:06:40+00:00,South Africa,Smoke Grenade,0,2309,restock,Prometheus,1790777200
2026-09-30T13:49:02+00:00,2026-09-30T14:07:02+00:00,UAE,Camel Plushie,0,221,restock,Prometheus,1790777222
2026-09-30T13:49:10+00:00,2026-09-30T14:06:33+00:00,China,Pangolin Scales,2196,0,stockout,YATA,1790777193
2026-09-30T14:06:40+00:00,2026-09-30T14:32:17+00:00,South Africa,Raw Ivory,0,900,restock,Prometheus,1790778737
2026-09-30T14:07:03+00:00,2026-09-30T14:32:30+00:00,Japan,Xanax,0,1909,restock,Prometheus,1790778750
2026-09-30T14:07:02+00:00,2026-09-30T14:32:29+00:00,UAE,Tribulus Omanense,0,8955,restock,Prometheus,1790778749
2026-09-30T14:06:33+00:00,2026-09-30T14:32:23+00:00,China,Pangolin Scales,0,4295,restock,Prometheus,1790778743
2026-09-30T14:32:17+00:00,2026-09-30T14:54:08+00:00,South Africa,African Violet,0,9822,restock,Prometheus,1790780048
2026-09-30T14:32:30+00:00,2026-09-30T14:54:01+00:00,Japan,Xanax,1909,0,stockout,YATA,1790780041
2026-09-30T14:32:29+00:00,2026-09-30T14:54:19+00:00,UAE,Camel Plushie,1257,0,stockout,Prometheus,1790780059
2026-09-30T14:54:08+00:00,2026-09-30T15:18:14+00:00,South Africa,Raw Ivory,98,0,stockout,YATA,1790781494
2026-09-30T14:54:19+00:00,2026-09-30T15:17:34+00:00,UAE,Camel Plushie,0,40,restock,Prometheus,1790781454
2026-09-30T14:54:25+00:00,2026-09-30T15:18:40+00:00,China,Pangolin Scales,898,0,stockout,Prometheus,1790781520
2026-09-30T14:54:25+00:00,2026-09-30T15:18:40+00:00,China,Peony,814,0,stockout,Prometheus,1790781520
2026-09-30T15:18:07+00:00,2026-09-30T15:40:12+00:00,Canada,Xanax,88,0,stockout,Prometheus,1790782812
2026-09-30T15:18:40+00:00,2026-09-30T15:40:19+00:00,China,Panda Plushie,1508,0,stockout,Prometheus,1790782819
2026-09-30T15:18:40+00:00,2026-09-30T15:40:19+00:00,China,Pangolin Scales,0,2553,restock,Prometheus,1790782819
2026-09-30T15:40:06+00:00,2026-09-30T15:59:46+00:00,UAE,Camel Plushie,1613,0,stockout,Prometheus,1790783986
2026-09-30T15:40:06+00:00,2026-09-30T15:59:46+00:00,UAE,Natural Pearls,356,0,stockout,Prometheus,1790783986
2026-09-30T15:40:19+00:00,2026-09-30T16:00:09+00:00,China,Panda Plushie,0,134,restock,Prometheus,1790784009
2026-09-30T15:40:19+00:00,2026-09-30T16:00:09+00:00,China,Pangolin Scales,2553,0,stockout,Prometheus,1790784009
2026-09-30T15:59:40+00:00,2026-09-30T16:25:31+00:00,South Africa,Lion Plushie,1887,0,stockout,Prometheus,1790785531
2026-09-30T15:59:46+00:00,2026-09-30T16:25:30+00:00,UAE,Camel Plushie,0,682,restock,YATA,1790785530
2026-09-30T15:59:46+00:00,2026-09-30T16:25:30+00:00,UAE,Natural Pearls,0,4809,restock,YATA,1790785530
2026-09-30T16:00:09+00:00,2026-09-30T16:25:53+00:00,China,Peony,0,8548,restock,Prometheus,1790785553
2026-09-30T16:25:31+00:00,2026-09-30T16:47:00+00:00,South Africa,Smoke Grenade,69,0,stockout,Prometheus,1790786820
2026-09-30T16:25:31+00:00,2026-09-30T16:47:00+00:00,South Africa,Lion Plushie,0,1237,restock,Prometheus,1790786820
2026-09-30T16:25:53+00:00,2026-09-30T16:47:13+00:00,China,Pangolin Scales,0,1729,restock,Prometheus,1790786833
2026-09-30T16:47:00+00:00,2026-09-30T17:01:44+00:00,South Africa,Lion Plushie,1237,0,stockout,YATA,1790787704
2026-09-30T16:47:13+00:00,2026-09-30T17:01:32+00:00,China,Panda Plushie,346,0,stockout,YATA,1790787692
2026-09-30T16:47:13+00:00,2026-09-30T17:01:32+00:00,China,Pangolin Scales,1729,0,stockout,YATA,1790787692
2026-09-30T17:01:44+00:00,2026-09-30T17:23:42+00:00,South Africa,Lion Plushie,0,1736,restock,Prometheus,1790789022
2026-09-30T17:01:59+00:00,2026-09-30T17:24:20+00:00,Canada,Xanax,0,2286,restock,Prometheus,1790789060
2026-09-30T17:01:54+00:00,2026-09-30T17:24:18+00:00,UAE,Camel Plushie,1243,0,stockout,Prometheus,1790789058
2026-09-30T17:01:32+00:00,2026-09-30T17:23:57+00:00,China,Panda Plushie,0,1448,restock,Prometheus,1790789037
2026-09-30T17:23:42+00:00,2026-09-30T17:42:50+00:00,South Africa,Smoke Grenade,0,2421,restock,Prometheus,1790790170
2026-09-30T17:24:18+00:00,2026-09-30T17:42:30+00:00,UAE,Camel Plushie,0,1591,restock,Prometheus,1790790150
2026-09-30T17:23:57+00:00,2026-09-30T17:41:47+00:00,China,Pangolin Scales,0,3552,restock,Prometheus,1790790107
2026-09-30T17:42:50+00:00,2026-09-30T17:58:30+00:00,South Africa,Raw Ivory,0,1981,restock,Prometheus,1790791110
2026-09-30T17:42:50+00:00,2026-09-30T17:58:30+00:00,South Africa,Lion Plushie,129,0,stockout,Prometheus,1790791110
2026-09-30T17:41:47+00:00,2026-09-30T17:57:53+00:00,China,Panda Plushie,44,0,stockout,Prometheus,1790791073
2026-09-30T17:58:30+00:00,2026-09-30T18:23:11+00:00,South Africa,Lion Plushie,0,1082,restock,Prometheus,1790792591
2026-09-30T17:58:27+00:00,2026-09-30T18:23:18+00:00,UAE,Tribulus Omanense,185,0,stockout,Prometheus,1790792598
2026-09-30T17:57:53+00:00,2026-09-30T18:23:14+00:00,China,Panda Plushie,0,713,restock,Prometheus,1790792594
2026-09-30T17:57:53+00:00,2026-09-30T18:23:14+00:00,China,Pangolin Scales,1282,0,stockout,Prometheus,1790792594
2026-09-30T18:23:11+00:00,2026-09-30T18:44:50+00:00,South Africa,Lion Plushie,1082,0,stockout,Prometheus,1790793890
2026-09-30T18:22:46+00:00,2026-09-30T18:46:00+00:00,Canada,Xanax,407,0,stockout,Prometheus,1790793960
2026-09-30T18:23:18+00:00,2026-09-30T18:46:10+00:00,UAE,Camel Plushie,1198,0,stockout,YATA,1790793970
2026-09-30T18:23:14+00:00,2026-09-30T18:46:10+00:00,China,Pangolin Scales,0,4253,restock,YATA,1790793970
2026-09-30T18:44:50+00:00,2026-09-30T19:03:04+00:00,South Africa,Raw Ivory,23,0,stockout,YATA,1790794984
2026-09-30T18:44:50+00:00,2026-09-30T19:03:04+00:00,South Africa,Lion Plushie,0,1918,restock,YATA,1790794984
2026-09-30T18:46:10+00:00,2026-09-30T19:03:26+00:00,UAE,Tribulus Omanense,0,9999,restock,Prometheus,1790795006
2026-09-30T18:46:10+00:00,2026-09-30T19:03:26+00:00,UAE,Camel Plushie,0,460,restock,Prometheus,1790795006
2026-09-30T18:46:10+00:00,2026-09-30T19:03:26+00:00,UAE,Natural Pearls,229,0,stockout,Prometheus,1790795006
2026-09-30T19:03:04+00:00,2026-09-30T19:22:38+00:00,South Africa,Xanax,49,0,stockout,Prometheus,1790796158
2026-09-30T19:22:38+00:00,2026-09-30T19:42:45+00:00,South Africa,African Violet,544,0,stockout,YATA,1790797365
2026-09-30T19:25:19+00:00,2026-09-30T19:44:10+00:00,UAE,Natural Pearls,0,4468,restock,Prometheus,1790797450
2026-09-30T19:25:00+00:00,2026-09-30T19:44:11+00:00,China,Pangolin Scales,98,0,stockout,Prometheus,1790797451
2026-09-30T19:25:00+00:00,2026-09-30T19:44:11+00:00,China,Peony,1050,0,stockout,Prometheus,1790797451
2026-09-30T19:44:10+00:00,2026-09-30T19:57:32+00:00,UAE,Camel Plushie,737,0,stockout,Prometheus,1790798252
2026-09-30T19:44:11+00:00,2026-09-30T19:58:20+00:00,China,Panda Plushie,1898,0,stockout,YATA,1790798300
2026-09-30T19:58:17+00:00,2026-09-30T20:20:52+00:00,South Africa,Lion Plushie,788,0,stockout,YATA,1790799652
2026-09-30T19:57:32+00:00,2026-09-30T20:19:45+00:00,UAE,Camel Plushie,0,2144,restock,Prometheus,1790799585
2026-09-30T19:58:12+00:00,2026-09-30T20:21:01+00:00,Hawaii,Shark Fin,0,1465,restock,Prometheus,1790799661
2026-09-30T19:58:20+00:00,2026-09-30T20:20:58+00:00,China,Panda Plushie,0,1469,restock,YATA,1790799658
2026-09-30T19:58:20+00:00,2026-09-30T20:20:58+00:00,China,Pangolin Scales,0,2008,restock,YATA,1790799658
2026-09-30T19:58:20+00:00,2026-09-30T20:20:58+00:00,China,Peony,0,9,restock,YATA,1790799658
2026-09-30T20:20:52+00:00,2026-09-30T20:38:11+00:00,South Africa,Lion Plushie,0,1097,restock,Prometheus,1790800691
2026-09-30T20:20:52+00:00,2026-09-30T20:38:11+00:00,South Africa,African Violet,0,9951,restock,Prometheus,1790800691
2026-09-30T20:21:01+00:00,2026-09-30T20:39:19+00:00,Hawaii,Shark Fin,1465,0,stockout,Prometheus,1790800759
2026-09-30T20:38:11+00:00,2026-09-30T20:55:00+00:00,South Africa,Smoke Grenade,218,0,stockout,Prometheus,1790801700
2026-09-30T20:38:11+00:00,2026-09-30T20:55:00+00:00,South Africa,Lion Plushie,1097,0,stockout,Prometheus,1790801700
2026-09-30T20:39:21+00:00,2026-09-30T20:55:06+00:00,Japan,Xanax,0,1879,restock,Prometheus,1790801706
2026-09-30T20:39:01+00:00,2026-09-30T20:54:50+00:00,Canada,Xanax,0,2027,restock,YATA,1790801690
2026-09-30T20:38:47+00:00,2026-09-30T20:55:06+00:00,UAE,Camel Plushie,711,0,stockout,Prometheus,1790801706
2026-09-30T20:39:28+00:00,2026-09-30T20:54:51+00:00,China,Panda Plushie,379,0,stockout,Prometheus,1790801691
2026-09-30T20:39:28+00:00,2026-09-30T20:54:51+00:00,China,Pangolin Scales,64,0,stockout,Prometheus,1790801691
2026-09-30T20:55:00+00:00,2026-09-30T21:15:07+00:00,South Africa,Lion Plushie,0,1800,restock,YATA,1790802907
2026-09-30T20:55:06+00:00,2026-09-30T21:14:28+00:00,Japan,Xanax,1879,0,stockout,Prometheus,1790802868
2026-09-30T20:55:06+00:00,2026-09-30T21:15:04+00:00,UAE,Camel Plushie,0,1824,restock,Prometheus,1790802904
2026-09-30T20:54:51+00:00,2026-09-30T21:15:20+00:00,China,Panda Plushie,0,1744,restock,YATA,1790802920
2026-09-30T20:54:51+00:00,2026-09-30T21:15:20+00:00,China,Pangolin Scales,0,3989,restock,YATA,1790802920
2026-09-30T21:15:07+00:00,2026-09-30T21:35:38+00:00,South Africa,Xanax,0,2473,restock,Prometheus,1790804138
2026-09-30T21:15:17+00:00,2026-09-30T21:35:36+00:00,Hawaii,Shark Fin,0,1562,restock,Prometheus,1790804136
2026-09-30T21:35:38+00:00,2026-09-30T21:54:22+00:00,South Africa,Raw Ivory,0,2218,restock,Prometheus,1790805262
2026-09-30T21:35:38+00:00,2026-09-30T21:54:22+00:00,South Africa,Smoke Grenade,0,2387,restock,Prometheus,1790805262
2026-09-30T21:35:36+00:00,2026-09-30T21:54:28+00:00,Hawaii,Shark Fin,1562,0,stockout,Prometheus,1790805268
2026-09-30T21:35:42+00:00,2026-09-30T21:53:59+00:00,China,Panda Plushie,836,0,stockout,YATA,1790805239
2026-09-30T21:53:59+00:00,2026-09-30T22:14:14+00:00,China,Panda Plushie,0,1938,restock,Prometheus,1790806454
2026-09-30T21:53:59+00:00,2026-09-30T22:14:14+00:00,China,Pangolin Scales,541,0,stockout,Prometheus,1790806454
2026-09-30T21:54:28+00:00,2026-09-30T22:14:02+00:00,Canada,Xanax,567,0,stockout,Prometheus,1790806442
2026-09-30T22:14:24+00:00,2026-09-30T22:34:21+00:00,UAE,Camel Plushie,827,0,stockout,Prometheus,1790807661
2026-09-30T22:34:10+00:00,2026-09-30T22:52:12+00:00,South Africa,Lion Plushie,483,0,stockout,Prometheus,1790808732
2026-09-30T22:34:21+00:00,2026-09-30T22:52:28+00:00,UAE,Camel Plushie,0,1538,restock,Prometheus,1790808748
2026-09-30T22:34:09+00:00,2026-09-30T22:52:09+00:00,Hawaii,Shark Fin,0,2140,restock,Prometheus,1790808729
2026-09-30T22:33:58+00:00,2026-09-30T22:52:21+00:00,China,Pangolin Scales,0,3002,restock,Prometheus,1790808741
2026-09-30T22:52:12+00:00,2026-09-30T23:06:22+00:00,South Africa,Raw Ivory,54,0,stockout,Prometheus,1790809582
2026-09-30T22:52:12+00:00,2026-09-30T23:06:22+00:00,South Africa,Lion Plushie,0,1790,restock,Prometheus,1790809582
2026-09-30T22:52:27+00:00,2026-09-30T23:08:46+00:00,Japan,Xanax,0,1485,restock,Prometheus,1790809726
2026-09-30T22:52:21+00:00,2026-09-30T23:08:18+00:00,China,Panda Plushie,53,0,stockout,Prometheus,1790809698
2026-09-30T23:08:46+00:00,2026-09-30T23:26:55+00:00,Japan,Xanax,1485,0,stockout,Prometheus,1790810815
2026-09-30T23:08:32+00:00,2026-09-30T23:27:10+00:00,UAE,Camel Plushie,567,0,stockout,YATA,1790810830
2026-09-30T23:07:42+00:00,2026-09-30T23:27:04+00:00,Hawaii,Shark Fin,154,0,stockout,Prometheus,1790810824
2026-09-30T23:08:18+00:00,2026-09-30T23:26:24+00:00,China,Panda Plushie,0,1779,restock,Prometheus,1790810784
2026-09-30T23:26:43+00:00,2026-09-30T23:43:37+00:00,South Africa,Lion Plushie,540,0,stockout,YATA,1790811817
2026-09-30T23:27:10+00:00,2026-09-30T23:44:53+00:00,UAE,Camel Plushie,0,1630,restock,Prometheus,1790811893
2026-09-30T23:08:18+00:00,2026-09-30T23:26:24+00:00,China,Pangolin Scales,1484,0,stockout,Prometheus,1790810784
2026-09-30T23:43:37+00:00,2026-09-30T23:57:49+00:00,South Africa,Lion Plushie,0,1876,restock,YATA,1790812669
2026-09-30T23:44:53+00:00,2026-09-30T23:57:09+00:00,UAE,Natural Pearls,82,0,stockout,Prometheus,1790812629
2026-09-30T23:45:05+00:00,2026-09-30T23:57:56+00:00,China,Panda Plushie,752,0,stockout,Prometheus,1790812676
2026-09-30T23:57:49+00:00,2026-10-01T00:29:14+00:00,South Africa,Lion Plushie,1876,0,stockout,YATA,1790814554
2026-09-30T23:57:28+00:00,2026-10-01T00:29:37+00:00,Canada,Xanax,0,1945,restock,YATA,1790814577
2026-09-30T23:57:09+00:00,2026-10-01T00:29:43+00:00,UAE,Tribulus Omanense,833,0,stockout,Prometheus,1790814583
2026-09-30T23:57:09+00:00,2026-10-01T00:29:43+00:00,UAE,Natural Pearls,0,4678,restock,Prometheus,1790814583
2026-09-30T23:57:48+00:00,2026-10-01T00:29:38+00:00,Hawaii,Shark Fin,0,1774,restock,YATA,1790814578
2026-09-30T23:57:56+00:00,2026-10-01T00:29:42+00:00,China,Panda Plushie,0,1783,restock,Prometheus,1790814582
2026-09-30T23:57:56+00:00,2026-10-01T00:29:42+00:00,China,Pangolin Scales,0,2086,restock,Prometheus,1790814582
2026-10-01T00:29:14+00:00,2026-10-01T00:55:00+00:00,South Africa,Lion Plushie,0,1780,restock,Prometheus,1790816100
2026-10-01T00:29:38+00:00,2026-10-01T00:55:00+00:00,Hawaii,Shark Fin,1774,0,stockout,Prometheus,1790816100
2026-10-01T00:54:54+00:00,2026-10-01T01:16:36+00:00,China,Panda Plushie,712,0,stockout,Prometheus,1790817396
2026-10-01T00:54:54+00:00,2026-10-01T01:16:36+00:00,China,Pangolin Scales,513,0,stockout,Prometheus,1790817396
2026-10-01T01:16:11+00:00,2026-10-01T01:35:03+00:00,South Africa,Smoke Grenade,182,0,stockout,Prometheus,1790818503
2026-10-01T01:16:11+00:00,2026-10-01T01:35:03+00:00,South Africa,Lion Plushie,573,0,stockout,Prometheus,1790818503
2026-10-01T01:16:22+00:00,2026-10-01T01:34:50+00:00,Japan,Xanax,0,677,restock,Prometheus,1790818490
2026-10-01T01:16:27+00:00,2026-10-01T01:35:02+00:00,UAE,Tribulus Omanense,0,9821,restock,Prometheus,1790818502
2026-10-01T01:16:36+00:00,2026-10-01T01:34:11+00:00,China,Panda Plushie,0,2299,restock,Prometheus,1790818451
2026-10-01T01:16:36+00:00,2026-10-01T01:34:11+00:00,China,Pangolin Scales,0,3811,restock,Prometheus,1790818451
2026-10-01T01:35:03+00:00,2026-10-01T01:52:33+00:00,South Africa,Lion Plushie,0,1515,restock,YATA,1790819553
2026-10-01T01:34:50+00:00,2026-10-01T01:52:38+00:00,Japan,Xanax,677,0,stockout,Prometheus,1790819558
2026-10-01T01:35:02+00:00,2026-10-01T01:52:05+00:00,UAE,Camel Plushie,1031,0,stockout,YATA,1790819525
2026-10-01T01:34:57+00:00,2026-10-01T01:52:37+00:00,Hawaii,Shark Fin,0,2082,restock,Prometheus,1790819557
2026-10-01T01:52:05+00:00,2026-10-01T02:11:03+00:00,UAE,Camel Plushie,0,1809,restock,Prometheus,1790820663
2026-10-01T01:52:37+00:00,2026-10-01T02:10:21+00:00,Hawaii,Shark Fin,2082,0,stockout,YATA,1790820621
2026-10-01T02:11:05+00:00,2026-10-01T02:31:00+00:00,South Africa,Raw Ivory,0,1539,restock,Prometheus,1790821860
2026-10-01T02:11:05+00:00,2026-10-01T02:31:00+00:00,South Africa,Smoke Grenade,0,2462,restock,Prometheus,1790821860
2026-10-01T02:11:05+00:00,2026-10-01T02:31:00+00:00,South Africa,Lion Plushie,210,0,stockout,Prometheus,1790821860
2026-10-01T02:10:56+00:00,2026-10-01T02:31:21+00:00,China,Pangolin Scales,925,0,stockout,Prometheus,1790821881
2026-10-01T02:31:00+00:00,2026-10-01T02:49:51+00:00,South Africa,Lion Plushie,0,1622,restock,YATA,1790822991
2026-10-01T02:30:35+00:00,2026-10-01T02:50:19+00:00,United Kingdom,Xanax,20,0,stockout,Prometheus,1790823019
2026-10-01T02:31:10+00:00,2026-10-01T02:50:04+00:00,UAE,Camel Plushie,439,0,stockout,Prometheus,1790823004
2026-10-01T02:31:21+00:00,2026-10-01T02:50:15+00:00,China,Peony,7,0,stockout,YATA,1790823015
2026-10-01T02:50:22+00:00,2026-10-01T03:06:03+00:00,Canada,Xanax,59,0,stockout,Prometheus,1790823963
2026-10-01T02:50:04+00:00,2026-10-01T03:06:12+00:00,UAE,Camel Plushie,0,1404,restock,Prometheus,1790823972
2026-10-01T02:50:15+00:00,2026-10-01T03:06:14+00:00,China,Pangolin Scales,0,3613,restock,Prometheus,1790823974
2026-10-01T03:06:27+00:00,2026-10-01T03:28:09+00:00,South Africa,Raw Ivory,159,0,stockout,Prometheus,1790825289
2026-10-01T03:28:09+00:00,2026-10-01T03:49:42+00:00,South Africa,African Violet,369,0,stockout,Prometheus,1790826582
2026-10-01T03:29:06+00:00,2026-10-01T03:49:05+00:00,Japan,Xanax,0,557,restock,Prometheus,1790826545
2026-10-01T03:29:12+00:00,2026-10-01T03:49:42+00:00,China,Pangolin Scales,1545,0,stockout,Prometheus,1790826582
2026-10-01T03:06:14+00:00,2026-10-01T03:29:12+00:00,China,Peony,0,9871,restock,Prometheus,1790825352
2026-10-01T03:49:42+00:00,2026-10-01T04:05:54+00:00,South Africa,Lion Plushie,1344,0,stockout,Prometheus,1790827554
2026-10-01T03:49:05+00:00,2026-10-01T04:04:51+00:00,Japan,Xanax,557,0,stockout,Prometheus,1790827491
2026-10-01T03:49:38+00:00,2026-10-01T04:04:47+00:00,UAE,Natural Pearls,208,0,stockout,Prometheus,1790827487
2026-10-01T04:05:54+00:00,2026-10-01T04:27:36+00:00,South Africa,Lion Plushie,0,1597,restock,Prometheus,1790828856
2026-10-01T04:04:47+00:00,2026-10-01T04:27:16+00:00,UAE,Camel Plushie,1195,0,stockout,Prometheus,1790828836
2026-10-01T04:04:47+00:00,2026-10-01T04:27:16+00:00,UAE,Natural Pearls,0,5000,restock,Prometheus,1790828836
2026-10-01T04:04:46+00:00,2026-10-01T04:28:28+00:00,China,Panda Plushie,675,0,stockout,Prometheus,1790828908
2026-10-01T04:04:46+00:00,2026-10-01T04:28:28+00:00,China,Pangolin Scales,0,3548,restock,Prometheus,1790828908
2026-10-01T04:27:36+00:00,2026-10-01T04:50:18+00:00,South Africa,Lion Plushie,1597,0,stockout,Prometheus,1790830218
2026-10-01T04:27:36+00:00,2026-10-01T04:50:18+00:00,South Africa,African Violet,0,9391,restock,Prometheus,1790830218
2026-10-01T04:28:25+00:00,2026-10-01T04:49:28+00:00,Canada,Xanax,0,2500,restock,YATA,1790830168
2026-10-01T04:27:16+00:00,2026-10-01T04:49:44+00:00,UAE,Camel Plushie,0,1221,restock,YATA,1790830184
2026-10-01T04:28:30+00:00,2026-10-01T04:50:18+00:00,Hawaii,Shark Fin,0,2245,restock,Prometheus,1790830218
2026-10-01T04:28:28+00:00,2026-10-01T04:50:09+00:00,China,Panda Plushie,0,1679,restock,Prometheus,1790830209
2026-10-01T04:50:18+00:00,2026-10-01T05:06:21+00:00,South Africa,Lion Plushie,0,1757,restock,Prometheus,1790831181
2026-10-01T04:49:24+00:00,2026-10-01T05:06:17+00:00,United Kingdom,Xanax,0,2500,restock,YATA,1790831177
2026-10-01T05:06:22+00:00,2026-10-01T05:27:41+00:00,Hawaii,Shark Fin,358,0,stockout,Prometheus,1790832461
2026-10-01T05:06:21+00:00,2026-10-01T05:27:10+00:00,China,Pangolin Scales,568,0,stockout,YATA,1790832430
2026-10-01T05:27:10+00:00,2026-10-01T05:47:35+00:00,China,Pangolin Scales,0,4526,restock,Prometheus,1790833655
2026-10-01T05:47:15+00:00,2026-10-01T06:03:23+00:00,South Africa,Raw Ivory,0,2177,restock,Prometheus,1790834603
2026-10-01T05:47:15+00:00,2026-10-01T06:03:23+00:00,South Africa,Smoke Grenade,10,0,stockout,Prometheus,1790834603
2026-10-01T05:47:27+00:00,2026-10-01T06:03:23+00:00,Japan,Xanax,0,941,restock,Prometheus,1790834603
2026-10-01T05:47:24+00:00,2026-10-01T06:03:19+00:00,UAE,Camel Plushie,821,0,stockout,YATA,1790834599
2026-10-01T06:03:23+00:00,2026-10-01T06:31:53+00:00,South Africa,Lion Plushie,1113,0,stockout,YATA,1790836313
2026-10-01T06:03:23+00:00,2026-10-01T06:31:58+00:00,Japan,Xanax,941,0,stockout,Prometheus,1790836318
2026-10-01T06:03:19+00:00,2026-10-01T06:28:56+00:00,UAE,Camel Plushie,0,1764,restock,YATA,1790836136
2026-10-01T06:03:18+00:00,2026-10-01T06:31:56+00:00,China,Panda Plushie,1294,0,stockout,Prometheus,1790836316
2026-10-01T06:31:53+00:00,2026-10-01T06:55:28+00:00,South Africa,Raw Ivory,705,0,stockout,Prometheus,1790837728
2026-10-01T06:31:53+00:00,2026-10-01T06:55:28+00:00,South Africa,Smoke Grenade,0,2426,restock,Prometheus,1790837728
2026-10-01T06:31:53+00:00,2026-10-01T06:55:28+00:00,South Africa,Lion Plushie,0,1360,restock,Prometheus,1790837728
2026-10-01T06:31:56+00:00,2026-10-01T06:55:54+00:00,China,Panda Plushie,0,1574,restock,Prometheus,1790837754
2026-10-01T06:31:56+00:00,2026-10-01T06:55:54+00:00,China,Pangolin Scales,162,0,stockout,Prometheus,1790837754
2026-10-01T06:55:28+00:00,2026-10-01T07:20:47+00:00,South Africa,Lion Plushie,1360,0,stockout,Prometheus,1790839247
2026-10-01T06:55:54+00:00,2026-10-01T07:20:13+00:00,China,Pangolin Scales,0,2713,restock,Prometheus,1790839213
2026-10-01T07:20:47+00:00,2026-10-01T07:41:03+00:00,South Africa,Lion Plushie,0,1301,restock,Prometheus,1790840463
2026-10-01T07:20:13+00:00,2026-10-01T07:41:03+00:00,China,Panda Plushie,461,0,stockout,YATA,1790840463
2026-10-01T07:20:20+00:00,2026-10-01T07:41:10+00:00,UAE,Tribulus Omanense,376,0,stockout,Prometheus,1790840470
2026-10-01T07:41:10+00:00,2026-10-01T07:58:22+00:00,UAE,Camel Plushie,302,0,stockout,Prometheus,1790841502
2026-10-01T07:41:03+00:00,2026-10-01T07:58:16+00:00,China,Panda Plushie,0,1181,restock,YATA,1790841496
2026-10-01T07:41:03+00:00,2026-10-01T07:58:16+00:00,China,Pangolin Scales,193,0,stockout,YATA,1790841496
2026-10-01T07:58:16+00:00,2026-10-01T08:24:06+00:00,Japan,Xanax,0,612,restock,Prometheus,1790843046
2026-10-01T07:58:22+00:00,2026-10-01T08:24:07+00:00,UAE,Camel Plushie,0,2,restock,Prometheus,1790843047
2026-10-01T07:58:16+00:00,2026-10-01T08:23:47+00:00,China,Panda Plushie,1181,0,stockout,Prometheus,1790843027
2026-10-01T07:58:16+00:00,2026-10-01T08:23:47+00:00,China,Pangolin Scales,0,3297,restock,Prometheus,1790843027
2026-10-01T08:24:00+00:00,2026-10-01T08:44:49+00:00,South Africa,Lion Plushie,1845,0,stockout,Prometheus,1790844289
2026-10-01T08:24:06+00:00,2026-10-01T08:46:07+00:00,Japan,Xanax,612,0,stockout,YATA,1790844367
2026-10-01T08:24:07+00:00,2026-10-01T08:46:11+00:00,UAE,Tribulus Omanense,0,9211,restock,Prometheus,1790844371
2026-10-01T08:24:07+00:00,2026-10-01T08:46:11+00:00,UAE,Natural Pearls,152,0,stockout,Prometheus,1790844371
2026-10-01T08:24:08+00:00,2026-10-01T08:46:12+00:00,Hawaii,Shark Fin,0,2272,restock,Prometheus,1790844372
2026-10-01T08:23:47+00:00,2026-10-01T08:45:53+00:00,China,Panda Plushie,0,1172,restock,Prometheus,1790844353
2026-10-01T07:58:16+00:00,2026-10-01T08:23:47+00:00,China,Peony,1508,0,stockout,Prometheus,1790843027
2026-10-01T08:44:49+00:00,2026-10-01T09:01:19+00:00,South Africa,Lion Plushie,0,1896,restock,Prometheus,1790845279
2026-10-01T08:46:04+00:00,2026-10-01T09:00:28+00:00,Canada,Xanax,14,0,stockout,Prometheus,1790845228
2026-10-01T08:46:12+00:00,2026-10-01T09:01:25+00:00,Hawaii,Shark Fin,2272,0,stockout,YATA,1790845285
2026-10-01T08:45:53+00:00,2026-10-01T09:01:26+00:00,China,Panda Plushie,1172,0,stockout,Prometheus,1790845286
2026-10-01T08:45:53+00:00,2026-10-01T09:01:26+00:00,China,Pangolin Scales,721,0,stockout,Prometheus,1790845286
2026-10-01T09:01:19+00:00,2026-10-01T09:23:02+00:00,South Africa,Smoke Grenade,303,0,stockout,Prometheus,1790846582
2026-10-01T09:01:19+00:00,2026-10-01T09:23:02+00:00,South Africa,Lion Plushie,1896,0,stockout,Prometheus,1790846582
2026-10-01T09:01:05+00:00,2026-10-01T09:24:23+00:00,UAE,Natural Pearls,0,4351,restock,Prometheus,1790846663
2026-10-01T09:01:26+00:00,2026-10-01T09:25:09+00:00,China,Panda Plushie,0,204,restock,Prometheus,1790846709
2026-10-01T09:01:26+00:00,2026-10-01T09:25:09+00:00,China,Pangolin Scales,0,4120,restock,Prometheus,1790846709
2026-10-01T09:01:26+00:00,2026-10-01T09:25:09+00:00,China,Peony,0,9891,restock,Prometheus,1790846709
2026-10-01T09:23:02+00:00,2026-10-01T09:47:31+00:00,South Africa,Raw Ivory,0,2010,restock,YATA,1790848051
2026-10-01T09:23:02+00:00,2026-10-01T09:47:31+00:00,South Africa,Lion Plushie,0,1123,restock,YATA,1790848051
2026-10-01T09:24:23+00:00,2026-10-01T09:47:39+00:00,UAE,Camel Plushie,1677,0,stockout,Prometheus,1790848059
2026-10-01T09:47:39+00:00,2026-10-01T10:03:17+00:00,UAE,Camel Plushie,0,1712,restock,Prometheus,1790848997
2026-10-01T09:47:34+00:00,2026-10-01T10:02:59+00:00,China,Pangolin Scales,552,0,stockout,Prometheus,1790848979
2026-10-01T10:03:08+00:00,2026-10-01T10:26:14+00:00,South Africa,African Violet,206,0,stockout,Prometheus,1790850374
2026-10-01T10:03:17+00:00,2026-10-01T10:25:45+00:00,UAE,Camel Plushie,1712,0,stockout,Prometheus,1790850345
2026-10-01T10:02:59+00:00,2026-10-01T10:26:11+00:00,China,Panda Plushie,1158,0,stockout,YATA,1790850371
2026-10-01T10:02:59+00:00,2026-10-01T10:26:11+00:00,China,Pangolin Scales,0,3820,restock,YATA,1790850371
2026-10-01T10:03:08+00:00,2026-10-01T10:26:14+00:00,South Africa,Raw Ivory,1294,0,stockout,Prometheus,1790850374
2026-10-01T10:26:14+00:00,2026-10-01T10:47:48+00:00,South Africa,Smoke Grenade,0,1910,restock,Prometheus,1790851668
2026-10-01T10:26:14+00:00,2026-10-01T10:47:48+00:00,South Africa,Lion Plushie,1648,0,stockout,Prometheus,1790851668
2026-10-01T10:26:17+00:00,2026-10-01T10:47:42+00:00,Canada,Xanax,0,2450,restock,Prometheus,1790851662
2026-10-01T10:25:45+00:00,2026-10-01T10:47:50+00:00,UAE,Camel Plushie,0,1377,restock,Prometheus,1790851670
2026-10-01T10:26:11+00:00,2026-10-01T10:47:35+00:00,China,Panda Plushie,0,920,restock,Prometheus,1790851655
2026-10-01T10:47:48+00:00,2026-10-01T11:02:23+00:00,South Africa,Lion Plushie,0,1355,restock,YATA,1790852543
2026-10-01T10:47:35+00:00,2026-10-01T11:02:15+00:00,China,Panda Plushie,920,0,stockout,Prometheus,1790852535
2026-10-01T10:47:35+00:00,2026-10-01T11:02:15+00:00,China,Pangolin Scales,976,0,stockout,Prometheus,1790852535
2026-10-01T11:02:23+00:00,2026-10-01T11:24:01+00:00,South Africa,Lion Plushie,1355,0,stockout,Prometheus,1790853841
2026-10-01T11:02:23+00:00,2026-10-01T11:24:01+00:00,South Africa,African Violet,0,9471,restock,Prometheus,1790853841
2026-10-01T11:02:15+00:00,2026-10-01T11:24:07+00:00,China,Panda Plushie,0,1543,restock,Prometheus,1790853847
2026-10-01T11:24:01+00:00,2026-10-01T11:43:24+00:00,South Africa,Lion Plushie,0,1734,restock,Prometheus,1790855004
2026-10-01T11:24:07+00:00,2026-10-01T11:44:21+00:00,China,Pangolin Scales,0,2135,restock,Prometheus,1790855061
2026-10-01T11:43:49+00:00,2026-10-01T12:01:11+00:00,UAE,Camel Plushie,333,0,stockout,Prometheus,1790856071
2026-10-01T11:43:49+00:00,2026-10-01T12:01:11+00:00,UAE,Natural Pearls,315,0,stockout,Prometheus,1790856071
2026-10-01T11:44:21+00:00,2026-10-01T12:01:19+00:00,China,Panda Plushie,201,0,stockout,Prometheus,1790856079
2026-10-01T11:44:21+00:00,2026-10-01T12:01:19+00:00,China,Pangolin Scales,2135,0,stockout,Prometheus,1790856079
2026-10-01T12:00:20+00:00,2026-10-01T12:30:20+00:00,South Africa,Smoke Grenade,427,0,stockout,YATA,1790857820
2026-10-01T12:01:11+00:00,2026-10-01T12:30:03+00:00,UAE,Tribulus Omanense,1289,0,stockout,Prometheus,1790857803
2026-10-01T12:01:11+00:00,2026-10-01T12:30:03+00:00,UAE,Natural Pearls,0,4702,restock,Prometheus,1790857803
2026-10-01T12:01:19+00:00,2026-10-01T12:30:24+00:00,China,Panda Plushie,0,672,restock,Prometheus,1790857824
2026-10-01T12:30:20+00:00,2026-10-01T12:55:04+00:00,South Africa,Lion Plushie,1175,0,stockout,YATA,1790859304
2026-10-01T12:30:03+00:00,2026-10-01T12:55:25+00:00,UAE,Camel Plushie,0,734,restock,YATA,1790859325
2026-10-01T12:30:24+00:00,2026-10-01T12:55:27+00:00,China,Panda Plushie,672,0,stockout,Prometheus,1790859327
2026-10-01T12:01:19+00:00,2026-10-01T12:30:24+00:00,China,Pangolin Scales,0,4808,restock,Prometheus,1790857824
2026-10-01T12:55:04+00:00,2026-10-01T13:21:20+00:00,South Africa,Lion Plushie,0,49,restock,Prometheus,1790860880
2026-10-01T12:55:27+00:00,2026-10-01T13:21:19+00:00,China,Pangolin Scales,1209,0,stockout,Prometheus,1790860879
2026-10-01T12:55:27+00:00,2026-10-01T13:21:19+00:00,China,Peony,560,0,stockout,Prometheus,1790860879
2026-10-01T13:21:20+00:00,2026-10-01T13:42:02+00:00,South Africa,Raw Ivory,0,1650,restock,Prometheus,1790862122
2026-10-01T13:21:20+00:00,2026-10-01T13:42:02+00:00,South Africa,Smoke Grenade,0,2366,restock,Prometheus,1790862122
2026-10-01T13:21:09+00:00,2026-10-01T13:42:01+00:00,UAE,Tribulus Omanense,0,9568,restock,YATA,1790862121
2026-10-01T13:21:09+00:00,2026-10-01T13:42:01+00:00,UAE,Camel Plushie,1812,0,stockout,YATA,1790862121
2026-10-01T13:21:19+00:00,2026-10-01T13:42:16+00:00,China,Panda Plushie,0,1402,restock,Prometheus,1790862136
2026-10-01T13:21:19+00:00,2026-10-01T13:42:16+00:00,China,Pangolin Scales,0,3315,restock,Prometheus,1790862136
2026-10-01T13:42:01+00:00,2026-10-01T13:59:54+00:00,UAE,Camel Plushie,0,2074,restock,YATA,1790863194
2026-10-01T13:59:56+00:00,2026-10-01T14:25:17+00:00,South Africa,Lion Plushie,1018,0,stockout,YATA,1790864717
2026-10-01T13:59:54+00:00,2026-10-01T14:25:37+00:00,UAE,Camel Plushie,2074,0,stockout,Prometheus,1790864737
2026-10-01T14:00:23+00:00,2026-10-01T14:25:25+00:00,China,Pangolin Scales,921,0,stockout,Prometheus,1790864725
2026-10-01T14:00:23+00:00,2026-10-01T14:25:25+00:00,China,Peony,0,8724,restock,Prometheus,1790864725
2026-10-01T14:25:17+00:00,2026-10-01T14:48:19+00:00,South Africa,Raw Ivory,434,0,stockout,Prometheus,1790866099
2026-10-01T14:25:17+00:00,2026-10-01T14:48:19+00:00,South Africa,Lion Plushie,0,1204,restock,Prometheus,1790866099
2026-10-01T14:25:37+00:00,2026-10-01T14:48:25+00:00,UAE,Camel Plushie,0,1732,restock,Prometheus,1790866105
2026-10-01T14:25:25+00:00,2026-10-01T14:48:32+00:00,China,Panda Plushie,1559,0,stockout,Prometheus,1790866112
2026-10-01T14:25:25+00:00,2026-10-01T14:48:32+00:00,China,Pangolin Scales,0,2936,restock,Prometheus,1790866112
2026-10-01T14:48:33+00:00,2026-10-01T15:03:27+00:00,Japan,Xanax,0,257,restock,Prometheus,1790867007
2026-10-01T14:48:25+00:00,2026-10-01T15:03:21+00:00,UAE,Camel Plushie,1732,0,stockout,Prometheus,1790867001
2026-10-01T14:48:25+00:00,2026-10-01T15:03:21+00:00,UAE,Natural Pearls,46,0,stockout,Prometheus,1790867001
2026-10-01T15:03:27+00:00,2026-10-01T15:26:36+00:00,Japan,Xanax,257,0,stockout,Prometheus,1790868396
2026-10-01T15:03:21+00:00,2026-10-01T15:26:27+00:00,UAE,Camel Plushie,0,1260,restock,YATA,1790868387
2026-10-01T15:03:21+00:00,2026-10-01T15:26:27+00:00,UAE,Natural Pearls,0,4647,restock,YATA,1790868387
2026-10-01T15:03:30+00:00,2026-10-01T15:26:35+00:00,China,Panda Plushie,0,74,restock,Prometheus,1790868395
2026-10-01T15:03:30+00:00,2026-10-01T15:26:35+00:00,China,Pangolin Scales,502,0,stockout,Prometheus,1790868395
2026-10-01T15:26:27+00:00,2026-10-01T15:49:03+00:00,UAE,Camel Plushie,1260,0,stockout,Prometheus,1790869743
2026-10-01T15:26:35+00:00,2026-10-01T15:49:00+00:00,China,Pangolin Scales,0,2658,restock,Prometheus,1790869740
2026-10-01T15:49:01+00:00,2026-10-01T16:03:58+00:00,South Africa,Lion Plushie,339,0,stockout,Prometheus,1790870638
2026-10-01T15:49:03+00:00,2026-10-01T16:03:49+00:00,UAE,Camel Plushie,0,1557,restock,YATA,1790870629
2026-10-01T16:03:58+00:00,2026-10-01T16:23:14+00:00,South Africa,Lion Plushie,0,383,restock,YATA,1790871794
2026-10-01T15:49:01+00:00,2026-10-01T16:03:58+00:00,South Africa,African Violet,987,0,stockout,Prometheus,1790870638
2026-10-01T16:03:47+00:00,2026-10-01T16:24:38+00:00,Canada,Xanax,54,0,stockout,Prometheus,1790871878
2026-10-01T16:03:49+00:00,2026-10-01T16:25:19+00:00,UAE,Camel Plushie,1557,0,stockout,Prometheus,1790871919
2026-10-01T16:03:28+00:00,2026-10-01T16:25:28+00:00,China,Panda Plushie,821,0,stockout,Prometheus,1790871928
2026-10-01T16:03:28+00:00,2026-10-01T16:25:28+00:00,China,Pangolin Scales,815,0,stockout,Prometheus,1790871928
2026-10-01T16:23:14+00:00,2026-10-01T16:45:50+00:00,South Africa,Smoke Grenade,473,0,stockout,Prometheus,1790873150
2026-10-01T16:25:19+00:00,2026-10-01T16:44:36+00:00,UAE,Camel Plushie,0,1768,restock,YATA,1790873076
2026-10-01T16:25:28+00:00,2026-10-01T16:46:03+00:00,China,Panda Plushie,0,996,restock,Prometheus,1790873163
2026-10-01T16:25:28+00:00,2026-10-01T16:46:03+00:00,China,Pangolin Scales,0,4033,restock,Prometheus,1790873163
2026-10-01T16:45:50+00:00,2026-10-01T17:02:22+00:00,South Africa,Lion Plushie,2051,0,stockout,YATA,1790874142
2026-10-01T16:46:03+00:00,2026-10-01T17:02:09+00:00,China,Panda Plushie,996,0,stockout,Prometheus,1790874129
2026-10-01T17:02:22+00:00,2026-10-01T17:24:38+00:00,South Africa,Lion Plushie,0,1494,restock,Prometheus,1790875478
2026-10-01T17:02:22+00:00,2026-10-01T17:24:38+00:00,South Africa,African Violet,0,8946,restock,Prometheus,1790875478
2026-10-01T17:02:33+00:00,2026-10-01T17:24:38+00:00,UAE,Tribulus Omanense,958,0,stockout,YATA,1790875478
2026-10-01T17:02:33+00:00,2026-10-01T17:24:38+00:00,UAE,Camel Plushie,510,0,stockout,YATA,1790875478
2026-10-01T17:02:09+00:00,2026-10-01T17:24:41+00:00,China,Panda Plushie,0,978,restock,Prometheus,1790875481
2026-10-01T17:02:09+00:00,2026-10-01T17:24:41+00:00,China,Pangolin Scales,1480,0,stockout,Prometheus,1790875481
2026-10-01T17:02:09+00:00,2026-10-01T17:24:41+00:00,China,Peony,1,0,stockout,Prometheus,1790875481
2026-10-01T17:24:38+00:00,2026-10-01T17:44:33+00:00,South Africa,Smoke Grenade,0,2439,restock,YATA,1790876673
2026-10-01T17:24:38+00:00,2026-10-01T17:44:33+00:00,South Africa,Lion Plushie,1494,0,stockout,YATA,1790876673
2026-10-01T17:24:38+00:00,2026-10-01T17:45:13+00:00,UAE,Camel Plushie,0,475,restock,Prometheus,1790876713
2026-10-01T17:24:41+00:00,2026-10-01T17:45:22+00:00,China,Panda Plushie,978,0,stockout,Prometheus,1790876722
2026-10-01T17:44:33+00:00,2026-10-01T18:01:37+00:00,South Africa,Raw Ivory,0,1802,restock,Prometheus,1790877697
2026-10-01T17:44:33+00:00,2026-10-01T18:01:37+00:00,South Africa,Lion Plushie,0,1827,restock,Prometheus,1790877697
2026-10-01T17:45:13+00:00,2026-10-01T18:01:25+00:00,UAE,Camel Plushie,475,0,stockout,Prometheus,1790877685
2026-10-01T17:45:17+00:00,2026-10-01T18:01:37+00:00,Hawaii,Shark Fin,0,1044,restock,YATA,1790877697
2026-10-01T17:45:22+00:00,2026-10-01T18:01:40+00:00,China,Panda Plushie,0,1193,restock,Prometheus,1790877700
2026-10-01T17:24:41+00:00,2026-10-01T17:45:22+00:00,China,Pangolin Scales,0,4954,restock,Prometheus,1790876722
2026-10-01T18:01:36+00:00,2026-10-01T18:28:17+00:00,Canada,Xanax,0,2468,restock,Prometheus,1790879297
2026-10-01T18:01:25+00:00,2026-10-01T18:28:36+00:00,UAE,Tribulus Omanense,0,9639,restock,Prometheus,1790879316
2026-10-01T18:01:25+00:00,2026-10-01T18:28:36+00:00,UAE,Natural Pearls,785,0,stockout,Prometheus,1790879316
2026-10-01T18:01:37+00:00,2026-10-01T18:28:25+00:00,Hawaii,Shark Fin,1044,0,stockout,Prometheus,1790879305
2026-10-01T18:01:40+00:00,2026-10-01T18:28:17+00:00,China,Panda Plushie,1193,0,stockout,Prometheus,1790879297
2026-10-01T18:01:40+00:00,2026-10-01T18:28:17+00:00,China,Pangolin Scales,2129,0,stockout,Prometheus,1790879297
2026-10-01T18:01:40+00:00,2026-10-01T18:28:17+00:00,China,Peony,0,9310,restock,Prometheus,1790879297
2026-10-01T18:28:36+00:00,2026-10-01T18:50:59+00:00,UAE,Camel Plushie,0,1563,restock,Prometheus,1790880659
2026-10-01T18:28:17+00:00,2026-10-01T18:51:08+00:00,China,Panda Plushie,0,1276,restock,Prometheus,1790880668
2026-10-01T18:50:56+00:00,2026-10-01T19:06:48+00:00,South Africa,Raw Ivory,109,0,stockout,YATA,1790881608
2026-10-01T18:51:18+00:00,2026-10-01T19:08:14+00:00,Japan,Xanax,0,81,restock,Prometheus,1790881694
2026-10-01T18:50:59+00:00,2026-10-01T19:07:59+00:00,UAE,Natural Pearls,0,4486,restock,YATA,1790881679
2026-10-01T18:51:14+00:00,2026-10-01T19:08:31+00:00,Hawaii,Shark Fin,0,3277,restock,Prometheus,1790881711
2026-10-01T18:51:08+00:00,2026-10-01T19:08:29+00:00,China,Pangolin Scales,0,3368,restock,Prometheus,1790881709
2026-10-01T19:06:48+00:00,2026-10-01T19:29:06+00:00,South Africa,Lion Plushie,1021,0,stockout,YATA,1790882946
2026-10-01T19:08:14+00:00,2026-10-01T19:29:45+00:00,Japan,Xanax,81,0,stockout,Prometheus,1790882985
2026-10-01T19:08:31+00:00,2026-10-01T19:29:47+00:00,Hawaii,Shark Fin,3277,0,stockout,Prometheus,1790882987
2026-10-01T19:29:06+00:00,2026-10-01T19:47:15+00:00,South Africa,Lion Plushie,0,2051,restock,Prometheus,1790884035
2026-10-01T19:29:07+00:00,2026-10-01T19:47:16+00:00,China,Pangolin Scales,1440,0,stockout,Prometheus,1790884036
2026-10-01T19:47:00+00:00,2026-10-01T20:00:15+00:00,UAE,Camel Plushie,880,0,stockout,YATA,1790884815
2026-10-01T20:00:25+00:00,2026-10-01T20:24:00+00:00,South Africa,Lion Plushie,1042,0,stockout,Prometheus,1790886240
2026-10-01T20:00:15+00:00,2026-10-01T20:23:41+00:00,UAE,Camel Plushie,0,1819,restock,Prometheus,1790886221
2026-10-01T20:00:22+00:00,2026-10-01T20:23:52+00:00,Hawaii,Shark Fin,0,1123,restock,YATA,1790886232
2026-10-01T20:00:14+00:00,2026-10-01T20:23:55+00:00,China,Pangolin Scales,0,3777,restock,Prometheus,1790886235
2026-10-01T20:24:00+00:00,2026-10-01T20:43:45+00:00,South Africa,Lion Plushie,0,1696,restock,Prometheus,1790887425
2026-10-01T20:23:52+00:00,2026-10-01T20:44:09+00:00,Hawaii,Shark Fin,1123,0,stockout,Prometheus,1790887449
2026-10-01T20:44:15+00:00,2026-10-01T20:57:38+00:00,UAE,Camel Plushie,226,0,stockout,Prometheus,1790888258
2026-10-01T20:58:34+00:00,2026-10-01T21:20:31+00:00,South Africa,Smoke Grenade,180,0,stockout,Prometheus,1790889631
2026-10-01T20:58:34+00:00,2026-10-01T21:20:31+00:00,South Africa,Lion Plushie,942,0,stockout,Prometheus,1790889631
2026-10-01T20:58:49+00:00,2026-10-01T21:20:32+00:00,Japan,Xanax,0,1332,restock,Prometheus,1790889632
2026-10-01T20:57:38+00:00,2026-10-01T21:20:26+00:00,UAE,Camel Plushie,0,1067,restock,Prometheus,1790889626
2026-10-01T20:58:29+00:00,2026-10-01T21:20:27+00:00,China,Panda Plushie,548,0,stockout,Prometheus,1790889627
2026-10-01T20:58:29+00:00,2026-10-01T21:20:27+00:00,China,Pangolin Scales,896,0,stockout,Prometheus,1790889627
2026-10-01T21:20:31+00:00,2026-10-01T21:40:33+00:00,South Africa,Lion Plushie,0,1720,restock,Prometheus,1790890833
2026-10-01T21:20:32+00:00,2026-10-01T21:40:23+00:00,Japan,Xanax,1332,0,stockout,Prometheus,1790890823
2026-10-01T21:20:26+00:00,2026-10-01T21:39:59+00:00,UAE,Camel Plushie,1067,0,stockout,Prometheus,1790890799
2026-10-01T21:20:34+00:00,2026-10-01T21:40:50+00:00,Hawaii,Shark Fin,0,2733,restock,Prometheus,1790890850
2026-10-01T21:20:27+00:00,2026-10-01T21:40:24+00:00,China,Panda Plushie,0,1434,restock,Prometheus,1790890824
2026-10-01T21:40:33+00:00,2026-10-01T21:57:21+00:00,South Africa,Raw Ivory,0,1847,restock,Prometheus,1790891841
2026-10-01T21:39:59+00:00,2026-10-01T21:57:22+00:00,UAE,Camel Plushie,0,2131,restock,YATA,1790891842
2026-10-01T21:40:50+00:00,2026-10-01T21:57:19+00:00,Hawaii,Shark Fin,2733,0,stockout,Prometheus,1790891839
2026-10-01T21:20:27+00:00,2026-10-01T21:40:24+00:00,China,Pangolin Scales,0,4793,restock,Prometheus,1790890824
2026-10-01T21:57:21+00:00,2026-10-01T22:17:46+00:00,South Africa,Smoke Grenade,0,2482,restock,Prometheus,1790893066
2026-10-01T21:57:21+00:00,2026-10-01T22:17:46+00:00,South Africa,Lion Plushie,872,0,stockout,Prometheus,1790893066
2026-10-01T21:57:22+00:00,2026-10-01T22:17:21+00:00,UAE,Natural Pearls,72,0,stockout,Prometheus,1790893041
2026-10-01T21:57:13+00:00,2026-10-01T22:17:49+00:00,China,Panda Plushie,665,0,stockout,Prometheus,1790893069
2026-10-01T22:17:46+00:00,2026-10-01T22:35:23+00:00,South Africa,Xanax,7,0,stockout,Prometheus,1790894123
2026-10-01T22:17:46+00:00,2026-10-01T22:35:23+00:00,South Africa,Lion Plushie,0,1908,restock,Prometheus,1790894123
2026-10-01T22:17:21+00:00,2026-10-01T22:35:22+00:00,UAE,Camel Plushie,655,0,stockout,Prometheus,1790894122
2026-10-01T22:17:21+00:00,2026-10-01T22:35:22+00:00,UAE,Natural Pearls,0,4843,restock,Prometheus,1790894122
2026-10-01T22:17:49+00:00,2026-10-01T22:34:56+00:00,China,Panda Plushie,0,2215,restock,YATA,1790894096
2026-10-01T22:17:49+00:00,2026-10-01T22:34:56+00:00,China,Pangolin Scales,716,0,stockout,YATA,1790894096
2026-10-01T22:35:23+00:00,2026-10-01T22:52:30+00:00,South Africa,Raw Ivory,651,0,stockout,Prometheus,1790895150
2026-10-01T22:35:22+00:00,2026-10-01T22:52:28+00:00,UAE,Camel Plushie,0,1735,restock,YATA,1790895148
2026-10-01T22:52:28+00:00,2026-10-01T23:07:09+00:00,Hawaii,Shark Fin,0,1926,restock,YATA,1790896029
2026-10-01T22:52:31+00:00,2026-10-01T23:08:09+00:00,China,Panda Plushie,1048,0,stockout,Prometheus,1790896089
2026-10-01T22:52:31+00:00,2026-10-01T23:08:09+00:00,China,Pangolin Scales,0,4297,restock,Prometheus,1790896089
2026-10-01T22:52:31+00:00,2026-10-01T23:08:09+00:00,China,Peony,348,0,stockout,Prometheus,1790896089
2026-10-01T23:07:52+00:00,2026-10-01T23:25:40+00:00,South Africa,Lion Plushie,281,0,stockout,Prometheus,1790897140
2026-10-01T23:07:52+00:00,2026-10-01T23:25:40+00:00,South Africa,African Violet,47,0,stockout,Prometheus,1790897140
2026-10-01T23:07:53+00:00,2026-10-01T23:25:51+00:00,UAE,Camel Plushie,584,0,stockout,Prometheus,1790897151
2026-10-01T23:07:09+00:00,2026-10-01T23:25:46+00:00,Hawaii,Shark Fin,1926,0,stockout,YATA,1790897146
2026-10-01T23:08:09+00:00,2026-10-01T23:25:48+00:00,China,Panda Plushie,0,2195,restock,Prometheus,1790897148
2026-10-01T23:25:40+00:00,2026-10-01T23:44:07+00:00,South Africa,Lion Plushie,0,1124,restock,Prometheus,1790898247
2026-10-01T23:25:51+00:00,2026-10-01T23:43:52+00:00,UAE,Camel Plushie,0,1557,restock,Prometheus,1790898232
2026-10-01T23:25:39+00:00,2026-10-01T23:44:07+00:00,Japan,Xanax,0,2500,restock,Prometheus,1790898247
2026-10-01T23:43:45+00:00,2026-10-01T23:57:41+00:00,Canada,Xanax,75,0,stockout,Prometheus,1790899061
2026-10-01T23:43:39+00:00,2026-10-01T23:57:27+00:00,China,Pangolin Scales,842,0,stockout,Prometheus,1790899047
2026-10-01T23:57:35+00:00,2026-10-02T00:27:31+00:00,South Africa,Xanax,0,2452,restock,YATA,1790900851
2026-10-01T23:57:35+00:00,2026-10-02T00:27:31+00:00,South Africa,African Violet,0,9830,restock,YATA,1790900851
2026-10-01T23:57:54+00:00,2026-10-02T00:27:26+00:00,Japan,Xanax,223,0,stockout,Prometheus,1790900846
2026-10-01T23:57:33+00:00,2026-10-02T00:27:43+00:00,UAE,Tribulus Omanense,259,0,stockout,Prometheus,1790900863
2026-10-01T23:57:33+00:00,2026-10-02T00:27:43+00:00,UAE,Camel Plushie,608,0,stockout,Prometheus,1790900863
2026-10-01T23:57:40+00:00,2026-10-02T00:27:49+00:00,Hawaii,Shark Fin,0,4263,restock,Prometheus,1790900869
2026-10-01T23:57:27+00:00,2026-10-02T00:27:17+00:00,China,Peony,0,8872,restock,Prometheus,1790900837
2026-10-02T00:27:43+00:00,2026-10-02T00:51:26+00:00,UAE,Camel Plushie,0,567,restock,Prometheus,1790902286
2026-10-02T00:27:17+00:00,2026-10-02T00:51:33+00:00,China,Pangolin Scales,0,2680,restock,Prometheus,1790902293
2026-10-02T00:51:26+00:00,2026-10-02T01:10:12+00:00,UAE,Camel Plushie,567,0,stockout,Prometheus,1790903412
2026-10-02T00:51:51+00:00,2026-10-02T01:10:07+00:00,Hawaii,Shark Fin,1182,0,stockout,Prometheus,1790903407
2026-10-02T01:10:12+00:00,2026-10-02T01:30:49+00:00,UAE,Tribulus Omanense,0,9573,restock,Prometheus,1790904649
2026-10-02T01:10:12+00:00,2026-10-02T01:30:49+00:00,UAE,Camel Plushie,0,1555,restock,Prometheus,1790904649
2026-10-02T01:10:03+00:00,2026-10-02T01:30:45+00:00,China,Pangolin Scales,1448,0,stockout,Prometheus,1790904645
2026-10-02T01:30:30+00:00,2026-10-02T01:48:50+00:00,South Africa,Raw Ivory,0,1971,restock,YATA,1790905730
2026-10-02T01:30:30+00:00,2026-10-02T01:48:50+00:00,South Africa,Lion Plushie,910,0,stockout,YATA,1790905730
2026-10-02T01:48:50+00:00,2026-10-02T02:04:37+00:00,South Africa,Lion Plushie,0,2275,restock,Prometheus,1790906677
2026-10-02T01:49:01+00:00,2026-10-02T02:04:24+00:00,Canada,Xanax,0,2399,restock,Prometheus,1790906664
2026-10-02T01:48:41+00:00,2026-10-02T02:04:13+00:00,UAE,Camel Plushie,401,0,stockout,Prometheus,1790906653
2026-10-02T01:48:10+00:00,2026-10-02T02:04:22+00:00,China,Pangolin Scales,0,4013,restock,Prometheus,1790906662
2026-10-02T02:04:13+00:00,2026-10-02T02:24:00+00:00,UAE,Camel Plushie,0,1744,restock,Prometheus,1790907840
2026-10-02T02:04:26+00:00,2026-10-02T02:23:22+00:00,Hawaii,Shark Fin,0,987,restock,Prometheus,1790907802
2026-10-02T02:04:22+00:00,2026-10-02T02:23:50+00:00,China,Panda Plushie,403,0,stockout,YATA,1790907830
2026-10-02T02:23:52+00:00,2026-10-02T02:42:48+00:00,South Africa,Smoke Grenade,8,0,stockout,Prometheus,1790908968
2026-10-02T02:23:22+00:00,2026-10-02T02:42:42+00:00,Hawaii,Shark Fin,987,0,stockout,Prometheus,1790908962
2026-10-02T02:23:50+00:00,2026-10-02T02:42:49+00:00,China,Panda Plushie,0,2085,restock,Prometheus,1790908969
2026-10-02T02:42:48+00:00,2026-10-02T02:58:23+00:00,South Africa,Raw Ivory,103,0,stockout,Prometheus,1790909903
2026-10-02T02:42:48+00:00,2026-10-02T02:58:23+00:00,South Africa,Lion Plushie,525,0,stockout,Prometheus,1790909903
2026-10-02T02:42:59+00:00,2026-10-02T02:58:50+00:00,Japan,Xanax,0,1336,restock,YATA,1790909930
2026-10-02T03:21:05+00:00,2026-10-02T03:42:20+00:00,South Africa,Smoke Grenade,0,2328,restock,Prometheus,1790912540
2026-10-02T02:58:50+00:00,2026-10-02T03:21:27+00:00,Japan,Xanax,1336,0,stockout,Prometheus,1790911287
2026-10-02T03:20:49+00:00,2026-10-02T03:42:13+00:00,Hawaii,Shark Fin,0,2746,restock,Prometheus,1790912533
2026-10-02T03:42:20+00:00,2026-10-02T03:58:29+00:00,South Africa,Lion Plushie,0,1969,restock,Prometheus,1790913509
2026-10-02T03:58:29+00:00,2026-10-02T04:21:34+00:00,South Africa,Lion Plushie,1969,0,stockout,Prometheus,1790914894
2026-10-02T03:58:28+00:00,2026-10-02T04:21:49+00:00,Japan,Xanax,0,269,restock,Prometheus,1790914909
2026-10-02T03:57:44+00:00,2026-10-02T04:21:42+00:00,UAE,Natural Pearls,386,0,stockout,YATA,1790914902
2026-10-02T03:57:55+00:00,2026-10-02T04:21:47+00:00,Hawaii,Shark Fin,921,0,stockout,YATA,1790914907
2026-10-02T04:21:34+00:00,2026-10-02T04:41:27+00:00,South Africa,Lion Plushie,0,1555,restock,Prometheus,1790916087
2026-10-02T04:21:49+00:00,2026-10-02T04:42:01+00:00,Japan,Xanax,269,0,stockout,Prometheus,1790916121
2026-10-02T04:21:43+00:00,2026-10-02T04:42:04+00:00,Canada,Xanax,185,0,stockout,Prometheus,1790916124
2026-10-02T04:21:47+00:00,2026-10-02T04:42:07+00:00,China,Panda Plushie,701,0,stockout,Prometheus,1790916127
2026-10-02T04:21:47+00:00,2026-10-02T04:42:07+00:00,China,Pangolin Scales,197,0,stockout,Prometheus,1790916127
2026-10-02T04:41:27+00:00,2026-10-02T04:57:30+00:00,South Africa,Lion Plushie,1555,0,stockout,YATA,1790917050
2026-10-02T04:40:41+00:00,2026-10-02T04:57:57+00:00,UAE,Camel Plushie,695,0,stockout,Prometheus,1790917077
2026-10-02T04:40:41+00:00,2026-10-02T04:57:57+00:00,UAE,Natural Pearls,0,4640,restock,Prometheus,1790917077
2026-10-02T04:42:07+00:00,2026-10-02T04:58:03+00:00,China,Panda Plushie,0,1931,restock,Prometheus,1790917083
2026-10-02T04:57:30+00:00,2026-10-02T05:19:59+00:00,South Africa,Lion Plushie,0,1758,restock,Prometheus,1790918399
2026-10-02T04:57:57+00:00,2026-10-02T05:19:25+00:00,UAE,Camel Plushie,0,1370,restock,YATA,1790918365
2026-10-02T04:58:08+00:00,2026-10-02T05:19:20+00:00,Hawaii,Shark Fin,0,2236,restock,YATA,1790918360
2026-10-02T04:58:03+00:00,2026-10-02T05:19:30+00:00,China,Pangolin Scales,0,2869,restock,Prometheus,1790918370
2026-10-02T05:38:59+00:00,2026-10-02T05:55:45+00:00,South Africa,Raw Ivory,0,2482,restock,Prometheus,1790920545
2026-10-02T05:38:59+00:00,2026-10-02T05:55:45+00:00,South Africa,Lion Plushie,340,0,stockout,Prometheus,1790920545
2026-10-02T05:38:44+00:00,2026-10-02T05:55:25+00:00,Hawaii,Shark Fin,259,0,stockout,Prometheus,1790920525
2026-10-02T05:39:08+00:00,2026-10-02T05:55:39+00:00,China,Panda Plushie,237,0,stockout,Prometheus,1790920539
2026-10-02T05:55:45+00:00,2026-10-02T06:21:36+00:00,South Africa,Lion Plushie,0,970,restock,Prometheus,1790922096
2026-10-02T05:55:39+00:00,2026-10-02T06:22:45+00:00,China,Panda Plushie,0,546,restock,Prometheus,1790922165
2026-10-02T05:55:39+00:00,2026-10-02T06:22:45+00:00,China,Pangolin Scales,416,0,stockout,Prometheus,1790922165
2026-10-02T05:55:39+00:00,2026-10-02T06:22:45+00:00,China,Peony,408,0,stockout,Prometheus,1790922165
2026-10-02T06:21:36+00:00,2026-10-02T06:46:43+00:00,South Africa,Lion Plushie,970,0,stockout,YATA,1790923603
2026-10-02T06:22:52+00:00,2026-10-02T06:48:03+00:00,Canada,Xanax,0,2252,restock,Prometheus,1790923683
2026-10-02T06:22:31+00:00,2026-10-02T06:48:01+00:00,UAE,Camel Plushie,844,0,stockout,Prometheus,1790923681
2026-10-02T06:22:13+00:00,2026-10-02T06:48:08+00:00,Hawaii,Shark Fin,0,2641,restock,Prometheus,1790923688
2026-10-02T06:22:45+00:00,2026-10-02T06:48:07+00:00,China,Pangolin Scales,0,2784,restock,Prometheus,1790923687
2026-10-02T06:46:43+00:00,2026-10-02T07:03:56+00:00,South Africa,Raw Ivory,199,0,stockout,YATA,1790924636
2026-10-02T06:46:43+00:00,2026-10-02T07:03:56+00:00,South Africa,Lion Plushie,0,1792,restock,YATA,1790924636
2026-10-02T06:46:43+00:00,2026-10-02T07:03:56+00:00,South Africa,African Violet,245,0,stockout,YATA,1790924636
2026-10-02T06:48:01+00:00,2026-10-02T07:01:55+00:00,UAE,Camel Plushie,0,1693,restock,Prometheus,1790924515
2026-10-02T06:48:08+00:00,2026-10-02T07:04:09+00:00,Hawaii,Shark Fin,2641,0,stockout,Prometheus,1790924649
2026-10-02T07:03:56+00:00,2026-10-02T07:27:33+00:00,South Africa,Lion Plushie,1792,0,stockout,Prometheus,1790926053
2026-10-02T07:01:55+00:00,2026-10-02T07:26:46+00:00,UAE,Camel Plushie,1693,0,stockout,Prometheus,1790926006
2026-10-02T07:03:37+00:00,2026-10-02T07:27:32+00:00,China,Panda Plushie,1089,0,stockout,Prometheus,1790926052
2026-10-02T07:03:37+00:00,2026-10-02T07:27:32+00:00,China,Pangolin Scales,1117,0,stockout,Prometheus,1790926052
2026-10-02T07:03:37+00:00,2026-10-02T07:27:32+00:00,China,Peony,0,9136,restock,Prometheus,1790926052
2026-10-02T07:27:33+00:00,2026-10-02T07:48:17+00:00,South Africa,Smoke Grenade,124,0,stockout,Prometheus,1790927297
2026-10-02T07:27:33+00:00,2026-10-02T07:48:17+00:00,South Africa,Lion Plushie,0,1511,restock,Prometheus,1790927297
2026-10-02T07:27:33+00:00,2026-10-02T07:48:17+00:00,South Africa,African Violet,0,9971,restock,Prometheus,1790927297
2026-10-02T07:26:46+00:00,2026-10-02T07:48:35+00:00,UAE,Tribulus Omanense,106,0,stockout,YATA,1790927315
2026-10-02T07:26:46+00:00,2026-10-02T07:48:35+00:00,UAE,Camel Plushie,0,1608,restock,YATA,1790927315
2026-10-02T07:27:32+00:00,2026-10-02T07:48:40+00:00,China,Panda Plushie,0,1305,restock,Prometheus,1790927320
2026-10-02T07:27:32+00:00,2026-10-02T07:48:40+00:00,China,Pangolin Scales,0,4403,restock,Prometheus,1790927320
2026-10-02T07:48:22+00:00,2026-10-02T08:03:45+00:00,Hawaii,Shark Fin,0,2109,restock,YATA,1790928225
2026-10-02T08:03:49+00:00,2026-10-02T08:27:34+00:00,UAE,Natural Pearls,165,0,stockout,Prometheus,1790929654
2026-10-02T08:03:45+00:00,2026-10-02T08:27:18+00:00,Hawaii,Shark Fin,2109,0,stockout,YATA,1790929638
2026-10-02T08:27:06+00:00,2026-10-02T08:47:00+00:00,South Africa,Smoke Grenade,0,2238,restock,Prometheus,1790930820
2026-10-02T08:27:06+00:00,2026-10-02T08:47:00+00:00,South Africa,Lion Plushie,1612,0,stockout,Prometheus,1790930820
2026-10-02T08:27:34+00:00,2026-10-02T08:45:59+00:00,UAE,Tribulus Omanense,0,9299,restock,Prometheus,1790930759
2026-10-02T08:27:34+00:00,2026-10-02T08:45:59+00:00,UAE,Camel Plushie,1679,0,stockout,Prometheus,1790930759
2026-10-02T08:27:34+00:00,2026-10-02T08:45:59+00:00,UAE,Natural Pearls,0,4801,restock,Prometheus,1790930759
2026-10-02T08:27:32+00:00,2026-10-02T08:47:21+00:00,China,Pangolin Scales,201,0,stockout,Prometheus,1790930841
2026-10-02T08:47:00+00:00,2026-10-02T09:01:34+00:00,South Africa,Lion Plushie,0,2054,restock,Prometheus,1790931694
2026-10-02T08:47:21+00:00,2026-10-02T09:01:59+00:00,Japan,Xanax,0,37,restock,Prometheus,1790931719
2026-10-02T08:46:59+00:00,2026-10-02T09:01:49+00:00,Canada,Xanax,29,0,stockout,Prometheus,1790931709
2026-10-02T08:45:59+00:00,2026-10-02T09:01:50+00:00,UAE,Camel Plushie,0,1714,restock,YATA,1790931710
2026-10-02T08:47:21+00:00,2026-10-02T09:02:10+00:00,China,Panda Plushie,816,0,stockout,Prometheus,1790931730
2026-10-02T08:47:21+00:00,2026-10-02T09:02:10+00:00,China,Pangolin Scales,0,3859,restock,Prometheus,1790931730
2026-10-02T09:01:34+00:00,2026-10-02T09:25:30+00:00,South Africa,Lion Plushie,2054,0,stockout,Prometheus,1790933130
2026-10-02T09:01:59+00:00,2026-10-02T09:25:17+00:00,Japan,Xanax,37,0,stockout,YATA,1790933117
2026-10-02T09:01:50+00:00,2026-10-02T09:25:02+00:00,UAE,Camel Plushie,1714,0,stockout,Prometheus,1790933102
2026-10-02T09:02:01+00:00,2026-10-02T09:25:28+00:00,Hawaii,Shark Fin,0,1501,restock,Prometheus,1790933128
2026-10-02T09:02:10+00:00,2026-10-02T09:25:28+00:00,China,Panda Plushie,0,1536,restock,YATA,1790933128
2026-10-02T09:25:30+00:00,2026-10-02T09:46:47+00:00,South Africa,Raw Ivory,0,2163,restock,Prometheus,1790934407
2026-10-02T09:25:30+00:00,2026-10-02T09:46:47+00:00,South Africa,Lion Plushie,0,2095,restock,Prometheus,1790934407
2026-10-02T09:25:02+00:00,2026-10-02T09:46:48+00:00,UAE,Camel Plushie,0,1439,restock,Prometheus,1790934408
2026-10-02T09:25:28+00:00,2026-10-02T09:47:00+00:00,Hawaii,Shark Fin,1501,0,stockout,Prometheus,1790934420
2026-10-02T09:25:28+00:00,2026-10-02T09:46:53+00:00,China,Pangolin Scales,836,0,stockout,Prometheus,1790934413
2026-10-02T09:46:53+00:00,2026-10-02T10:00:22+00:00,China,Panda Plushie,152,0,stockout,Prometheus,1790935222
2026-10-02T10:00:10+00:00,2026-10-02T10:22:01+00:00,South Africa,Lion Plushie,1047,0,stockout,Prometheus,1790936521
2026-10-02T10:00:22+00:00,2026-10-02T10:22:23+00:00,China,Panda Plushie,0,1551,restock,Prometheus,1790936543
2026-10-02T10:00:22+00:00,2026-10-02T10:22:23+00:00,China,Pangolin Scales,0,1960,restock,Prometheus,1790936543
2026-10-02T10:22:01+00:00,2026-10-02T10:41:47+00:00,South Africa,Lion Plushie,0,1704,restock,Prometheus,1790937707
2026-10-02T10:21:48+00:00,2026-10-02T10:42:17+00:00,UAE,Camel Plushie,1871,0,stockout,Prometheus,1790937737
2026-10-02T10:41:47+00:00,2026-10-02T10:58:04+00:00,South Africa,Raw Ivory,99,0,stockout,Prometheus,1790938684
2026-10-02T10:41:38+00:00,2026-10-02T10:57:27+00:00,Canada,Xanax,0,2254,restock,Prometheus,1790938647
2026-10-02T10:42:17+00:00,2026-10-02T10:57:46+00:00,UAE,Camel Plushie,0,2243,restock,Prometheus,1790938666
2026-10-02T10:42:15+00:00,2026-10-02T10:58:10+00:00,China,Panda Plushie,496,0,stockout,Prometheus,1790938690
2026-10-02T10:42:15+00:00,2026-10-02T10:58:10+00:00,China,Pangolin Scales,68,0,stockout,Prometheus,1790938690
2026-10-02T10:42:15+00:00,2026-10-02T10:58:10+00:00,China,Peony,938,0,stockout,Prometheus,1790938690
2026-10-02T10:58:10+00:00,2026-10-02T11:19:57+00:00,China,Panda Plushie,0,920,restock,Prometheus,1790939997
2026-10-02T10:58:10+00:00,2026-10-02T11:19:57+00:00,China,Pangolin Scales,0,3329,restock,Prometheus,1790939997
2026-10-02T11:19:44+00:00,2026-10-02T11:39:12+00:00,UAE,Camel Plushie,803,0,stockout,Prometheus,1790941152
2026-10-02T11:19:57+00:00,2026-10-02T11:39:24+00:00,China,Panda Plushie,920,0,stockout,Prometheus,1790941164
2026-10-02T11:39:44+00:00,2026-10-02T11:56:15+00:00,South Africa,Smoke Grenade,40,0,stockout,Prometheus,1790942175
2026-10-02T11:39:44+00:00,2026-10-02T11:56:15+00:00,South Africa,Lion Plushie,537,0,stockout,Prometheus,1790942175
2026-10-02T11:39:12+00:00,2026-10-02T11:55:25+00:00,UAE,Camel Plushie,0,1667,restock,Prometheus,1790942125
2026-10-02T11:39:24+00:00,2026-10-02T11:56:11+00:00,China,Panda Plushie,0,1647,restock,Prometheus,1790942171
2026-10-02T11:39:24+00:00,2026-10-02T11:56:11+00:00,China,Pangolin Scales,1376,0,stockout,Prometheus,1790942171
2026-10-02T11:39:24+00:00,2026-10-02T11:56:11+00:00,China,Peony,0,9797,restock,Prometheus,1790942171
2026-10-02T11:56:15+00:00,2026-10-02T12:24:12+00:00,South Africa,Lion Plushie,0,56,restock,Prometheus,1790943852
2026-10-02T11:55:25+00:00,2026-10-02T12:23:52+00:00,UAE,Camel Plushie,1667,0,stockout,Prometheus,1790943832
2026-10-02T11:55:25+00:00,2026-10-02T12:23:52+00:00,UAE,Natural Pearls,224,0,stockout,Prometheus,1790943832
2026-10-02T11:56:11+00:00,2026-10-02T12:24:05+00:00,China,Panda Plushie,1647,0,stockout,Prometheus,1790943845
2026-10-02T12:24:12+00:00,2026-10-02T12:49:14+00:00,South Africa,Smoke Grenade,0,2321,restock,Prometheus,1790945354
2026-10-02T12:24:12+00:00,2026-10-02T12:49:14+00:00,South Africa,African Violet,926,0,stockout,Prometheus,1790945354
2026-10-02T12:23:54+00:00,2026-10-02T12:49:02+00:00,Canada,Xanax,389,0,stockout,Prometheus,1790945342
2026-10-02T12:23:52+00:00,2026-10-02T12:49:06+00:00,UAE,Tribulus Omanense,757,0,stockout,Prometheus,1790945346
2026-10-02T12:23:52+00:00,2026-10-02T12:49:06+00:00,UAE,Camel Plushie,0,857,restock,Prometheus,1790945346
2026-10-02T12:23:52+00:00,2026-10-02T12:49:06+00:00,UAE,Natural Pearls,0,4829,restock,Prometheus,1790945346
2026-10-02T12:24:05+00:00,2026-10-02T12:48:36+00:00,China,Panda Plushie,0,894,restock,Prometheus,1790945316
2026-10-02T12:24:05+00:00,2026-10-02T12:48:36+00:00,China,Pangolin Scales,0,1659,restock,Prometheus,1790945316
2026-10-02T12:48:36+00:00,2026-10-02T13:06:26+00:00,China,Pangolin Scales,1659,0,stockout,Prometheus,1790946386
2026-10-02T13:30:13+00:00,2026-10-02T13:53:08+00:00,South Africa,Raw Ivory,0,1871,restock,Prometheus,1790949188
2026-10-02T13:30:13+00:00,2026-10-02T13:53:08+00:00,South Africa,Lion Plushie,1143,0,stockout,Prometheus,1790949188
2026-10-02T13:30:13+00:00,2026-10-02T13:53:08+00:00,South Africa,African Violet,0,9297,restock,Prometheus,1790949188
2026-10-02T13:30:23+00:00,2026-10-02T13:52:42+00:00,UAE,Tribulus Omanense,0,9241,restock,YATA,1790949162
2026-10-02T13:30:23+00:00,2026-10-02T13:52:42+00:00,UAE,Camel Plushie,1134,0,stockout,YATA,1790949162
2026-10-02T13:30:28+00:00,2026-10-02T13:53:10+00:00,China,Panda Plushie,1751,0,stockout,Prometheus,1790949190
2026-10-02T13:30:28+00:00,2026-10-02T13:53:10+00:00,China,Pangolin Scales,0,2020,restock,Prometheus,1790949190
2026-10-02T13:53:08+00:00,2026-10-02T14:09:15+00:00,South Africa,Lion Plushie,0,1655,restock,Prometheus,1790950155
2026-10-02T13:52:42+00:00,2026-10-02T14:09:40+00:00,UAE,Camel Plushie,0,1042,restock,Prometheus,1790950180
2026-10-02T13:53:07+00:00,2026-10-02T14:09:24+00:00,Hawaii,Shark Fin,0,815,restock,Prometheus,1790950164
2026-10-02T13:53:10+00:00,2026-10-02T14:09:14+00:00,China,Panda Plushie,0,2369,restock,Prometheus,1790950154
2026-10-02T13:53:10+00:00,2026-10-02T14:09:14+00:00,China,Pangolin Scales,2020,0,stockout,Prometheus,1790950154
2026-10-02T14:09:15+00:00,2026-10-02T14:33:34+00:00,South Africa,Raw Ivory,1249,0,stockout,Prometheus,1790951614
2026-10-02T14:09:15+00:00,2026-10-02T14:33:34+00:00,South Africa,Lion Plushie,1655,0,stockout,Prometheus,1790951614
2026-10-02T14:09:40+00:00,2026-10-02T14:33:27+00:00,UAE,Camel Plushie,1042,0,stockout,Prometheus,1790951607
2026-10-02T14:09:24+00:00,2026-10-02T14:33:31+00:00,Hawaii,Shark Fin,815,0,stockout,Prometheus,1790951611
2026-10-02T14:09:14+00:00,2026-10-02T14:33:34+00:00,China,Panda Plushie,2369,0,stockout,YATA,1790951614
2026-10-02T14:33:34+00:00,2026-10-02T14:54:52+00:00,South Africa,Lion Plushie,0,1702,restock,Prometheus,1790952892
2026-10-02T14:33:27+00:00,2026-10-02T14:54:48+00:00,Canada,Xanax,0,2356,restock,Prometheus,1790952888
2026-10-02T14:33:27+00:00,2026-10-02T14:54:10+00:00,UAE,Camel Plushie,0,896,restock,Prometheus,1790952850
2026-10-02T14:33:34+00:00,2026-10-02T14:54:25+00:00,China,Panda Plushie,0,2025,restock,YATA,1790952865
2026-10-02T14:33:34+00:00,2026-10-02T14:54:25+00:00,China,Pangolin Scales,0,2051,restock,YATA,1790952865
2026-10-02T14:54:52+00:00,2026-10-02T15:17:48+00:00,South Africa,Smoke Grenade,387,0,stockout,Prometheus,1790954268
2026-10-02T14:54:52+00:00,2026-10-02T15:17:48+00:00,South Africa,Lion Plushie,1702,0,stockout,Prometheus,1790954268
2026-10-02T14:54:10+00:00,2026-10-02T15:17:53+00:00,UAE,Camel Plushie,896,0,stockout,Prometheus,1790954273
2026-10-02T14:54:39+00:00,2026-10-02T15:17:44+00:00,Hawaii,Shark Fin,0,1089,restock,YATA,1790954264
2026-10-02T14:54:25+00:00,2026-10-02T15:17:44+00:00,China,Pangolin Scales,2051,0,stockout,Prometheus,1790954264
2026-10-02T15:17:48+00:00,2026-10-02T15:38:40+00:00,South Africa,Smoke Grenade,0,1,restock,YATA,1790955520
2026-10-02T15:17:48+00:00,2026-10-02T15:38:40+00:00,South Africa,Lion Plushie,0,1423,restock,YATA,1790955520
2026-10-02T15:17:53+00:00,2026-10-02T15:38:08+00:00,UAE,Camel Plushie,0,469,restock,Prometheus,1790955488
2026-10-02T15:17:53+00:00,2026-10-02T15:38:08+00:00,UAE,Natural Pearls,358,0,stockout,Prometheus,1790955488
2026-10-02T15:17:44+00:00,2026-10-02T15:38:45+00:00,Hawaii,Shark Fin,1089,0,stockout,Prometheus,1790955525
2026-10-02T15:17:44+00:00,2026-10-02T15:38:45+00:00,China,Peony,70,0,stockout,Prometheus,1790955525
2026-10-02T15:38:40+00:00,2026-10-02T15:57:21+00:00,South Africa,Smoke Grenade,1,0,stockout,Prometheus,1790956641
2026-10-02T15:38:40+00:00,2026-10-02T15:57:21+00:00,South Africa,Lion Plushie,1423,0,stockout,Prometheus,1790956641
2026-10-02T15:38:08+00:00,2026-10-02T15:57:28+00:00,UAE,Camel Plushie,469,0,stockout,Prometheus,1790956648
2026-10-02T15:38:45+00:00,2026-10-02T15:57:28+00:00,China,Panda Plushie,1540,0,stockout,Prometheus,1790956648
2026-10-02T15:38:45+00:00,2026-10-02T15:57:28+00:00,China,Pangolin Scales,0,2529,restock,Prometheus,1790956648
2026-10-02T15:57:21+00:00,2026-10-02T16:20:19+00:00,South Africa,Smoke Grenade,0,2399,restock,Prometheus,1790958019
2026-10-02T15:57:21+00:00,2026-10-02T16:20:19+00:00,South Africa,Lion Plushie,0,1366,restock,Prometheus,1790958019
2026-10-02T15:57:28+00:00,2026-10-02T16:19:09+00:00,UAE,Camel Plushie,0,408,restock,Prometheus,1790957949
2026-10-02T15:57:28+00:00,2026-10-02T16:19:09+00:00,UAE,Natural Pearls,0,4496,restock,Prometheus,1790957949
2026-10-02T15:57:28+00:00,2026-10-02T16:20:22+00:00,China,Panda Plushie,0,1365,restock,Prometheus,1790958022
2026-10-02T15:57:28+00:00,2026-10-02T16:20:22+00:00,China,Pangolin Scales,2529,0,stockout,Prometheus,1790958022
2026-10-02T16:19:09+00:00,2026-10-02T16:42:06+00:00,UAE,Camel Plushie,408,0,stockout,Prometheus,1790959326
2026-10-02T16:20:22+00:00,2026-10-02T16:41:50+00:00,China,Panda Plushie,1365,0,stockout,Prometheus,1790959310
2026-10-02T16:20:22+00:00,2026-10-02T16:41:50+00:00,China,Peony,0,8494,restock,Prometheus,1790959310
2026-10-02T16:42:08+00:00,2026-10-02T16:59:08+00:00,Canada,Xanax,169,0,stockout,Prometheus,1790960348
2026-10-02T16:42:06+00:00,2026-10-02T16:58:42+00:00,UAE,Camel Plushie,0,854,restock,Prometheus,1790960322
2026-10-02T16:41:50+00:00,2026-10-02T16:58:33+00:00,China,Panda Plushie,0,2003,restock,Prometheus,1790960313
2026-10-02T16:41:50+00:00,2026-10-02T16:58:33+00:00,China,Pangolin Scales,0,2925,restock,Prometheus,1790960313
2026-10-02T17:21:35+00:00,2026-10-02T17:40:09+00:00,South Africa,Raw Ivory,0,1979,restock,Prometheus,1790962809
2026-10-02T17:21:44+00:00,2026-10-02T17:40:14+00:00,China,Pangolin Scales,512,0,stockout,Prometheus,1790962814
2026-10-02T17:39:29+00:00,2026-10-02T17:56:05+00:00,UAE,Tribulus Omanense,163,0,stockout,Prometheus,1790963765
2026-10-02T17:57:03+00:00,2026-10-02T18:22:17+00:00,China,Pangolin Scales,0,2175,restock,Prometheus,1790965337
2026-10-02T18:22:47+00:00,2026-10-02T18:45:28+00:00,South Africa,Raw Ivory,687,0,stockout,Prometheus,1790966728
2026-10-02T18:22:47+00:00,2026-10-02T18:45:28+00:00,South Africa,African Violet,356,0,stockout,Prometheus,1790966728
2026-10-02T18:45:28+00:00,2026-10-02T19:01:32+00:00,Canada,Xanax,0,2053,restock,YATA,1790967692
2026-10-02T18:45:31+00:00,2026-10-02T19:01:52+00:00,UAE,Tribulus Omanense,0,9233,restock,Prometheus,1790967712
2026-10-02T18:45:24+00:00,2026-10-02T19:01:43+00:00,Hawaii,Shark Fin,0,1089,restock,YATA,1790967703
2026-10-02T18:44:53+00:00,2026-10-02T19:01:57+00:00,China,Pangolin Scales,117,0,stockout,Prometheus,1790967717
2026-10-02T19:00:44+00:00,2026-10-02T19:22:07+00:00,South Africa,Lion Plushie,834,0,stockout,Prometheus,1790968927
2026-10-02T19:01:52+00:00,2026-10-02T19:23:18+00:00,UAE,Natural Pearls,107,0,stockout,Prometheus,1790968998
2026-10-02T19:01:43+00:00,2026-10-02T19:23:42+00:00,Hawaii,Shark Fin,1089,0,stockout,Prometheus,1790969022
2026-10-02T19:01:57+00:00,2026-10-02T19:23:45+00:00,China,Panda Plushie,720,0,stockout,Prometheus,1790969025
2026-10-02T19:01:57+00:00,2026-10-02T19:23:45+00:00,China,Pangolin Scales,0,3799,restock,Prometheus,1790969025
2026-10-02T19:22:07+00:00,2026-10-02T19:43:52+00:00,South Africa,Lion Plushie,0,1065,restock,Prometheus,1790970232
2026-10-02T19:22:07+00:00,2026-10-02T19:43:52+00:00,South Africa,African Violet,0,9899,restock,Prometheus,1790970232
2026-10-02T19:23:18+00:00,2026-10-02T19:42:51+00:00,UAE,Camel Plushie,763,0,stockout,YATA,1790970171
2026-10-02T19:23:18+00:00,2026-10-02T19:42:51+00:00,UAE,Natural Pearls,0,4894,restock,YATA,1790970171
2026-10-02T19:23:45+00:00,2026-10-02T19:43:43+00:00,China,Panda Plushie,0,1629,restock,YATA,1790970223
2026-10-02T19:43:52+00:00,2026-10-02T19:58:47+00:00,South Africa,Smoke Grenade,146,0,stockout,Prometheus,1790971127
2026-10-02T19:44:11+00:00,2026-10-02T19:59:12+00:00,Japan,Xanax,0,281,restock,Prometheus,1790971152
2026-10-02T19:42:51+00:00,2026-10-02T19:57:21+00:00,UAE,Camel Plushie,0,1961,restock,Prometheus,1790971041
2026-10-02T19:59:12+00:00,2026-10-02T20:20:32+00:00,Japan,Xanax,281,0,stockout,Prometheus,1790972432
2026-10-02T19:59:17+00:00,2026-10-02T20:20:33+00:00,Hawaii,Shark Fin,0,1239,restock,Prometheus,1790972433
2026-10-02T19:58:46+00:00,2026-10-02T20:20:26+00:00,China,Pangolin Scales,565,0,stockout,Prometheus,1790972426
2026-10-02T20:20:26+00:00,2026-10-02T20:40:12+00:00,Canada,Xanax,379,0,stockout,Prometheus,1790973612
2026-10-02T20:20:33+00:00,2026-10-02T20:40:08+00:00,Hawaii,Shark Fin,1239,0,stockout,YATA,1790973608
2026-10-02T20:20:26+00:00,2026-10-02T20:39:57+00:00,China,Pangolin Scales,0,3723,restock,Prometheus,1790973597
2026-10-02T20:20:26+00:00,2026-10-02T20:39:57+00:00,China,Peony,524,0,stockout,Prometheus,1790973597
2026-10-02T20:39:18+00:00,2026-10-02T20:57:14+00:00,South Africa,Smoke Grenade,0,2420,restock,Prometheus,1790974634
2026-10-02T20:39:18+00:00,2026-10-02T20:57:14+00:00,South Africa,Lion Plushie,773,0,stockout,Prometheus,1790974634
2026-10-02T20:57:14+00:00,2026-10-02T21:19:01+00:00,South Africa,Lion Plushie,0,1196,restock,Prometheus,1790975941
2026-10-02T20:57:36+00:00,2026-10-02T21:19:00+00:00,UAE,Camel Plushie,1289,0,stockout,Prometheus,1790975940
2026-10-02T20:57:37+00:00,2026-10-02T21:19:03+00:00,China,Panda Plushie,833,0,stockout,Prometheus,1790975943
2026-10-02T20:57:37+00:00,2026-10-02T21:19:03+00:00,China,Pangolin Scales,1736,0,stockout,Prometheus,1790975943
2026-10-02T21:19:00+00:00,2026-10-02T21:37:21+00:00,UAE,Camel Plushie,0,1855,restock,YATA,1790977041
2026-10-02T21:18:54+00:00,2026-10-02T21:37:34+00:00,Hawaii,Shark Fin,0,1699,restock,Prometheus,1790977054
2026-10-02T21:19:03+00:00,2026-10-02T21:37:39+00:00,China,Panda Plushie,0,1310,restock,Prometheus,1790977059
2026-10-02T21:19:03+00:00,2026-10-02T21:37:39+00:00,China,Peony,0,9861,restock,Prometheus,1790977059
2026-10-02T21:37:39+00:00,2026-10-02T21:54:05+00:00,China,Pangolin Scales,0,3790,restock,Prometheus,1790978045
2026-10-02T21:54:05+00:00,2026-10-02T22:12:40+00:00,South Africa,Raw Ivory,0,1691,restock,Prometheus,1790979160
2026-10-02T21:54:05+00:00,2026-10-02T22:12:40+00:00,South Africa,Xanax,41,0,stockout,Prometheus,1790979160
2026-10-02T21:53:45+00:00,2026-10-02T22:11:47+00:00,Japan,Xanax,0,237,restock,Prometheus,1790979107
2026-10-02T21:52:31+00:00,2026-10-02T22:12:12+00:00,UAE,Camel Plushie,863,0,stockout,YATA,1790979132
2026-10-02T21:37:34+00:00,2026-10-02T21:54:02+00:00,Hawaii,Shark Fin,1699,0,stockout,Prometheus,1790978042
2026-10-02T21:54:05+00:00,2026-10-02T22:12:31+00:00,China,Panda Plushie,511,0,stockout,Prometheus,1790979151
2026-10-02T22:11:47+00:00,2026-10-02T22:31:52+00:00,Japan,Xanax,237,0,stockout,Prometheus,1790980312
2026-10-02T22:12:35+00:00,2026-10-02T22:31:44+00:00,Canada,Xanax,0,2494,restock,Prometheus,1790980304
2026-10-02T22:12:12+00:00,2026-10-02T22:31:48+00:00,UAE,Camel Plushie,0,2130,restock,YATA,1790980308
2026-10-02T22:12:31+00:00,2026-10-02T22:31:43+00:00,China,Panda Plushie,0,2176,restock,Prometheus,1790980303
2026-10-02T22:31:55+00:00,2026-10-02T22:48:54+00:00,South Africa,Xanax,0,5,restock,Prometheus,1790981334
2026-10-02T22:31:55+00:00,2026-10-02T22:48:54+00:00,South Africa,Lion Plushie,469,0,stockout,Prometheus,1790981334
2026-10-02T22:31:43+00:00,2026-10-02T22:48:17+00:00,China,Pangolin Scales,848,0,stockout,Prometheus,1790981297
2026-10-02T22:48:54+00:00,2026-10-02T23:02:31+00:00,South Africa,Raw Ivory,601,0,stockout,Prometheus,1790982151
2026-10-02T22:48:54+00:00,2026-10-02T23:02:31+00:00,South Africa,Xanax,5,0,stockout,Prometheus,1790982151
2026-10-02T22:48:54+00:00,2026-10-02T23:02:31+00:00,South Africa,Lion Plushie,0,1894,restock,Prometheus,1790982151
2026-10-02T22:49:22+00:00,2026-10-02T23:02:20+00:00,Hawaii,Shark Fin,0,2379,restock,Prometheus,1790982140
2026-10-02T23:01:59+00:00,2026-10-02T23:19:56+00:00,UAE,Camel Plushie,150,0,stockout,Prometheus,1790983196
2026-10-02T23:02:14+00:00,2026-10-02T23:20:04+00:00,China,Pangolin Scales,0,4231,restock,Prometheus,1790983204
2026-10-02T23:19:56+00:00,2026-10-02T23:36:39+00:00,UAE,Camel Plushie,0,1740,restock,Prometheus,1790984199
2026-10-02T23:19:54+00:00,2026-10-02T23:35:34+00:00,Hawaii,Shark Fin,687,0,stockout,Prometheus,1790984134
2026-10-02T23:36:21+00:00,2026-10-02T23:51:45+00:00,South Africa,Lion Plushie,28,0,stockout,Prometheus,1790985105
2026-10-02T23:51:45+00:00,2026-10-03T00:12:10+00:00,South Africa,Xanax,0,2463,restock,Prometheus,1790986330
2026-10-02T23:51:45+00:00,2026-10-03T00:12:10+00:00,South Africa,Lion Plushie,0,1280,restock,Prometheus,1790986330
2026-10-02T23:51:00+00:00,2026-10-03T00:12:02+00:00,UAE,Camel Plushie,876,0,stockout,Prometheus,1790986322
2026-10-03T00:39:06+00:00,2026-10-03T00:59:08+00:00,South Africa,Smoke Grenade,236,0,stockout,YATA,1790989148
2026-10-03T00:12:05+00:00,2026-10-03T00:40:00+00:00,Hawaii,Shark Fin,0,1998,restock,Prometheus,1790988000
2026-10-03T00:59:14+00:00,2026-10-03T01:19:49+00:00,Canada,Xanax,80,0,stockout,Prometheus,1790990389
2026-10-03T00:58:35+00:00,2026-10-03T01:19:46+00:00,UAE,Tribulus Omanense,51,0,stockout,Prometheus,1790990386
2026-10-03T00:58:35+00:00,2026-10-03T01:19:46+00:00,UAE,Camel Plushie,0,1432,restock,Prometheus,1790990386
2026-10-03T00:58:58+00:00,2026-10-03T01:19:51+00:00,Hawaii,Shark Fin,259,0,stockout,Prometheus,1790990391
2026-10-03T01:19:48+00:00,2026-10-03T01:36:57+00:00,South Africa,Lion Plushie,258,0,stockout,Prometheus,1790991417
2026-10-03T01:36:57+00:00,2026-10-03T01:53:16+00:00,South Africa,Smoke Grenade,0,2439,restock,YATA,1790992396
2026-10-03T01:36:57+00:00,2026-10-03T01:53:16+00:00,South Africa,Lion Plushie,0,1214,restock,YATA,1790992396
2026-10-03T01:38:08+00:00,2026-10-03T01:52:12+00:00,UAE,Camel Plushie,159,0,stockout,Prometheus,1790992332
2026-10-03T01:38:19+00:00,2026-10-03T01:52:23+00:00,China,Panda Plushie,274,0,stockout,Prometheus,1790992343
2026-10-03T01:53:16+00:00,2026-10-03T02:12:19+00:00,South Africa,Raw Ivory,0,1849,restock,Prometheus,1790993539
2026-10-03T01:52:12+00:00,2026-10-03T02:12:18+00:00,UAE,Tribulus Omanense,0,9710,restock,YATA,1790993538
2026-10-03T01:52:12+00:00,2026-10-03T02:12:18+00:00,UAE,Camel Plushie,0,1206,restock,YATA,1790993538
2026-10-03T01:52:40+00:00,2026-10-03T02:12:20+00:00,Hawaii,Shark Fin,0,2812,restock,Prometheus,1790993540
2026-10-03T01:52:23+00:00,2026-10-03T02:12:13+00:00,China,Panda Plushie,0,2258,restock,Prometheus,1790993533
2026-10-03T01:52:23+00:00,2026-10-03T02:12:13+00:00,China,Pangolin Scales,41,0,stockout,Prometheus,1790993533
2026-10-03T02:12:16+00:00,2026-10-03T02:40:16+00:00,Japan,Xanax,0,912,restock,Prometheus,1790995216
2026-10-03T02:12:18+00:00,2026-10-03T02:40:10+00:00,UAE,Camel Plushie,1206,0,stockout,YATA,1790995210
2026-10-03T02:12:13+00:00,2026-10-03T02:40:07+00:00,China,Pangolin Scales,0,3652,restock,Prometheus,1790995207
2026-10-03T02:40:16+00:00,2026-10-03T03:06:27+00:00,Japan,Xanax,912,0,stockout,Prometheus,1790996787
2026-10-03T02:40:10+00:00,2026-10-03T03:06:28+00:00,UAE,Camel Plushie,0,1419,restock,Prometheus,1790996788
2026-10-03T02:40:14+00:00,2026-10-03T03:06:30+00:00,Hawaii,Shark Fin,246,0,stockout,Prometheus,1790996790
2026-10-03T03:06:08+00:00,2026-10-03T03:32:31+00:00,South Africa,Raw Ivory,110,0,stockout,Prometheus,1790998351
2026-10-03T03:06:08+00:00,2026-10-03T03:32:31+00:00,South Africa,African Violet,331,0,stockout,Prometheus,1790998351
2026-10-03T03:06:29+00:00,2026-10-03T03:33:12+00:00,Canada,Xanax,0,2416,restock,Prometheus,1790998392
2026-10-03T03:33:08+00:00,2026-10-03T03:59:11+00:00,Hawaii,Shark Fin,0,2185,restock,Prometheus,1790999951
2026-10-03T03:06:22+00:00,2026-10-03T03:33:12+00:00,China,Pangolin Scales,1865,0,stockout,Prometheus,1790998392
2026-10-03T03:59:32+00:00,2026-10-03T04:22:02+00:00,South Africa,Lion Plushie,1160,0,stockout,Prometheus,1791001322
2026-10-03T03:59:30+00:00,2026-10-03T04:21:58+00:00,China,Panda Plushie,815,0,stockout,Prometheus,1791001318
2026-10-03T03:59:30+00:00,2026-10-03T04:21:58+00:00,China,Pangolin Scales,0,2770,restock,Prometheus,1791001318
2026-10-03T04:22:02+00:00,2026-10-03T04:41:32+00:00,South Africa,Lion Plushie,0,943,restock,Prometheus,1791002492
2026-10-03T04:22:02+00:00,2026-10-03T04:41:32+00:00,South Africa,African Violet,0,9864,restock,Prometheus,1791002492
2026-10-03T04:21:19+00:00,2026-10-03T04:40:17+00:00,Hawaii,Shark Fin,501,0,stockout,Prometheus,1791002417
2026-10-03T04:21:58+00:00,2026-10-03T04:41:22+00:00,China,Panda Plushie,0,2354,restock,Prometheus,1791002482
2026-10-03T04:41:32+00:00,2026-10-03T04:57:32+00:00,South Africa,Lion Plushie,943,0,stockout,YATA,1791003452
2026-10-03T04:41:22+00:00,2026-10-03T04:57:03+00:00,China,Peony,97,0,stockout,Prometheus,1791003423
2026-10-03T04:57:32+00:00,2026-10-03T05:24:56+00:00,South Africa,Lion Plushie,0,1602,restock,YATA,1791005096
2026-10-03T04:56:55+00:00,2026-10-03T05:24:51+00:00,UAE,Camel Plushie,1382,0,stockout,Prometheus,1791005091
2026-10-03T04:57:03+00:00,2026-10-03T05:24:16+00:00,China,Panda Plushie,1439,0,stockout,Prometheus,1791005056
2026-10-03T04:57:03+00:00,2026-10-03T05:24:16+00:00,China,Pangolin Scales,491,0,stockout,Prometheus,1791005056
2026-10-03T05:24:51+00:00,2026-10-03T05:48:24+00:00,UAE,Camel Plushie,0,1595,restock,Prometheus,1791006504
2026-10-03T05:24:51+00:00,2026-10-03T05:48:24+00:00,UAE,Natural Pearls,68,0,stockout,Prometheus,1791006504
2026-10-03T05:24:53+00:00,2026-10-03T05:48:06+00:00,Hawaii,Shark Fin,0,1622,restock,Prometheus,1791006486
2026-10-03T05:24:16+00:00,2026-10-03T05:48:26+00:00,China,Panda Plushie,0,1610,restock,Prometheus,1791006506
2026-10-03T05:24:16+00:00,2026-10-03T05:48:26+00:00,China,Pangolin Scales,0,3240,restock,Prometheus,1791006506
2026-10-03T05:48:05+00:00,2026-10-03T06:07:52+00:00,South Africa,Raw Ivory,0,2273,restock,Prometheus,1791007672
2026-10-03T05:48:05+00:00,2026-10-03T06:07:52+00:00,South Africa,Smoke Grenade,103,0,stockout,Prometheus,1791007672
2026-10-03T05:48:24+00:00,2026-10-03T06:07:52+00:00,UAE,Natural Pearls,0,4931,restock,Prometheus,1791007672
2026-10-03T05:48:06+00:00,2026-10-03T06:07:27+00:00,Hawaii,Shark Fin,1622,0,stockout,Prometheus,1791007647
2026-10-03T05:48:26+00:00,2026-10-03T06:07:48+00:00,China,Peony,0,9580,restock,Prometheus,1791007668
2026-10-03T06:07:48+00:00,2026-10-03T06:36:57+00:00,China,Panda Plushie,972,0,stockout,Prometheus,1791009417
2026-10-03T06:07:48+00:00,2026-10-03T06:36:57+00:00,China,Pangolin Scales,1886,0,stockout,Prometheus,1791009417
2026-10-03T06:37:10+00:00,2026-10-03T07:05:16+00:00,South Africa,Raw Ivory,1007,0,stockout,Prometheus,1791011116
2026-10-03T06:37:10+00:00,2026-10-03T07:05:16+00:00,South Africa,Smoke Grenade,0,2467,restock,Prometheus,1791011116
2026-10-03T06:36:57+00:00,2026-10-03T07:05:23+00:00,China,Panda Plushie,0,1672,restock,Prometheus,1791011123
2026-10-03T06:36:57+00:00,2026-10-03T07:05:23+00:00,China,Pangolin Scales,0,4533,restock,Prometheus,1791011123
2026-10-03T07:05:24+00:00,2026-10-03T07:28:35+00:00,Japan,Xanax,0,438,restock,Prometheus,1791012515
2026-10-03T07:05:20+00:00,2026-10-03T07:28:39+00:00,Hawaii,Shark Fin,0,151,restock,Prometheus,1791012519
2026-10-03T07:28:35+00:00,2026-10-03T07:46:53+00:00,Japan,Xanax,438,0,stockout,Prometheus,1791013613
2026-10-03T07:28:39+00:00,2026-10-03T07:48:42+00:00,Hawaii,Shark Fin,151,0,stockout,Prometheus,1791013722
2026-10-03T07:28:38+00:00,2026-10-03T07:48:32+00:00,China,Panda Plushie,608,0,stockout,YATA,1791013712
2026-10-03T07:48:08+00:00,2026-10-03T08:02:55+00:00,UAE,Camel Plushie,813,0,stockout,Prometheus,1791014575
2026-10-03T07:48:32+00:00,2026-10-03T08:03:12+00:00,China,Panda Plushie,0,1877,restock,Prometheus,1791014592
2026-10-03T07:48:32+00:00,2026-10-03T08:03:12+00:00,China,Pangolin Scales,803,0,stockout,Prometheus,1791014592
2026-10-03T08:03:14+00:00,2026-10-03T08:23:48+00:00,South Africa,Lion Plushie,1215,0,stockout,Prometheus,1791015828
2026-10-03T08:02:17+00:00,2026-10-03T08:24:56+00:00,United Kingdom,Xanax,2,0,stockout,YATA,1791015896
2026-10-03T08:02:55+00:00,2026-10-03T08:24:54+00:00,UAE,Camel Plushie,0,1731,restock,YATA,1791015894
2026-10-03T08:23:48+00:00,2026-10-03T08:48:44+00:00,South Africa,Lion Plushie,0,1306,restock,YATA,1791017324
2026-10-03T08:24:54+00:00,2026-10-03T08:48:27+00:00,UAE,Camel Plushie,1731,0,stockout,Prometheus,1791017307
2026-10-03T08:25:00+00:00,2026-10-03T08:47:59+00:00,Hawaii,Shark Fin,0,286,restock,Prometheus,1791017279
2026-10-03T08:24:58+00:00,2026-10-03T08:48:51+00:00,China,Panda Plushie,750,0,stockout,Prometheus,1791017331
2026-10-03T08:24:58+00:00,2026-10-03T08:48:51+00:00,China,Pangolin Scales,0,1998,restock,Prometheus,1791017331
2026-10-03T08:48:27+00:00,2026-10-03T09:04:12+00:00,UAE,Tribulus Omanense,575,0,stockout,Prometheus,1791018252
2026-10-03T08:48:27+00:00,2026-10-03T09:04:12+00:00,UAE,Camel Plushie,0,2281,restock,Prometheus,1791018252
2026-10-03T08:47:59+00:00,2026-10-03T09:04:37+00:00,Hawaii,Shark Fin,286,0,stockout,Prometheus,1791018277
2026-10-03T08:48:51+00:00,2026-10-03T09:04:46+00:00,China,Panda Plushie,0,1839,restock,Prometheus,1791018286
2026-10-03T09:04:46+00:00,2026-10-03T09:25:55+00:00,China,Pangolin Scales,299,0,stockout,Prometheus,1791019555
2026-10-03T09:25:55+00:00,2026-10-03T09:45:23+00:00,China,Pangolin Scales,0,3785,restock,Prometheus,1791020723
2026-10-03T09:45:21+00:00,2026-10-03T09:58:42+00:00,South Africa,Lion Plushie,716,0,stockout,Prometheus,1791021522
2026-10-03T09:45:21+00:00,2026-10-03T09:58:55+00:00,Hawaii,Shark Fin,0,1223,restock,Prometheus,1791021535
2026-10-03T09:58:42+00:00,2026-10-03T10:18:57+00:00,South Africa,Raw Ivory,0,2245,restock,Prometheus,1791022737
2026-10-03T09:58:42+00:00,2026-10-03T10:18:57+00:00,South Africa,Smoke Grenade,297,0,stockout,Prometheus,1791022737
2026-10-03T09:58:42+00:00,2026-10-03T10:18:57+00:00,South Africa,Lion Plushie,0,1957,restock,Prometheus,1791022737
2026-10-03T09:58:32+00:00,2026-10-03T10:19:20+00:00,UAE,Tribulus Omanense,0,8817,restock,Prometheus,1791022760
2026-10-03T09:58:32+00:00,2026-10-03T10:19:20+00:00,UAE,Camel Plushie,413,0,stockout,Prometheus,1791022760
2026-10-03T09:58:55+00:00,2026-10-03T10:19:20+00:00,Hawaii,Shark Fin,1223,0,stockout,Prometheus,1791022760
2026-10-03T10:18:57+00:00,2026-10-03T10:48:50+00:00,South Africa,Lion Plushie,1957,0,stockout,Prometheus,1791024530
2026-10-03T10:18:57+00:00,2026-10-03T10:48:50+00:00,South Africa,African Violet,41,0,stockout,Prometheus,1791024530
2026-10-03T10:17:51+00:00,2026-10-03T10:48:56+00:00,United Kingdom,Xanax,0,2499,restock,YATA,1791024536
2026-10-03T10:19:20+00:00,2026-10-03T10:48:34+00:00,UAE,Natural Pearls,632,0,stockout,Prometheus,1791024514
2026-10-03T10:18:30+00:00,2026-10-03T10:48:59+00:00,China,Pangolin Scales,323,0,stockout,Prometheus,1791024539
2026-10-03T10:18:30+00:00,2026-10-03T10:48:59+00:00,China,Peony,1623,0,stockout,Prometheus,1791024539
2026-10-03T10:48:50+00:00,2026-10-03T11:24:54+00:00,South Africa,Raw Ivory,846,0,stockout,Prometheus,1791026694
2026-10-03T10:48:50+00:00,2026-10-03T11:24:54+00:00,South Africa,Smoke Grenade,0,2328,restock,Prometheus,1791026694
2026-10-03T10:48:50+00:00,2026-10-03T11:24:54+00:00,South Africa,Lion Plushie,0,168,restock,Prometheus,1791026694
2026-10-03T10:49:03+00:00,2026-10-03T11:24:56+00:00,Canada,Xanax,10,0,stockout,Prometheus,1791026696
2026-10-03T10:48:34+00:00,2026-10-03T11:25:02+00:00,UAE,Camel Plushie,0,241,restock,Prometheus,1791026702
2026-10-03T10:48:34+00:00,2026-10-03T11:25:02+00:00,UAE,Natural Pearls,0,4735,restock,Prometheus,1791026702
2026-10-03T10:48:59+00:00,2026-10-03T11:25:02+00:00,China,Panda Plushie,1640,0,stockout,Prometheus,1791026702
2026-10-03T10:48:59+00:00,2026-10-03T11:25:02+00:00,China,Pangolin Scales,0,861,restock,Prometheus,1791026702
2026-10-03T11:24:54+00:00,2026-10-03T14:48:10+00:00,South Africa,Raw Ivory,0,382,restock,Prometheus,1791038890
2026-10-03T11:24:54+00:00,2026-10-03T14:48:10+00:00,South Africa,Smoke Grenade,2328,0,stockout,Prometheus,1791038890
2026-10-03T11:24:54+00:00,2026-10-03T14:48:10+00:00,South Africa,Lion Plushie,168,0,stockout,Prometheus,1791038890
2026-10-03T11:24:54+00:00,2026-10-03T14:48:10+00:00,South Africa,African Violet,0,4545,restock,Prometheus,1791038890
2026-10-03T11:24:56+00:00,2026-10-03T14:48:13+00:00,Canada,Xanax,0,1852,restock,Prometheus,1791038893
2026-10-03T11:25:02+00:00,2026-10-03T14:48:09+00:00,UAE,Tribulus Omanense,6665,0,stockout,YATA,1791038889
2026-10-03T11:25:02+00:00,2026-10-03T14:47:49+00:00,China,Panda Plushie,0,1997,restock,Prometheus,1791038869
2026-10-03T11:25:02+00:00,2026-10-03T14:47:49+00:00,China,Peony,0,2569,restock,Prometheus,1791038869
2026-10-03T18:45:04+00:00,2026-10-04T02:21:14+00:00,South Africa,Raw Ivory,1031,0,stockout,Prometheus,1791080474
2026-10-03T18:45:04+00:00,2026-10-04T02:21:14+00:00,South Africa,Smoke Grenade,0,543,restock,Prometheus,1791080474
2026-10-03T18:45:04+00:00,2026-10-04T02:21:14+00:00,South Africa,Lion Plushie,0,1793,restock,Prometheus,1791080474
2026-10-03T18:45:04+00:00,2026-10-04T02:21:14+00:00,South Africa,African Violet,9154,0,stockout,Prometheus,1791080474
2026-10-03T18:45:04+00:00,2026-10-04T02:21:36+00:00,Japan,Xanax,0,1,restock,Prometheus,1791080496
2026-10-03T18:45:04+00:00,2026-10-04T02:20:26+00:00,Canada,Xanax,307,0,stockout,Prometheus,1791080426
2026-10-03T14:48:09+00:00,2026-10-03T18:45:09+00:00,UAE,Tribulus Omanense,0,4629,restock,Prometheus,1791053109
2026-10-04T02:21:14+00:00,2026-10-04T04:18:30+00:00,South Africa,Smoke Grenade,543,0,stockout,Prometheus,1791087510
2026-10-04T02:21:14+00:00,2026-10-04T04:18:30+00:00,South Africa,African Violet,0,7719,restock,Prometheus,1791087510
2026-10-04T02:20:26+00:00,2026-10-04T04:18:37+00:00,Canada,Xanax,0,2418,restock,Prometheus,1791087517
2026-10-04T02:21:39+00:00,2026-10-04T04:18:21+00:00,Hawaii,Shark Fin,0,3431,restock,Prometheus,1791087501
2026-10-04T04:18:30+00:00,2026-10-04T09:42:49+00:00,South Africa,African Violet,7719,0,stockout,Prometheus,1791106969
2026-10-04T04:18:30+00:00,2026-10-04T09:43:21+00:00,Japan,Xanax,1758,0,stockout,Prometheus,1791107001
2026-10-04T04:18:21+00:00,2026-10-04T09:43:03+00:00,Hawaii,Shark Fin,3431,0,stockout,YATA,1791106983
2026-10-04T04:18:22+00:00,2026-10-04T09:43:18+00:00,China,Panda Plushie,199,0,stockout,Prometheus,1791106998
2026-10-04T04:18:22+00:00,2026-10-04T09:43:18+00:00,China,Pangolin Scales,3931,0,stockout,Prometheus,1791106998
2026-10-04T09:42:49+00:00,2026-10-04T15:58:58+00:00,South Africa,Smoke Grenade,0,1001,restock,Prometheus,1791129538
2026-10-04T09:42:49+00:00,2026-10-04T15:58:58+00:00,South Africa,African Violet,0,9656,restock,Prometheus,1791129538
2026-10-04T09:42:04+00:00,2026-10-04T15:58:28+00:00,UAE,Camel Plushie,348,0,stockout,Prometheus,1791129508
2026-10-04T09:43:18+00:00,2026-10-04T15:59:00+00:00,China,Panda Plushie,0,2319,restock,Prometheus,1791129540
2026-10-04T15:58:28+00:00,2026-10-04T20:59:18+00:00,UAE,Camel Plushie,0,1486,restock,Prometheus,1791147558
2026-10-04T15:59:00+00:00,2026-10-04T20:58:44+00:00,China,Panda Plushie,2319,0,stockout,Prometheus,1791147524
2026-10-04T20:58:59+00:00,2026-10-04T21:34:28+00:00,South Africa,African Violet,979,0,stockout,Prometheus,1791149668
2026-10-04T20:58:44+00:00,2026-10-04T21:34:09+00:00,China,Panda Plushie,0,722,restock,Prometheus,1791149649
2026-10-04T20:58:44+00:00,2026-10-04T21:34:09+00:00,China,Pangolin Scales,0,2841,restock,Prometheus,1791149649
2026-10-04T21:34:28+00:00,2026-10-04T21:54:23+00:00,South Africa,Xanax,39,0,stockout,Prometheus,1791150863
2026-10-04T20:59:18+00:00,2026-10-04T21:34:19+00:00,UAE,Natural Pearls,380,0,stockout,Prometheus,1791149659
2026-10-04T21:34:09+00:00,2026-10-04T21:54:07+00:00,China,Panda Plushie,722,0,stockout,Prometheus,1791150847
2026-10-04T21:54:23+00:00,2026-10-04T22:13:21+00:00,South Africa,Smoke Grenade,73,0,stockout,Prometheus,1791152001
2026-10-04T21:54:23+00:00,2026-10-04T22:13:21+00:00,South Africa,Lion Plushie,776,0,stockout,Prometheus,1791152001
2026-10-04T21:54:21+00:00,2026-10-04T22:13:53+00:00,Japan,Xanax,0,812,restock,Prometheus,1791152033
2026-10-04T21:53:23+00:00,2026-10-04T22:13:16+00:00,UAE,Camel Plushie,952,0,stockout,Prometheus,1791151996
2026-10-04T21:53:23+00:00,2026-10-04T22:13:16+00:00,UAE,Natural Pearls,0,4929,restock,Prometheus,1791151996
2026-10-04T21:54:28+00:00,2026-10-04T22:14:00+00:00,Hawaii,Shark Fin,0,704,restock,Prometheus,1791152040
2026-10-04T21:54:07+00:00,2026-10-04T22:14:06+00:00,China,Panda Plushie,0,2146,restock,Prometheus,1791152046
2026-10-04T21:54:07+00:00,2026-10-04T22:14:06+00:00,China,Pangolin Scales,1328,0,stockout,Prometheus,1791152046
2026-10-04T22:13:21+00:00,2026-10-04T22:32:52+00:00,South Africa,Lion Plushie,0,563,restock,Prometheus,1791153172
2026-10-04T22:13:21+00:00,2026-10-04T22:32:52+00:00,South Africa,African Violet,0,9982,restock,Prometheus,1791153172
2026-10-04T22:13:53+00:00,2026-10-04T22:32:41+00:00,Japan,Xanax,812,0,stockout,Prometheus,1791153161
2026-10-04T22:13:16+00:00,2026-10-04T22:32:20+00:00,UAE,Camel Plushie,0,1889,restock,Prometheus,1791153140
2026-10-04T22:14:00+00:00,2026-10-04T22:32:29+00:00,Hawaii,Shark Fin,704,0,stockout,Prometheus,1791153149
2026-10-04T22:32:52+00:00,2026-10-04T22:49:43+00:00,South Africa,Raw Ivory,0,2036,restock,Prometheus,1791154183
2026-10-04T22:32:52+00:00,2026-10-04T22:49:43+00:00,South Africa,Smoke Grenade,0,1,restock,Prometheus,1791154183
2026-10-04T22:32:52+00:00,2026-10-04T22:49:43+00:00,South Africa,Lion Plushie,563,0,stockout,Prometheus,1791154183
2026-10-04T22:32:56+00:00,2026-10-04T22:49:38+00:00,China,Pangolin Scales,0,3729,restock,Prometheus,1791154178
2026-10-04T22:49:43+00:00,2026-10-04T23:03:03+00:00,South Africa,Smoke Grenade,1,0,stockout,Prometheus,1791154983
2026-10-04T22:49:43+00:00,2026-10-04T23:03:03+00:00,South Africa,Lion Plushie,0,1903,restock,Prometheus,1791154983
2026-10-04T22:49:38+00:00,2026-10-04T23:03:19+00:00,China,Panda Plushie,155,0,stockout,Prometheus,1791154999
2026-10-04T23:03:03+00:00,2026-10-04T23:21:17+00:00,South Africa,Smoke Grenade,0,2451,restock,Prometheus,1791156077
2026-10-04T23:02:56+00:00,2026-10-04T23:21:57+00:00,UAE,Camel Plushie,251,0,stockout,Prometheus,1791156117
2026-10-04T23:03:15+00:00,2026-10-04T23:21:47+00:00,Hawaii,Shark Fin,0,3227,restock,Prometheus,1791156107
2026-10-04T23:03:19+00:00,2026-10-04T23:21:11+00:00,China,Panda Plushie,0,2063,restock,YATA,1791156071
2026-10-04T23:21:17+00:00,2026-10-04T23:39:46+00:00,South Africa,Xanax,0,2500,restock,Prometheus,1791157186
2026-10-04T23:21:45+00:00,2026-10-04T23:40:03+00:00,Canada,Xanax,35,0,stockout,Prometheus,1791157203
2026-10-04T23:21:57+00:00,2026-10-04T23:39:39+00:00,UAE,Camel Plushie,0,1362,restock,Prometheus,1791157179
2026-10-04T23:39:46+00:00,2026-10-04T23:55:12+00:00,South Africa,Raw Ivory,351,0,stockout,YATA,1791158112
2026-10-04T23:39:46+00:00,2026-10-04T23:55:12+00:00,South Africa,Lion Plushie,231,0,stockout,YATA,1791158112
2026-10-04T23:40:10+00:00,2026-10-04T23:54:50+00:00,Hawaii,Shark Fin,669,0,stockout,Prometheus,1791158090
2026-10-04T23:39:55+00:00,2026-10-04T23:55:15+00:00,China,Pangolin Scales,103,0,stockout,Prometheus,1791158115
2026-10-04T23:55:12+00:00,2026-10-05T00:25:07+00:00,South Africa,Lion Plushie,0,927,restock,YATA,1791159907
2026-10-04T23:55:13+00:00,2026-10-05T00:25:03+00:00,Japan,Xanax,0,1162,restock,Prometheus,1791159903
2026-10-04T23:55:15+00:00,2026-10-05T00:24:53+00:00,China,Pangolin Scales,0,3201,restock,Prometheus,1791159893
2026-10-04T23:55:15+00:00,2026-10-05T00:24:53+00:00,China,Peony,146,0,stockout,Prometheus,1791159893
2026-10-05T00:25:07+00:00,2026-10-05T00:53:05+00:00,South Africa,Lion Plushie,927,0,stockout,YATA,1791161585
2026-10-05T00:25:03+00:00,2026-10-05T00:53:04+00:00,Japan,Xanax,1162,0,stockout,Prometheus,1791161584
2026-10-05T00:25:10+00:00,2026-10-05T00:53:09+00:00,Hawaii,Shark Fin,0,2407,restock,Prometheus,1791161589
2026-10-05T00:53:05+00:00,2026-10-05T01:12:25+00:00,South Africa,Lion Plushie,0,1390,restock,Prometheus,1791162745
2026-10-05T00:53:06+00:00,2026-10-05T01:12:38+00:00,UAE,Camel Plushie,374,0,stockout,Prometheus,1791162758
2026-10-05T00:53:09+00:00,2026-10-05T01:12:45+00:00,China,Panda Plushie,772,0,stockout,Prometheus,1791162765
2026-10-05T00:53:09+00:00,2026-10-05T01:12:45+00:00,China,Pangolin Scales,1318,0,stockout,Prometheus,1791162765
2026-10-05T00:53:09+00:00,2026-10-05T01:12:45+00:00,China,Peony,0,9477,restock,Prometheus,1791162765
2026-10-05T01:12:25+00:00,2026-10-05T01:33:54+00:00,South Africa,Lion Plushie,1390,0,stockout,YATA,1791164034
2026-10-05T01:12:48+00:00,2026-10-05T01:33:21+00:00,Canada,Xanax,0,2448,restock,Prometheus,1791164001
2026-10-05T01:12:38+00:00,2026-10-05T01:33:46+00:00,UAE,Camel Plushie,0,1459,restock,Prometheus,1791164026
2026-10-05T01:12:10+00:00,2026-10-05T01:33:17+00:00,Hawaii,Shark Fin,587,0,stockout,Prometheus,1791163997
2026-10-05T01:12:45+00:00,2026-10-05T01:33:59+00:00,China,Panda Plushie,0,1903,restock,Prometheus,1791164039
2026-10-05T01:33:54+00:00,2026-10-05T01:51:49+00:00,South Africa,Lion Plushie,0,2306,restock,Prometheus,1791165109
2026-10-05T01:33:59+00:00,2026-10-05T01:51:41+00:00,China,Pangolin Scales,0,3462,restock,Prometheus,1791165101
2026-10-05T01:51:36+00:00,2026-10-05T02:08:22+00:00,UAE,Camel Plushie,735,0,stockout,Prometheus,1791166102
2026-10-05T02:08:42+00:00,2026-10-05T02:30:09+00:00,South Africa,Lion Plushie,1065,0,stockout,Prometheus,1791167409
2026-10-05T02:08:22+00:00,2026-10-05T02:30:05+00:00,UAE,Camel Plushie,0,1588,restock,Prometheus,1791167405
2026-10-05T02:08:28+00:00,2026-10-05T02:30:05+00:00,Hawaii,Shark Fin,0,3062,restock,Prometheus,1791167405
2026-10-05T02:08:40+00:00,2026-10-05T02:30:16+00:00,China,Panda Plushie,312,0,stockout,YATA,1791167416
2026-10-05T02:30:09+00:00,2026-10-05T02:49:39+00:00,South Africa,Lion Plushie,0,2122,restock,YATA,1791168579
2026-10-05T02:30:05+00:00,2026-10-05T02:50:20+00:00,UAE,Natural Pearls,382,0,stockout,Prometheus,1791168620
2026-10-05T02:30:16+00:00,2026-10-05T02:50:18+00:00,China,Panda Plushie,0,1368,restock,Prometheus,1791168618
2026-10-05T02:30:16+00:00,2026-10-05T02:50:18+00:00,China,Pangolin Scales,622,0,stockout,Prometheus,1791168618
2026-10-05T02:49:39+00:00,2026-10-05T03:08:02+00:00,South Africa,Raw Ivory,0,2045,restock,Prometheus,1791169682
2026-10-05T03:07:52+00:00,2026-10-05T03:31:29+00:00,UAE,Natural Pearls,0,4831,restock,Prometheus,1791171089
2026-10-05T02:50:00+00:00,2026-10-05T03:08:01+00:00,Hawaii,Shark Fin,554,0,stockout,Prometheus,1791169681
2026-10-05T03:07:35+00:00,2026-10-05T03:31:33+00:00,China,Pangolin Scales,0,2846,restock,Prometheus,1791171093
2026-10-05T03:31:19+00:00,2026-10-05T03:56:04+00:00,South Africa,Smoke Grenade,27,0,stockout,Prometheus,1791172564
2026-10-05T03:31:29+00:00,2026-10-05T03:56:23+00:00,UAE,Camel Plushie,1120,0,stockout,Prometheus,1791172583
2026-10-05T03:56:04+00:00,2026-10-05T04:20:06+00:00,South Africa,Raw Ivory,452,0,stockout,YATA,1791174006
2026-10-05T03:56:04+00:00,2026-10-05T04:20:06+00:00,South Africa,Lion Plushie,1797,0,stockout,YATA,1791174006
2026-10-05T03:56:23+00:00,2026-10-05T04:20:21+00:00,UAE,Tribulus Omanense,412,0,stockout,Prometheus,1791174021
2026-10-05T03:56:23+00:00,2026-10-05T04:20:21+00:00,UAE,Camel Plushie,0,1303,restock,Prometheus,1791174021
2026-10-05T03:56:19+00:00,2026-10-05T04:20:25+00:00,Hawaii,Shark Fin,0,531,restock,YATA,1791174025
2026-10-05T03:56:26+00:00,2026-10-05T04:20:28+00:00,China,Pangolin Scales,963,0,stockout,Prometheus,1791174028
2026-10-05T04:20:06+00:00,2026-10-05T04:59:25+00:00,South Africa,Smoke Grenade,0,2212,restock,Prometheus,1791176365
2026-10-05T04:20:06+00:00,2026-10-05T04:59:25+00:00,South Africa,Lion Plushie,0,130,restock,Prometheus,1791176365
2026-10-05T04:20:30+00:00,2026-10-05T04:59:10+00:00,Japan,Xanax,0,1016,restock,YATA,1791176350
2026-10-05T04:20:25+00:00,2026-10-05T04:59:11+00:00,Hawaii,Shark Fin,531,0,stockout,Prometheus,1791176351
2026-10-05T04:20:28+00:00,2026-10-05T04:59:11+00:00,China,Pangolin Scales,0,2988,restock,Prometheus,1791176351
2026-10-05T04:59:25+00:00,2026-10-05T05:26:26+00:00,South Africa,African Violet,411,0,stockout,Prometheus,1791177986
2026-10-05T04:59:10+00:00,2026-10-05T05:26:13+00:00,Japan,Xanax,1016,0,stockout,Prometheus,1791177973
2026-10-05T04:59:18+00:00,2026-10-05T05:26:23+00:00,UAE,Tribulus Omanense,0,9155,restock,Prometheus,1791177983
2026-10-05T04:59:18+00:00,2026-10-05T05:26:23+00:00,UAE,Camel Plushie,1438,0,stockout,Prometheus,1791177983
2026-10-05T04:59:11+00:00,2026-10-05T05:26:19+00:00,China,Panda Plushie,1249,0,stockout,Prometheus,1791177979
2026-10-05T05:26:26+00:00,2026-10-05T05:50:24+00:00,South Africa,Lion Plushie,1421,0,stockout,Prometheus,1791179424
2026-10-05T05:26:23+00:00,2026-10-05T05:50:23+00:00,UAE,Camel Plushie,0,879,restock,Prometheus,1791179423
2026-10-05T05:26:19+00:00,2026-10-05T05:50:25+00:00,China,Panda Plushie,0,1629,restock,Prometheus,1791179425
2026-10-05T05:26:19+00:00,2026-10-05T05:50:25+00:00,China,Pangolin Scales,686,0,stockout,Prometheus,1791179425
2026-10-05T05:50:24+00:00,2026-10-05T06:11:45+00:00,South Africa,Lion Plushie,0,635,restock,Prometheus,1791180705
2026-10-05T05:50:24+00:00,2026-10-05T06:11:45+00:00,South Africa,African Violet,0,9848,restock,Prometheus,1791180705
2026-10-05T05:50:23+00:00,2026-10-05T06:11:42+00:00,UAE,Camel Plushie,879,0,stockout,Prometheus,1791180702
2026-10-05T05:50:25+00:00,2026-10-05T06:11:42+00:00,China,Pangolin Scales,0,4515,restock,Prometheus,1791180702
2026-10-05T06:11:42+00:00,2026-10-05T06:45:39+00:00,UAE,Camel Plushie,0,606,restock,Prometheus,1791182739
2026-10-05T06:45:39+00:00,2026-10-05T07:07:06+00:00,UAE,Camel Plushie,606,0,stockout,YATA,1791184026
2026-10-05T06:45:45+00:00,2026-10-05T07:07:23+00:00,China,Pangolin Scales,1016,0,stockout,Prometheus,1791184043
2026-10-05T06:45:45+00:00,2026-10-05T07:07:23+00:00,China,Peony,358,0,stockout,Prometheus,1791184043
2026-10-05T07:07:53+00:00,2026-10-05T07:32:59+00:00,South Africa,Raw Ivory,0,1507,restock,Prometheus,1791185579
2026-10-05T07:07:06+00:00,2026-10-05T07:33:30+00:00,UAE,Camel Plushie,0,622,restock,Prometheus,1791185610
2026-10-05T07:07:23+00:00,2026-10-05T07:33:20+00:00,China,Pangolin Scales,0,4150,restock,Prometheus,1791185600
2026-10-05T07:33:30+00:00,2026-10-05T07:53:52+00:00,UAE,Camel Plushie,622,0,stockout,Prometheus,1791186832
2026-10-05T07:33:20+00:00,2026-10-05T07:53:58+00:00,China,Panda Plushie,1428,0,stockout,Prometheus,1791186838
2026-10-05T07:54:11+00:00,2026-10-05T08:17:45+00:00,South Africa,Raw Ivory,653,0,stockout,Prometheus,1791188265
2026-10-05T07:53:52+00:00,2026-10-05T08:17:21+00:00,UAE,Camel Plushie,0,343,restock,Prometheus,1791188241
2026-10-05T07:54:07+00:00,2026-10-05T08:17:56+00:00,Hawaii,Shark Fin,0,812,restock,Prometheus,1791188276
2026-10-05T07:53:58+00:00,2026-10-05T08:17:52+00:00,China,Panda Plushie,0,845,restock,Prometheus,1791188272
2026-10-05T07:53:58+00:00,2026-10-05T08:17:52+00:00,China,Pangolin Scales,1366,0,stockout,Prometheus,1791188272
2026-10-05T07:53:58+00:00,2026-10-05T08:17:52+00:00,China,Peony,0,9426,restock,Prometheus,1791188272
2026-10-05T08:17:45+00:00,2026-10-05T08:40:52+00:00,South Africa,Smoke Grenade,68,0,stockout,Prometheus,1791189652
2026-10-05T08:17:56+00:00,2026-10-05T08:40:51+00:00,Hawaii,Shark Fin,812,0,stockout,YATA,1791189651
2026-10-05T08:17:52+00:00,2026-10-05T08:40:50+00:00,China,Panda Plushie,845,0,stockout,Prometheus,1791189650
2026-10-05T08:17:52+00:00,2026-10-05T08:40:50+00:00,China,Pangolin Scales,0,3887,restock,Prometheus,1791189650
2026-10-05T08:40:52+00:00,2026-10-05T09:00:13+00:00,South Africa,Lion Plushie,546,0,stockout,Prometheus,1791190813
2026-10-05T08:41:05+00:00,2026-10-05T09:00:50+00:00,UAE,Natural Pearls,179,0,stockout,Prometheus,1791190850
2026-10-05T08:40:50+00:00,2026-10-05T09:00:48+00:00,China,Panda Plushie,0,1048,restock,Prometheus,1791190848
2026-10-05T09:00:13+00:00,2026-10-05T09:26:26+00:00,South Africa,Smoke Grenade,0,2386,restock,Prometheus,1791192386
2026-10-05T09:00:13+00:00,2026-10-05T09:26:26+00:00,South Africa,Lion Plushie,0,246,restock,Prometheus,1791192386
2026-10-05T09:00:50+00:00,2026-10-05T09:26:57+00:00,UAE,Natural Pearls,0,4673,restock,YATA,1791192417
2026-10-05T09:00:46+00:00,2026-10-05T09:26:58+00:00,Hawaii,Shark Fin,0,1173,restock,Prometheus,1791192418
2026-10-05T09:00:48+00:00,2026-10-05T09:27:01+00:00,China,Panda Plushie,1048,0,stockout,Prometheus,1791192421
2026-10-05T09:00:48+00:00,2026-10-05T09:27:01+00:00,China,Pangolin Scales,868,0,stockout,Prometheus,1791192421
2026-10-05T09:26:57+00:00,2026-10-05T09:50:36+00:00,UAE,Camel Plushie,1525,0,stockout,Prometheus,1791193836
2026-10-05T09:26:58+00:00,2026-10-05T09:50:15+00:00,Hawaii,Shark Fin,1173,0,stockout,Prometheus,1791193815
2026-10-05T09:27:01+00:00,2026-10-05T09:50:35+00:00,China,Panda Plushie,0,855,restock,Prometheus,1791193835
2026-10-05T09:27:01+00:00,2026-10-05T09:50:35+00:00,China,Pangolin Scales,0,2743,restock,Prometheus,1791193835
2026-10-05T09:50:36+00:00,2026-10-05T10:09:33+00:00,UAE,Tribulus Omanense,266,0,stockout,Prometheus,1791194973
2026-10-05T09:50:36+00:00,2026-10-05T10:09:33+00:00,UAE,Camel Plushie,0,1339,restock,Prometheus,1791194973
2026-10-05T09:50:35+00:00,2026-10-05T10:09:46+00:00,China,Panda Plushie,855,0,stockout,Prometheus,1791194986
2026-10-05T10:09:33+00:00,2026-10-05T10:32:42+00:00,UAE,Camel Plushie,1339,0,stockout,Prometheus,1791196362
2026-10-05T10:09:39+00:00,2026-10-05T10:32:54+00:00,Switzerland,Neumune Tablet,0,3,restock,YATA,1791196374
2026-10-05T10:09:46+00:00,2026-10-05T10:33:30+00:00,Hawaii,Shark Fin,0,3513,restock,Prometheus,1791196410
2026-10-05T10:09:46+00:00,2026-10-05T10:33:22+00:00,China,Panda Plushie,0,1169,restock,Prometheus,1791196402
2026-10-05T10:09:46+00:00,2026-10-05T10:33:22+00:00,China,Pangolin Scales,228,0,stockout,Prometheus,1791196402
2026-10-05T10:33:21+00:00,2026-10-05T10:53:46+00:00,United Kingdom,Xanax,6,0,stockout,Prometheus,1791197626
2026-10-05T10:32:42+00:00,2026-10-05T10:53:49+00:00,UAE,Tribulus Omanense,0,9878,restock,Prometheus,1791197629
2026-10-05T10:32:42+00:00,2026-10-05T10:53:49+00:00,UAE,Camel Plushie,0,571,restock,Prometheus,1791197629
2026-10-05T10:32:54+00:00,2026-10-05T10:53:31+00:00,Switzerland,Neumune Tablet,3,0,stockout,Prometheus,1791197611
2026-10-05T10:33:30+00:00,2026-10-05T10:53:49+00:00,Hawaii,Shark Fin,3513,0,stockout,Prometheus,1791197629
2026-10-05T10:33:22+00:00,2026-10-05T10:53:49+00:00,China,Panda Plushie,1169,0,stockout,Prometheus,1791197629
2026-10-05T10:33:22+00:00,2026-10-05T10:53:49+00:00,China,Pangolin Scales,0,2621,restock,Prometheus,1791197629
2026-10-05T10:53:44+00:00,2026-10-05T11:13:27+00:00,South Africa,Raw Ivory,0,1597,restock,YATA,1791198807
2026-10-05T10:53:44+00:00,2026-10-05T11:13:27+00:00,South Africa,African Violet,636,0,stockout,YATA,1791198807
2026-10-05T10:53:49+00:00,2026-10-05T11:13:42+00:00,UAE,Camel Plushie,571,0,stockout,YATA,1791198822
2026-10-05T10:53:49+00:00,2026-10-05T11:13:36+00:00,China,Panda Plushie,0,2128,restock,Prometheus,1791198816
2026-10-05T11:13:42+00:00,2026-10-05T11:37:25+00:00,UAE,Camel Plushie,0,331,restock,YATA,1791200245
2026-10-05T11:13:36+00:00,2026-10-05T11:37:56+00:00,China,Panda Plushie,2128,0,stockout,Prometheus,1791200276
2026-10-05T11:13:36+00:00,2026-10-05T11:37:56+00:00,China,Pangolin Scales,280,0,stockout,Prometheus,1791200276
2026-10-05T11:36:36+00:00,2026-10-05T11:56:55+00:00,South Africa,Raw Ivory,594,0,stockout,Prometheus,1791201415
2026-10-05T11:37:25+00:00,2026-10-05T11:56:57+00:00,UAE,Camel Plushie,331,0,stockout,Prometheus,1791201417
2026-10-05T11:37:56+00:00,2026-10-05T11:56:54+00:00,China,Panda Plushie,0,2002,restock,Prometheus,1791201414
2026-10-05T11:37:56+00:00,2026-10-05T11:56:54+00:00,China,Pangolin Scales,0,3381,restock,Prometheus,1791201414
2026-10-05T11:37:56+00:00,2026-10-05T11:56:54+00:00,China,Peony,359,0,stockout,Prometheus,1791201414
2026-10-05T11:56:55+00:00,2026-10-05T12:25:30+00:00,South Africa,Smoke Grenade,229,0,stockout,Prometheus,1791203130
2026-10-05T11:56:55+00:00,2026-10-05T12:25:30+00:00,South Africa,Lion Plushie,2271,0,stockout,Prometheus,1791203130
2026-10-05T11:56:55+00:00,2026-10-05T12:25:30+00:00,South Africa,African Violet,0,9480,restock,Prometheus,1791203130
2026-10-05T11:56:53+00:00,2026-10-05T12:25:27+00:00,Switzerland,Neumune Tablet,0,3,restock,YATA,1791203127
2026-10-05T11:56:54+00:00,2026-10-05T12:26:03+00:00,China,Panda Plushie,2002,0,stockout,YATA,1791203163
2026-10-05T12:25:30+00:00,2026-10-05T12:54:09+00:00,South Africa,Lion Plushie,0,981,restock,YATA,1791204849
2026-10-05T12:25:56+00:00,2026-10-05T12:54:42+00:00,United Kingdom,Xanax,0,2351,restock,Prometheus,1791204882
2026-10-05T12:26:18+00:00,2026-10-05T12:53:31+00:00,UAE,Camel Plushie,0,708,restock,YATA,1791204811
2026-10-05T12:26:18+00:00,2026-10-05T12:53:31+00:00,UAE,Natural Pearls,19,0,stockout,YATA,1791204811
2026-10-05T12:25:27+00:00,2026-10-05T12:54:54+00:00,Switzerland,Neumune Tablet,3,0,stockout,Prometheus,1791204894
2026-10-05T12:26:03+00:00,2026-10-05T12:54:40+00:00,China,Pangolin Scales,424,0,stockout,Prometheus,1791204880
2026-10-05T12:26:03+00:00,2026-10-05T12:54:40+00:00,China,Peony,0,9026,restock,Prometheus,1791204880
2026-10-05T12:54:09+00:00,2026-10-05T13:20:54+00:00,South Africa,Smoke Grenade,0,2287,restock,Prometheus,1791206454
2026-10-05T12:54:09+00:00,2026-10-05T13:20:54+00:00,South Africa,Lion Plushie,981,0,stockout,Prometheus,1791206454
2026-10-05T12:53:31+00:00,2026-10-05T13:21:17+00:00,UAE,Natural Pearls,0,4067,restock,Prometheus,1791206477
2026-10-05T12:54:40+00:00,2026-10-05T13:21:17+00:00,China,Panda Plushie,0,1393,restock,Prometheus,1791206477
2026-10-05T12:54:40+00:00,2026-10-05T13:21:17+00:00,China,Pangolin Scales,0,1724,restock,Prometheus,1791206477
2026-10-05T13:20:54+00:00,2026-10-05T13:45:18+00:00,South Africa,Lion Plushie,0,653,restock,YATA,1791207918
2026-10-05T13:21:17+00:00,2026-10-05T13:45:08+00:00,UAE,Camel Plushie,2077,0,stockout,Prometheus,1791207908
2026-10-05T13:21:17+00:00,2026-10-05T13:45:12+00:00,China,Panda Plushie,1393,0,stockout,YATA,1791207912
2026-10-05T13:21:17+00:00,2026-10-05T13:45:12+00:00,China,Pangolin Scales,1724,0,stockout,YATA,1791207912
2026-10-05T13:45:18+00:00,2026-10-05T14:03:32+00:00,South Africa,Lion Plushie,653,0,stockout,Prometheus,1791209012
2026-10-05T13:45:08+00:00,2026-10-05T14:03:43+00:00,UAE,Camel Plushie,0,1910,restock,Prometheus,1791209023
2026-10-05T13:45:12+00:00,2026-10-05T14:03:51+00:00,China,Panda Plushie,0,1155,restock,Prometheus,1791209031
2026-10-05T14:03:32+00:00,2026-10-05T14:31:02+00:00,South Africa,Lion Plushie,0,42,restock,Prometheus,1791210662
2026-10-05T14:03:43+00:00,2026-10-05T14:30:47+00:00,UAE,Camel Plushie,1910,0,stockout,YATA,1791210647
2026-10-05T14:03:51+00:00,2026-10-05T14:31:08+00:00,China,Pangolin Scales,0,424,restock,Prometheus,1791210668
2026-10-05T14:31:02+00:00,2026-10-05T14:53:39+00:00,South Africa,Raw Ivory,0,1878,restock,YATA,1791212019
2026-10-05T14:30:47+00:00,2026-10-05T14:53:45+00:00,UAE,Tribulus Omanense,825,0,stockout,Prometheus,1791212025
2026-10-05T14:30:47+00:00,2026-10-05T14:53:45+00:00,UAE,Camel Plushie,0,1395,restock,Prometheus,1791212025
2026-10-05T14:31:08+00:00,2026-10-05T14:53:45+00:00,China,Pangolin Scales,424,0,stockout,Prometheus,1791212025
2026-10-05T14:53:45+00:00,2026-10-05T15:16:15+00:00,UAE,Camel Plushie,1395,0,stockout,Prometheus,1791213375
2026-10-05T14:53:40+00:00,2026-10-05T15:16:09+00:00,Hawaii,Shark Fin,0,405,restock,Prometheus,1791213369
2026-10-05T14:53:45+00:00,2026-10-05T15:16:09+00:00,China,Pangolin Scales,0,2214,restock,Prometheus,1791213369
2026-10-05T15:15:22+00:00,2026-10-05T15:39:50+00:00,South Africa,Raw Ivory,778,0,stockout,Prometheus,1791214790
2026-10-05T15:15:22+00:00,2026-10-05T15:39:50+00:00,South Africa,Lion Plushie,430,0,stockout,Prometheus,1791214790
2026-10-05T15:16:17+00:00,2026-10-05T15:39:47+00:00,Japan,Xanax,0,788,restock,Prometheus,1791214787
2026-10-05T15:16:09+00:00,2026-10-05T15:39:51+00:00,Hawaii,Shark Fin,405,0,stockout,Prometheus,1791214791
2026-10-05T15:16:09+00:00,2026-10-05T15:39:50+00:00,China,Pangolin Scales,2214,0,stockout,Prometheus,1791214790
2026-10-05T15:39:50+00:00,2026-10-05T15:58:58+00:00,South Africa,Lion Plushie,0,713,restock,YATA,1791215938
2026-10-05T15:39:47+00:00,2026-10-05T15:59:14+00:00,Japan,Xanax,788,0,stockout,Prometheus,1791215954
2026-10-05T15:39:31+00:00,2026-10-05T15:58:33+00:00,UAE,Tribulus Omanense,0,9419,restock,YATA,1791215913
2026-10-05T15:39:31+00:00,2026-10-05T15:58:33+00:00,UAE,Camel Plushie,0,1860,restock,YATA,1791215913
2026-10-05T15:39:50+00:00,2026-10-05T15:59:10+00:00,China,Panda Plushie,556,0,stockout,Prometheus,1791215950
2026-10-05T15:39:50+00:00,2026-10-05T15:59:10+00:00,China,Peony,987,0,stockout,Prometheus,1791215950
2026-10-05T15:58:58+00:00,2026-10-05T16:23:42+00:00,South Africa,Smoke Grenade,443,0,stockout,Prometheus,1791217422
2026-10-05T15:58:58+00:00,2026-10-05T16:23:42+00:00,South Africa,Lion Plushie,713,0,stockout,Prometheus,1791217422
2026-10-05T15:58:33+00:00,2026-10-05T16:23:34+00:00,UAE,Camel Plushie,1860,0,stockout,Prometheus,1791217414
2026-10-05T15:59:10+00:00,2026-10-05T16:23:27+00:00,China,Pangolin Scales,0,1572,restock,Prometheus,1791217407
2026-10-05T16:23:42+00:00,2026-10-05T16:46:16+00:00,South Africa,Lion Plushie,0,139,restock,Prometheus,1791218776
2026-10-05T16:23:34+00:00,2026-10-05T16:46:37+00:00,UAE,Camel Plushie,0,555,restock,YATA,1791218797
2026-10-05T16:23:27+00:00,2026-10-05T16:46:59+00:00,China,Pangolin Scales,1572,0,stockout,Prometheus,1791218819
2026-10-05T16:46:16+00:00,2026-10-05T17:02:08+00:00,South Africa,Lion Plushie,139,0,stockout,Prometheus,1791219728
2026-10-05T16:46:16+00:00,2026-10-05T17:02:08+00:00,South Africa,African Violet,721,0,stockout,Prometheus,1791219728
2026-10-05T16:46:37+00:00,2026-10-05T17:02:08+00:00,UAE,Camel Plushie,555,0,stockout,Prometheus,1791219728
2026-10-05T16:46:37+00:00,2026-10-05T17:02:08+00:00,UAE,Natural Pearls,58,0,stockout,Prometheus,1791219728
2026-10-05T16:46:59+00:00,2026-10-05T17:02:01+00:00,China,Peony,0,8703,restock,Prometheus,1791219721
2026-10-05T17:02:08+00:00,2026-10-05T17:24:45+00:00,South Africa,Smoke Grenade,0,2426,restock,Prometheus,1791221085
2026-10-05T17:02:08+00:00,2026-10-05T17:24:20+00:00,UAE,Camel Plushie,0,706,restock,Prometheus,1791221060
2026-10-05T17:02:08+00:00,2026-10-05T17:24:20+00:00,UAE,Natural Pearls,0,4686,restock,Prometheus,1791221060
2026-10-05T17:02:01+00:00,2026-10-05T17:24:42+00:00,Hawaii,Shark Fin,0,2582,restock,YATA,1791221082
2026-10-05T16:46:59+00:00,2026-10-05T17:02:01+00:00,China,Panda Plushie,0,2316,restock,Prometheus,1791219721
2026-10-05T17:02:01+00:00,2026-10-05T17:24:40+00:00,China,Pangolin Scales,0,1990,restock,Prometheus,1791221080
2026-10-05T17:24:45+00:00,2026-10-05T17:43:00+00:00,South Africa,Lion Plushie,0,1615,restock,YATA,1791222180
2026-10-05T17:24:33+00:00,2026-10-05T17:44:42+00:00,Japan,Xanax,0,68,restock,Prometheus,1791222282
2026-10-05T17:23:43+00:00,2026-10-05T17:44:34+00:00,United Kingdom,Xanax,22,0,stockout,YATA,1791222274
2026-10-05T17:24:20+00:00,2026-10-05T17:44:43+00:00,UAE,Camel Plushie,706,0,stockout,Prometheus,1791222283
2026-10-05T17:24:42+00:00,2026-10-05T17:43:57+00:00,Hawaii,Shark Fin,2582,0,stockout,Prometheus,1791222237
2026-10-05T17:24:40+00:00,2026-10-05T17:44:45+00:00,China,Panda Plushie,560,0,stockout,Prometheus,1791222285
2026-10-05T17:24:40+00:00,2026-10-05T17:44:45+00:00,China,Pangolin Scales,1990,0,stockout,Prometheus,1791222285
2026-10-05T17:43:00+00:00,2026-10-05T18:01:22+00:00,South Africa,Lion Plushie,1615,0,stockout,Prometheus,1791223282
2026-10-05T17:43:00+00:00,2026-10-05T18:01:22+00:00,South Africa,African Violet,0,9976,restock,Prometheus,1791223282
2026-10-05T17:44:42+00:00,2026-10-05T18:01:37+00:00,Japan,Xanax,68,0,stockout,Prometheus,1791223297
2026-10-05T17:44:43+00:00,2026-10-05T18:00:38+00:00,UAE,Camel Plushie,0,1376,restock,YATA,1791223238
2026-10-05T17:44:45+00:00,2026-10-05T18:01:23+00:00,China,Panda Plushie,0,1463,restock,Prometheus,1791223283
2026-10-05T18:01:22+00:00,2026-10-05T18:28:45+00:00,South Africa,Lion Plushie,0,1229,restock,Prometheus,1791224925
2026-10-05T18:00:38+00:00,2026-10-05T18:28:59+00:00,UAE,Camel Plushie,1376,0,stockout,Prometheus,1791224939
2026-10-05T18:01:23+00:00,2026-10-05T18:28:54+00:00,China,Panda Plushie,1463,0,stockout,Prometheus,1791224934
2026-10-05T18:01:23+00:00,2026-10-05T18:28:54+00:00,China,Pangolin Scales,0,2290,restock,Prometheus,1791224934
2026-10-05T18:28:45+00:00,2026-10-05T18:54:23+00:00,South Africa,Raw Ivory,0,1507,restock,YATA,1791226463
2026-10-05T18:28:45+00:00,2026-10-05T18:54:23+00:00,South Africa,Lion Plushie,1229,0,stockout,YATA,1791226463
2026-10-05T18:28:54+00:00,2026-10-05T18:54:18+00:00,China,Panda Plushie,0,1566,restock,Prometheus,1791226458
2026-10-05T18:28:54+00:00,2026-10-05T18:54:18+00:00,China,Pangolin Scales,2290,0,stockout,Prometheus,1791226458
2026-10-05T18:54:23+00:00,2026-10-05T21:29:22+00:00,South Africa,Raw Ivory,1507,0,stockout,YATA,1791235762
2026-10-05T18:54:23+00:00,2026-10-05T21:29:22+00:00,South Africa,Xanax,314,0,stockout,YATA,1791235762
2026-10-05T18:54:23+00:00,2026-10-05T21:29:22+00:00,South Africa,Smoke Grenade,1139,0,stockout,YATA,1791235762
2026-10-05T18:54:24+00:00,2026-10-05T21:31:26+00:00,United Kingdom,Xanax,0,1484,restock,YATA,1791235886
2026-10-05T18:53:56+00:00,2026-10-05T21:31:35+00:00,UAE,Camel Plushie,0,1328,restock,Prometheus,1791235895
2026-10-05T18:54:18+00:00,2026-10-05T21:31:37+00:00,China,Peony,4670,0,stockout,Prometheus,1791235897
2026-10-05T21:31:37+00:00,2026-10-05T21:41:58+00:00,China,Panda Plushie,847,0,stockout,Prometheus,1791236518
2026-10-05T21:42:49+00:00,2026-10-05T21:58:52+00:00,South Africa,Lion Plushie,0,1393,restock,YATA,1791237532
2026-10-05T21:42:52+00:00,2026-10-05T21:59:13+00:00,UAE,Camel Plushie,491,0,stockout,Prometheus,1791237553
2026-10-05T21:41:58+00:00,2026-10-05T21:59:12+00:00,China,Panda Plushie,0,2082,restock,Prometheus,1791237552
2026-10-05T21:41:58+00:00,2026-10-05T21:59:12+00:00,China,Pangolin Scales,0,2950,restock,Prometheus,1791237552
2026-10-05T21:58:52+00:00,2026-10-05T22:20:35+00:00,South Africa,Smoke Grenade,0,2326,restock,YATA,1791238835
2026-10-05T21:58:52+00:00,2026-10-05T22:20:35+00:00,South Africa,Lion Plushie,1393,0,stockout,YATA,1791238835
2026-10-05T21:59:13+00:00,2026-10-05T22:21:05+00:00,UAE,Camel Plushie,0,1568,restock,YATA,1791238865
2026-10-05T21:59:23+00:00,2026-10-05T22:20:37+00:00,Hawaii,Shark Fin,0,1495,restock,Prometheus,1791238837
2026-10-05T21:59:12+00:00,2026-10-05T22:20:19+00:00,China,Peony,0,9840,restock,YATA,1791238819
2026-10-05T22:20:35+00:00,2026-10-05T22:38:22+00:00,South Africa,Lion Plushie,0,1857,restock,Prometheus,1791239902
2026-10-05T22:20:37+00:00,2026-10-05T22:38:32+00:00,Hawaii,Shark Fin,1495,0,stockout,YATA,1791239912
2026-10-05T22:38:22+00:00,2026-10-05T22:53:08+00:00,South Africa,Raw Ivory,0,2202,restock,Prometheus,1791240788
2026-10-05T22:38:22+00:00,2026-10-05T22:53:08+00:00,South Africa,Xanax,0,2498,restock,Prometheus,1791240788
2026-10-05T22:38:41+00:00,2026-10-05T22:51:54+00:00,UAE,Camel Plushie,257,0,stockout,Prometheus,1791240714
2026-10-05T22:38:40+00:00,2026-10-05T22:53:52+00:00,China,Panda Plushie,19,0,stockout,Prometheus,1791240832
2026-10-05T22:38:40+00:00,2026-10-05T22:53:52+00:00,China,Pangolin Scales,401,0,stockout,Prometheus,1791240832
2026-10-05T22:51:54+00:00,2026-10-05T23:12:19+00:00,UAE,Camel Plushie,0,1550,restock,Prometheus,1791241939
2026-10-05T23:12:50+00:00,2026-10-05T23:30:20+00:00,Hawaii,Shark Fin,0,3454,restock,Prometheus,1791243020
2026-10-05T22:53:52+00:00,2026-10-05T23:12:14+00:00,China,Panda Plushie,0,1604,restock,Prometheus,1791241934
2026-10-05T23:12:14+00:00,2026-10-05T23:30:09+00:00,China,Pangolin Scales,0,3467,restock,Prometheus,1791243009
2026-10-05T23:29:04+00:00,2026-10-05T23:45:54+00:00,UAE,Camel Plushie,261,0,stockout,YATA,1791243954
2026-10-05T23:30:09+00:00,2026-10-05T23:46:13+00:00,China,Panda Plushie,566,0,stockout,YATA,1791243973
2026-10-05T23:45:07+00:00,2026-10-06T00:30:55+00:00,South Africa,Raw Ivory,658,0,stockout,Prometheus,1791246655
2026-10-05T23:45:07+00:00,2026-10-06T00:30:55+00:00,South Africa,Lion Plushie,1574,0,stockout,Prometheus,1791246655
2026-10-05T23:45:07+00:00,2026-10-06T00:30:55+00:00,South Africa,African Violet,640,0,stockout,Prometheus,1791246655
2026-10-05T23:45:54+00:00,2026-10-06T00:29:07+00:00,UAE,Camel Plushie,0,301,restock,Prometheus,1791246547
2026-10-05T23:46:16+00:00,2026-10-06T00:31:01+00:00,Hawaii,Shark Fin,421,0,stockout,Prometheus,1791246661
2026-10-05T23:46:13+00:00,2026-10-06T00:30:49+00:00,China,Panda Plushie,0,905,restock,Prometheus,1791246649
2026-10-05T23:46:13+00:00,2026-10-06T00:30:49+00:00,China,Pangolin Scales,2407,0,stockout,Prometheus,1791246649
2026-10-06T00:30:55+00:00,2026-10-06T00:55:40+00:00,South Africa,Lion Plushie,0,471,restock,YATA,1791248140
2026-10-06T00:31:01+00:00,2026-10-06T00:55:41+00:00,Canada,Xanax,34,0,stockout,Prometheus,1791248141
2026-10-06T00:31:01+00:00,2026-10-06T00:56:19+00:00,Hawaii,Shark Fin,0,3636,restock,Prometheus,1791248179
2026-10-06T00:30:49+00:00,2026-10-06T00:55:53+00:00,China,Panda Plushie,905,0,stockout,Prometheus,1791248153
2026-10-06T00:30:49+00:00,2026-10-06T00:55:53+00:00,China,Pangolin Scales,0,4129,restock,Prometheus,1791248153
2026-10-06T00:55:40+00:00,2026-10-06T01:18:15+00:00,South Africa,Lion Plushie,471,0,stockout,Prometheus,1791249495
2026-10-06T00:56:00+00:00,2026-10-06T01:18:10+00:00,United Kingdom,Xanax,81,0,stockout,Prometheus,1791249490
2026-10-06T00:55:53+00:00,2026-10-06T01:18:19+00:00,China,Panda Plushie,0,1668,restock,YATA,1791249499
2026-10-06T01:18:15+00:00,2026-10-06T01:35:12+00:00,South Africa,Lion Plushie,0,729,restock,YATA,1791250512
2026-10-06T01:18:15+00:00,2026-10-06T01:35:12+00:00,South Africa,African Violet,0,9899,restock,YATA,1791250512
2026-10-06T01:16:35+00:00,2026-10-06T01:36:06+00:00,UAE,Camel Plushie,641,0,stockout,Prometheus,1791250566
2026-10-06T01:17:32+00:00,2026-10-06T01:35:43+00:00,Hawaii,Shark Fin,423,0,stockout,Prometheus,1791250543
2026-10-06T01:35:12+00:00,2026-10-06T01:52:16+00:00,South Africa,Lion Plushie,729,0,stockout,Prometheus,1791251536
2026-10-06T01:36:06+00:00,2026-10-06T01:52:09+00:00,UAE,Camel Plushie,0,2081,restock,Prometheus,1791251529
2026-10-06T01:36:02+00:00,2026-10-06T01:52:27+00:00,China,Pangolin Scales,800,0,stockout,Prometheus,1791251547
2026-10-06T01:52:16+00:00,2026-10-06T02:10:30+00:00,South Africa,Lion Plushie,0,2013,restock,YATA,1791252630
2026-10-06T01:52:27+00:00,2026-10-06T02:10:33+00:00,China,Panda Plushie,369,0,stockout,Prometheus,1791252633
2026-10-06T02:10:30+00:00,2026-10-06T02:31:36+00:00,South Africa,Smoke Grenade,89,0,stockout,YATA,1791253896
2026-10-06T02:10:36+00:00,2026-10-06T02:31:57+00:00,Japan,Xanax,0,978,restock,Prometheus,1791253917
2026-10-06T02:10:38+00:00,2026-10-06T02:31:02+00:00,UAE,Camel Plushie,771,0,stockout,Prometheus,1791253862
2026-10-06T02:10:38+00:00,2026-10-06T02:31:02+00:00,UAE,Natural Pearls,63,0,stockout,Prometheus,1791253862
2026-10-06T02:10:37+00:00,2026-10-06T02:32:00+00:00,Hawaii,Shark Fin,0,2882,restock,Prometheus,1791253920
2026-10-06T02:10:33+00:00,2026-10-06T02:31:55+00:00,China,Panda Plushie,0,1390,restock,Prometheus,1791253915
2026-10-06T02:10:33+00:00,2026-10-06T02:31:55+00:00,China,Pangolin Scales,0,3560,restock,Prometheus,1791253915
2026-10-06T02:31:36+00:00,2026-10-06T02:50:47+00:00,South Africa,Lion Plushie,351,0,stockout,Prometheus,1791255047
2026-10-06T02:31:57+00:00,2026-10-06T02:50:36+00:00,Japan,Xanax,978,0,stockout,Prometheus,1791255036
2026-10-06T02:31:02+00:00,2026-10-06T02:50:10+00:00,UAE,Camel Plushie,0,1545,restock,Prometheus,1791255010
2026-10-06T02:31:02+00:00,2026-10-06T02:50:10+00:00,UAE,Natural Pearls,0,4860,restock,Prometheus,1791255010
2026-10-06T02:32:00+00:00,2026-10-06T02:50:52+00:00,Hawaii,Shark Fin,2882,0,stockout,Prometheus,1791255052
2026-10-06T03:07:27+00:00,2026-10-06T03:28:31+00:00,South Africa,Raw Ivory,0,1570,restock,Prometheus,1791257311
2026-10-06T03:07:27+00:00,2026-10-06T03:28:31+00:00,South Africa,Smoke Grenade,0,2433,restock,Prometheus,1791257311
2026-10-06T02:49:28+00:00,2026-10-06T03:07:19+00:00,Canada,Xanax,0,2416,restock,Prometheus,1791256039
2026-10-06T03:07:28+00:00,2026-10-06T03:29:08+00:00,United Kingdom,Xanax,0,2242,restock,Prometheus,1791257348
2026-10-06T03:07:01+00:00,2026-10-06T03:28:52+00:00,UAE,Tribulus Omanense,421,0,stockout,Prometheus,1791257332
2026-10-06T03:07:01+00:00,2026-10-06T03:28:52+00:00,UAE,Camel Plushie,564,0,stockout,Prometheus,1791257332
2026-10-06T03:07:07+00:00,2026-10-06T03:28:54+00:00,China,Pangolin Scales,163,0,stockout,Prometheus,1791257334
2026-10-06T03:28:31+00:00,2026-10-06T03:50:07+00:00,South Africa,Lion Plushie,0,1699,restock,Prometheus,1791258607
2026-10-06T03:28:52+00:00,2026-10-06T03:49:58+00:00,UAE,Camel Plushie,0,957,restock,Prometheus,1791258598
2026-10-06T03:29:07+00:00,2026-10-06T03:49:35+00:00,Hawaii,Shark Fin,0,3725,restock,Prometheus,1791258575
2026-10-06T03:28:54+00:00,2026-10-06T03:49:39+00:00,China,Pangolin Scales,0,3516,restock,Prometheus,1791258579
2026-10-06T03:50:07+00:00,2026-10-06T04:07:04+00:00,South Africa,Raw Ivory,697,0,stockout,YATA,1791259624
2026-10-06T03:49:58+00:00,2026-10-06T04:06:27+00:00,UAE,Camel Plushie,957,0,stockout,YATA,1791259587
2026-10-06T03:49:39+00:00,2026-10-06T04:06:57+00:00,China,Panda Plushie,443,0,stockout,Prometheus,1791259617
2026-10-06T04:07:04+00:00,2026-10-06T04:29:59+00:00,South Africa,Lion Plushie,640,0,stockout,Prometheus,1791260999
2026-10-06T04:06:27+00:00,2026-10-06T04:29:51+00:00,UAE,Tribulus Omanense,0,9974,restock,Prometheus,1791260991
2026-10-06T04:06:27+00:00,2026-10-06T04:29:51+00:00,UAE,Camel Plushie,0,1402,restock,Prometheus,1791260991
2026-10-06T04:06:55+00:00,2026-10-06T04:29:54+00:00,Hawaii,Shark Fin,814,0,stockout,YATA,1791260994
2026-10-06T04:06:57+00:00,2026-10-06T04:28:50+00:00,China,Panda Plushie,0,1464,restock,Prometheus,1791260930
2026-10-06T04:06:57+00:00,2026-10-06T04:28:50+00:00,China,Pangolin Scales,1556,0,stockout,Prometheus,1791260930
2026-10-06T04:29:59+00:00,2026-10-06T04:50:08+00:00,South Africa,Lion Plushie,0,1081,restock,Prometheus,1791262208
2026-10-06T04:29:51+00:00,2026-10-06T04:49:39+00:00,UAE,Camel Plushie,1402,0,stockout,YATA,1791262179
2026-10-06T04:28:50+00:00,2026-10-06T04:50:13+00:00,China,Panda Plushie,1464,0,stockout,Prometheus,1791262213
2026-10-06T04:28:50+00:00,2026-10-06T04:50:13+00:00,China,Peony,205,0,stockout,Prometheus,1791262213
2026-10-06T04:50:08+00:00,2026-10-06T05:05:58+00:00,South Africa,Lion Plushie,1081,0,stockout,Prometheus,1791263158
2026-10-06T04:49:39+00:00,2026-10-06T05:05:00+00:00,UAE,Camel Plushie,0,1940,restock,YATA,1791263100
2026-10-06T04:50:13+00:00,2026-10-06T05:06:09+00:00,China,Panda Plushie,0,2205,restock,Prometheus,1791263169
2026-10-06T04:50:13+00:00,2026-10-06T05:06:09+00:00,China,Pangolin Scales,0,3368,restock,Prometheus,1791263169
2026-10-06T05:05:58+00:00,2026-10-06T05:27:15+00:00,South Africa,Lion Plushie,0,1980,restock,Prometheus,1791264435
2026-10-06T05:06:12+00:00,2026-10-06T05:27:53+00:00,Hawaii,Shark Fin,0,1763,restock,Prometheus,1791264473
2026-10-06T05:27:53+00:00,2026-10-06T05:47:30+00:00,Hawaii,Shark Fin,1763,0,stockout,Prometheus,1791265650
2026-10-06T05:27:28+00:00,2026-10-06T05:47:54+00:00,China,Panda Plushie,900,0,stockout,Prometheus,1791265674
2026-10-06T05:27:28+00:00,2026-10-06T05:47:54+00:00,China,Pangolin Scales,1685,0,stockout,Prometheus,1791265674
2026-10-06T05:27:28+00:00,2026-10-06T05:47:54+00:00,China,Peony,0,9576,restock,Prometheus,1791265674
2026-10-06T05:48:05+00:00,2026-10-06T06:01:04+00:00,South Africa,Lion Plushie,534,0,stockout,Prometheus,1791266464
2026-10-06T05:47:54+00:00,2026-10-06T06:02:04+00:00,China,Panda Plushie,0,1857,restock,YATA,1791266524
2026-10-06T06:01:04+00:00,2026-10-06T06:28:25+00:00,South Africa,Lion Plushie,0,1368,restock,Prometheus,1791268105
2026-10-06T06:02:13+00:00,2026-10-06T06:29:16+00:00,UAE,Camel Plushie,1060,0,stockout,Prometheus,1791268156
2026-10-06T06:02:04+00:00,2026-10-06T06:29:32+00:00,China,Pangolin Scales,0,2915,restock,Prometheus,1791268172
2026-10-06T06:28:25+00:00,2026-10-06T06:54:47+00:00,South Africa,Lion Plushie,1368,0,stockout,Prometheus,1791269687
2026-10-06T06:29:16+00:00,2026-10-06T06:54:53+00:00,UAE,Camel Plushie,0,801,restock,Prometheus,1791269693
2026-10-06T06:29:16+00:00,2026-10-06T06:54:53+00:00,UAE,Natural Pearls,311,0,stockout,Prometheus,1791269693
2026-10-06T06:29:30+00:00,2026-10-06T06:54:55+00:00,Hawaii,Shark Fin,0,409,restock,Prometheus,1791269695
2026-10-06T06:54:47+00:00,2026-10-06T07:17:01+00:00,South Africa,Raw Ivory,0,2364,restock,YATA,1791271021
2026-10-06T06:54:47+00:00,2026-10-06T07:17:01+00:00,South Africa,Smoke Grenade,38,0,stockout,YATA,1791271021
2026-10-06T06:54:47+00:00,2026-10-06T07:17:01+00:00,South Africa,Lion Plushie,0,1486,restock,YATA,1791271021
2026-10-06T06:54:53+00:00,2026-10-06T07:16:40+00:00,UAE,Natural Pearls,0,4924,restock,Prometheus,1791271000
2026-10-06T06:54:55+00:00,2026-10-06T07:17:01+00:00,Hawaii,Shark Fin,409,0,stockout,Prometheus,1791271021
2026-10-06T06:54:20+00:00,2026-10-06T07:17:02+00:00,China,Pangolin Scales,1045,0,stockout,Prometheus,1791271022
2026-10-06T07:17:01+00:00,2026-10-06T07:37:08+00:00,South Africa,African Violet,172,0,stockout,Prometheus,1791272228
2026-10-06T07:17:02+00:00,2026-10-06T07:36:41+00:00,China,Pangolin Scales,0,4716,restock,Prometheus,1791272201
2026-10-06T07:37:08+00:00,2026-10-06T07:56:11+00:00,South Africa,Smoke Grenade,0,2417,restock,Prometheus,1791273371
2026-10-06T07:37:13+00:00,2026-10-06T07:56:11+00:00,UAE,Camel Plushie,647,0,stockout,Prometheus,1791273371
2026-10-06T07:56:11+00:00,2026-10-06T08:19:55+00:00,South Africa,Raw Ivory,349,0,stockout,Prometheus,1791274795
2026-10-06T07:56:11+00:00,2026-10-06T08:19:55+00:00,South Africa,Lion Plushie,2362,0,stockout,Prometheus,1791274795
2026-10-06T07:56:11+00:00,2026-10-06T08:20:39+00:00,UAE,Camel Plushie,0,448,restock,Prometheus,1791274839
2026-10-06T07:56:17+00:00,2026-10-06T08:20:27+00:00,China,Panda Plushie,587,0,stockout,YATA,1791274827
2026-10-06T07:56:17+00:00,2026-10-06T08:20:27+00:00,China,Pangolin Scales,1765,0,stockout,YATA,1791274827
2026-10-06T08:19:55+00:00,2026-10-06T08:41:19+00:00,South Africa,Lion Plushie,0,1688,restock,Prometheus,1791276079
2026-10-06T08:19:55+00:00,2026-10-06T08:41:19+00:00,South Africa,African Violet,0,9059,restock,Prometheus,1791276079
2026-10-06T08:20:27+00:00,2026-10-06T08:41:08+00:00,China,Panda Plushie,0,1014,restock,Prometheus,1791276068
2026-10-06T08:40:58+00:00,2026-10-06T08:59:29+00:00,Canada,Xanax,94,0,stockout,YATA,1791277169
2026-10-06T08:41:08+00:00,2026-10-06T08:59:20+00:00,China,Panda Plushie,1014,0,stockout,YATA,1791277160
2026-10-06T08:41:08+00:00,2026-10-06T08:59:20+00:00,China,Pangolin Scales,0,1499,restock,YATA,1791277160
2026-10-06T09:23:30+00:00,2026-10-06T09:44:25+00:00,China,Peony,936,0,stockout,YATA,1791279865
2026-10-06T09:44:19+00:00,2026-10-06T10:00:44+00:00,South Africa,Lion Plushie,14,0,stockout,Prometheus,1791280844
2026-10-06T09:44:31+00:00,2026-10-06T10:00:46+00:00,UAE,Tribulus Omanense,343,0,stockout,Prometheus,1791280846
2026-10-06T09:44:31+00:00,2026-10-06T10:00:46+00:00,UAE,Camel Plushie,195,0,stockout,Prometheus,1791280846
2026-10-06T09:44:25+00:00,2026-10-06T10:00:44+00:00,China,Panda Plushie,0,1647,restock,YATA,1791280844
2026-10-06T10:00:44+00:00,2026-10-06T10:23:27+00:00,South Africa,Lion Plushie,0,193,restock,Prometheus,1791282207
2026-10-06T10:00:46+00:00,2026-10-06T10:23:25+00:00,UAE,Camel Plushie,0,49,restock,Prometheus,1791282205
2026-10-06T10:00:47+00:00,2026-10-06T10:23:26+00:00,Hawaii,Shark Fin,0,403,restock,Prometheus,1791282206
2026-10-06T10:00:44+00:00,2026-10-06T10:23:44+00:00,China,Panda Plushie,1647,0,stockout,Prometheus,1791282224
2026-10-06T10:00:44+00:00,2026-10-06T10:23:44+00:00,China,Pangolin Scales,2046,0,stockout,Prometheus,1791282224
2026-10-06T10:23:27+00:00,2026-10-06T10:44:33+00:00,South Africa,Smoke Grenade,270,0,stockout,YATA,1791283473
2026-10-06T10:23:38+00:00,2026-10-06T10:44:40+00:00,Canada,Xanax,0,2453,restock,YATA,1791283480
2026-10-06T10:23:26+00:00,2026-10-06T10:44:44+00:00,Hawaii,Shark Fin,403,0,stockout,Prometheus,1791283484
2026-10-06T10:23:44+00:00,2026-10-06T10:44:44+00:00,China,Panda Plushie,0,1543,restock,Prometheus,1791283484
2026-10-06T10:23:44+00:00,2026-10-06T10:44:44+00:00,China,Peony,0,9895,restock,Prometheus,1791283484
2026-10-06T10:44:33+00:00,2026-10-06T11:00:45+00:00,South Africa,Raw Ivory,0,2114,restock,Prometheus,1791284445
2026-10-06T10:44:35+00:00,2026-10-06T11:00:46+00:00,UAE,Tribulus Omanense,0,9562,restock,Prometheus,1791284446
2026-10-06T10:44:44+00:00,2026-10-06T11:00:36+00:00,China,Pangolin Scales,0,3129,restock,Prometheus,1791284436
2026-10-06T11:00:45+00:00,2026-10-06T11:22:58+00:00,South Africa,Lion Plushie,517,0,stockout,Prometheus,1791285778
2026-10-06T11:00:46+00:00,2026-10-06T11:22:54+00:00,UAE,Natural Pearls,282,0,stockout,YATA,1791285774
2026-10-06T11:22:58+00:00,2026-10-06T11:43:01+00:00,South Africa,Lion Plushie,0,1197,restock,Prometheus,1791286981
2026-10-06T11:22:59+00:00,2026-10-06T11:42:45+00:00,United Kingdom,Xanax,8,0,stockout,Prometheus,1791286965
2026-10-06T11:22:54+00:00,2026-10-06T11:42:55+00:00,UAE,Camel Plushie,1786,0,stockout,Prometheus,1791286975
2026-10-06T11:22:54+00:00,2026-10-06T11:42:55+00:00,UAE,Natural Pearls,0,4889,restock,Prometheus,1791286975
2026-10-06T11:22:17+00:00,2026-10-06T11:43:05+00:00,China,Pangolin Scales,135,0,stockout,Prometheus,1791286985
2026-10-06T11:43:01+00:00,2026-10-06T11:58:52+00:00,South Africa,Raw Ivory,198,0,stockout,Prometheus,1791287932
2026-10-06T11:43:01+00:00,2026-10-06T11:58:52+00:00,South Africa,Smoke Grenade,0,2426,restock,Prometheus,1791287932
2026-10-06T11:43:01+00:00,2026-10-06T11:58:52+00:00,South Africa,Lion Plushie,1197,0,stockout,Prometheus,1791287932
2026-10-06T11:42:55+00:00,2026-10-06T11:59:37+00:00,UAE,Camel Plushie,0,2264,restock,Prometheus,1791287977
2026-10-06T11:43:05+00:00,2026-10-06T11:59:38+00:00,China,Panda Plushie,311,0,stockout,Prometheus,1791287978
2026-10-06T11:43:05+00:00,2026-10-06T11:59:38+00:00,China,Pangolin Scales,0,3438,restock,Prometheus,1791287978
2026-10-06T11:58:52+00:00,2026-10-06T12:27:42+00:00,South Africa,Lion Plushie,0,1055,restock,Prometheus,1791289662
2026-10-06T11:59:37+00:00,2026-10-06T12:27:36+00:00,UAE,Camel Plushie,2264,0,stockout,Prometheus,1791289656
2026-10-06T11:59:38+00:00,2026-10-06T12:27:43+00:00,China,Panda Plushie,0,447,restock,Prometheus,1791289663
2026-10-06T11:59:38+00:00,2026-10-06T12:27:43+00:00,China,Pangolin Scales,3438,0,stockout,Prometheus,1791289663
2026-10-06T12:27:42+00:00,2026-10-06T12:52:31+00:00,South Africa,Lion Plushie,1055,0,stockout,Prometheus,1791291151
2026-10-06T12:27:36+00:00,2026-10-06T12:52:37+00:00,UAE,Camel Plushie,0,408,restock,Prometheus,1791291157
2026-10-06T12:52:31+00:00,2026-10-06T13:12:00+00:00,South Africa,Lion Plushie,0,785,restock,Prometheus,1791292320
2026-10-06T12:52:31+00:00,2026-10-06T13:12:00+00:00,South Africa,African Violet,101,0,stockout,Prometheus,1791292320
2026-10-06T12:52:37+00:00,2026-10-06T13:12:11+00:00,UAE,Camel Plushie,408,0,stockout,Prometheus,1791292331
2026-10-06T12:52:40+00:00,2026-10-06T13:12:50+00:00,China,Pangolin Scales,0,2218,restock,Prometheus,1791292370
2026-10-06T13:12:00+00:00,2026-10-06T13:35:54+00:00,South Africa,Lion Plushie,785,0,stockout,YATA,1791293754
2026-10-06T13:12:42+00:00,2026-10-06T13:36:11+00:00,Japan,Xanax,0,155,restock,Prometheus,1791293771
2026-10-06T13:12:53+00:00,2026-10-06T13:36:18+00:00,United Kingdom,Xanax,0,2464,restock,Prometheus,1791293778
2026-10-06T13:12:11+00:00,2026-10-06T13:36:02+00:00,UAE,Camel Plushie,0,403,restock,Prometheus,1791293762
2026-10-06T13:12:50+00:00,2026-10-06T13:36:11+00:00,China,Pangolin Scales,2218,0,stockout,YATA,1791293771
2026-10-06T13:35:54+00:00,2026-10-06T13:56:36+00:00,South Africa,Lion Plushie,0,182,restock,Prometheus,1791294996
2026-10-06T13:35:54+00:00,2026-10-06T13:56:36+00:00,South Africa,African Violet,0,9871,restock,Prometheus,1791294996
2026-10-06T13:36:11+00:00,2026-10-06T13:56:33+00:00,Japan,Xanax,155,0,stockout,Prometheus,1791294993
2026-10-06T13:36:02+00:00,2026-10-06T13:56:31+00:00,UAE,Camel Plushie,403,0,stockout,Prometheus,1791294991
2026-10-06T13:36:11+00:00,2026-10-06T13:56:29+00:00,China,Panda Plushie,1858,0,stockout,Prometheus,1791294989
2026-10-06T13:56:36+00:00,2026-10-06T14:20:34+00:00,South Africa,Smoke Grenade,273,0,stockout,Prometheus,1791296434
2026-10-06T13:56:29+00:00,2026-10-06T14:20:56+00:00,China,Panda Plushie,0,1054,restock,Prometheus,1791296456
2026-10-06T13:56:29+00:00,2026-10-06T14:20:56+00:00,China,Pangolin Scales,0,970,restock,Prometheus,1791296456
2026-10-06T13:56:29+00:00,2026-10-06T14:20:56+00:00,China,Peony,1160,0,stockout,Prometheus,1791296456
2026-10-06T14:20:37+00:00,2026-10-06T14:41:09+00:00,UAE,Tribulus Omanense,780,0,stockout,Prometheus,1791297669
2026-10-06T14:20:37+00:00,2026-10-06T14:41:09+00:00,UAE,Camel Plushie,0,1692,restock,Prometheus,1791297669
2026-10-06T14:20:56+00:00,2026-10-06T14:41:15+00:00,China,Panda Plushie,1054,0,stockout,Prometheus,1791297675
2026-10-06T14:20:56+00:00,2026-10-06T14:41:15+00:00,China,Pangolin Scales,970,0,stockout,Prometheus,1791297675
2026-10-06T14:41:16+00:00,2026-10-06T15:00:39+00:00,South Africa,Raw Ivory,0,1798,restock,Prometheus,1791298839
2026-10-06T14:41:09+00:00,2026-10-06T15:00:38+00:00,UAE,Camel Plushie,1692,0,stockout,Prometheus,1791298838
2026-10-06T14:41:09+00:00,2026-10-06T15:00:38+00:00,UAE,Natural Pearls,51,0,stockout,Prometheus,1791298838
2026-10-06T14:41:15+00:00,2026-10-06T15:00:38+00:00,China,Pangolin Scales,0,3726,restock,Prometheus,1791298838
2026-10-06T15:00:39+00:00,2026-10-06T15:23:17+00:00,South Africa,Smoke Grenade,0,2454,restock,Prometheus,1791300197
2026-10-06T15:00:38+00:00,2026-10-06T15:23:15+00:00,UAE,Natural Pearls,0,4786,restock,Prometheus,1791300195
2026-10-06T15:00:38+00:00,2026-10-06T15:23:02+00:00,China,Panda Plushie,0,1903,restock,Prometheus,1791300182
2026-10-06T15:00:38+00:00,2026-10-06T15:23:02+00:00,China,Peony,0,9803,restock,Prometheus,1791300182
2026-10-06T15:23:17+00:00,2026-10-06T15:42:56+00:00,South Africa,Lion Plushie,612,0,stockout,YATA,1791301376
2026-10-06T15:23:22+00:00,2026-10-06T15:44:13+00:00,Japan,Xanax,0,578,restock,Prometheus,1791301453
2026-10-06T15:23:15+00:00,2026-10-06T15:44:08+00:00,UAE,Tribulus Omanense,0,8706,restock,Prometheus,1791301448
2026-10-06T15:23:15+00:00,2026-10-06T15:44:08+00:00,UAE,Camel Plushie,0,1212,restock,Prometheus,1791301448
2026-10-06T15:23:02+00:00,2026-10-06T15:44:09+00:00,China,Panda Plushie,1903,0,stockout,Prometheus,1791301449
2026-10-06T15:00:38+00:00,2026-10-06T15:23:02+00:00,China,Pangolin Scales,3726,0,stockout,Prometheus,1791300182
2026-10-06T15:42:56+00:00,2026-10-06T16:00:49+00:00,South Africa,Raw Ivory,83,0,stockout,Prometheus,1791302449
2026-10-06T15:42:56+00:00,2026-10-06T16:00:49+00:00,South Africa,Lion Plushie,0,1153,restock,Prometheus,1791302449
2026-10-06T15:44:13+00:00,2026-10-06T16:00:51+00:00,Japan,Xanax,578,0,stockout,Prometheus,1791302451
2026-10-06T15:44:06+00:00,2026-10-06T16:01:00+00:00,Canada,Xanax,13,0,stockout,Prometheus,1791302460
2026-10-06T15:44:08+00:00,2026-10-06T16:00:22+00:00,UAE,Camel Plushie,1212,0,stockout,Prometheus,1791302422
2026-10-06T15:44:09+00:00,2026-10-06T16:00:49+00:00,China,Panda Plushie,0,1836,restock,Prometheus,1791302449
2026-10-06T15:44:09+00:00,2026-10-06T16:00:49+00:00,China,Pangolin Scales,0,3295,restock,Prometheus,1791302449
2026-10-06T16:00:49+00:00,2026-10-06T16:25:41+00:00,South Africa,Lion Plushie,1153,0,stockout,Prometheus,1791303941
2026-10-06T16:00:22+00:00,2026-10-06T16:25:31+00:00,UAE,Camel Plushie,0,341,restock,YATA,1791303931
2026-10-06T16:25:41+00:00,2026-10-06T16:48:51+00:00,South Africa,Lion Plushie,0,360,restock,Prometheus,1791305331
2026-10-06T16:25:54+00:00,2026-10-06T16:49:19+00:00,China,Pangolin Scales,81,0,stockout,Prometheus,1791305359
2026-10-06T16:48:51+00:00,2026-10-06T17:04:53+00:00,South Africa,Lion Plushie,360,0,stockout,Prometheus,1791306293
2026-10-06T16:49:22+00:00,2026-10-06T17:04:50+00:00,Hawaii,Shark Fin,0,1359,restock,YATA,1791306290
2026-10-06T16:49:19+00:00,2026-10-06T17:04:52+00:00,China,Pangolin Scales,0,3618,restock,Prometheus,1791306292
2026-10-06T17:04:53+00:00,2026-10-06T17:23:44+00:00,South Africa,Lion Plushie,0,645,restock,Prometheus,1791307424
2026-10-06T17:04:50+00:00,2026-10-06T17:24:32+00:00,UAE,Camel Plushie,365,0,stockout,Prometheus,1791307472
2026-10-06T17:04:50+00:00,2026-10-06T17:24:40+00:00,Hawaii,Shark Fin,1359,0,stockout,Prometheus,1791307480
2026-10-06T17:04:52+00:00,2026-10-06T17:24:19+00:00,China,Panda Plushie,381,0,stockout,Prometheus,1791307459
2026-10-06T17:23:44+00:00,2026-10-06T17:45:00+00:00,South Africa,Lion Plushie,645,0,stockout,Prometheus,1791308700
2026-10-06T17:24:44+00:00,2026-10-06T17:45:12+00:00,Japan,Xanax,0,46,restock,Prometheus,1791308712
2026-10-06T17:24:41+00:00,2026-10-06T17:45:10+00:00,Canada,Xanax,0,2406,restock,Prometheus,1791308710
2026-10-06T17:24:32+00:00,2026-10-06T17:44:20+00:00,UAE,Camel Plushie,0,763,restock,Prometheus,1791308660
2026-10-06T17:24:19+00:00,2026-10-06T17:45:16+00:00,China,Panda Plushie,0,880,restock,Prometheus,1791308716
2026-10-06T17:24:19+00:00,2026-10-06T17:45:16+00:00,China,Pangolin Scales,1089,0,stockout,Prometheus,1791308716
2026-10-06T17:45:00+00:00,2026-10-06T17:59:58+00:00,South Africa,Lion Plushie,0,1807,restock,Prometheus,1791309598
2026-10-06T17:45:12+00:00,2026-10-06T18:00:06+00:00,Japan,Xanax,46,0,stockout,Prometheus,1791309606
2026-10-06T17:44:20+00:00,2026-10-06T18:00:03+00:00,UAE,Camel Plushie,763,0,stockout,Prometheus,1791309603
2026-10-06T17:45:16+00:00,2026-10-06T17:59:58+00:00,China,Panda Plushie,880,0,stockout,Prometheus,1791309598
2026-10-06T17:59:58+00:00,2026-10-06T18:24:26+00:00,South Africa,Smoke Grenade,274,0,stockout,Prometheus,1791311066
2026-10-06T17:59:58+00:00,2026-10-06T18:24:26+00:00,South Africa,Lion Plushie,1807,0,stockout,Prometheus,1791311066
2026-10-06T18:00:03+00:00,2026-10-06T18:24:12+00:00,United Kingdom,Xanax,11,0,stockout,Prometheus,1791311052
2026-10-06T18:00:03+00:00,2026-10-06T18:24:40+00:00,UAE,Camel Plushie,0,1082,restock,Prometheus,1791311080
2026-10-06T17:59:58+00:00,2026-10-06T18:24:44+00:00,China,Panda Plushie,0,1526,restock,Prometheus,1791311084
2026-10-06T17:59:58+00:00,2026-10-06T18:24:44+00:00,China,Pangolin Scales,0,2124,restock,Prometheus,1791311084
2026-10-06T18:24:26+00:00,2026-10-06T18:49:40+00:00,South Africa,Raw Ivory,0,2276,restock,Prometheus,1791312580
2026-10-06T18:24:26+00:00,2026-10-06T18:49:40+00:00,South Africa,Lion Plushie,0,1536,restock,Prometheus,1791312580
2026-10-06T18:24:40+00:00,2026-10-06T18:49:44+00:00,UAE,Camel Plushie,1082,0,stockout,Prometheus,1791312584
2026-10-06T18:24:40+00:00,2026-10-06T18:49:44+00:00,UAE,Natural Pearls,134,0,stockout,Prometheus,1791312584
2026-10-06T18:24:44+00:00,2026-10-06T18:49:39+00:00,China,Panda Plushie,1526,0,stockout,YATA,1791312579
2026-10-06T18:24:44+00:00,2026-10-06T18:49:39+00:00,China,Pangolin Scales,2124,0,stockout,YATA,1791312579
2026-10-06T18:49:40+00:00,2026-10-06T19:04:20+00:00,South Africa,African Violet,183,0,stockout,Prometheus,1791313460
2026-10-06T18:49:44+00:00,2026-10-06T19:04:46+00:00,UAE,Camel Plushie,0,1648,restock,Prometheus,1791313486
2026-10-06T18:49:39+00:00,2026-10-06T19:04:28+00:00,China,Panda Plushie,0,2233,restock,YATA,1791313468
2026-10-06T18:49:39+00:00,2026-10-06T19:04:28+00:00,China,Peony,168,0,stockout,YATA,1791313468
2026-10-06T19:04:20+00:00,2026-10-06T19:25:18+00:00,South Africa,Xanax,64,0,stockout,Prometheus,1791314718
2026-10-06T19:04:20+00:00,2026-10-06T19:25:18+00:00,South Africa,Smoke Grenade,0,2470,restock,Prometheus,1791314718
2026-10-06T19:04:20+00:00,2026-10-06T19:25:18+00:00,South Africa,Lion Plushie,793,0,stockout,Prometheus,1791314718
2026-10-06T19:04:46+00:00,2026-10-06T19:24:58+00:00,UAE,Natural Pearls,0,4787,restock,Prometheus,1791314698
2026-10-06T19:04:48+00:00,2026-10-06T19:25:15+00:00,Hawaii,Shark Fin,0,1409,restock,Prometheus,1791314715
2026-10-06T19:04:28+00:00,2026-10-06T19:25:21+00:00,China,Pangolin Scales,0,3096,restock,Prometheus,1791314721
2026-10-06T19:25:18+00:00,2026-10-06T19:45:17+00:00,South Africa,Lion Plushie,0,1440,restock,YATA,1791315917
2026-10-06T19:25:15+00:00,2026-10-06T19:45:20+00:00,Hawaii,Shark Fin,1409,0,stockout,Prometheus,1791315920
2026-10-06T19:45:17+00:00,2026-10-06T19:59:32+00:00,South Africa,Raw Ivory,54,0,stockout,YATA,1791316772
2026-10-06T19:45:16+00:00,2026-10-06T19:59:41+00:00,UAE,Tribulus Omanense,213,0,stockout,Prometheus,1791316781
2026-10-06T19:45:24+00:00,2026-10-06T19:59:40+00:00,China,Pangolin Scales,1081,0,stockout,Prometheus,1791316780
2026-10-06T19:45:24+00:00,2026-10-06T19:59:40+00:00,China,Peony,0,9677,restock,Prometheus,1791316780
2026-10-06T19:59:32+00:00,2026-10-06T20:23:09+00:00,South Africa,Lion Plushie,466,0,stockout,Prometheus,1791318189
2026-10-06T19:59:32+00:00,2026-10-06T20:23:09+00:00,South Africa,African Violet,0,8876,restock,Prometheus,1791318189
2026-10-06T19:59:07+00:00,2026-10-06T20:22:11+00:00,Canada,Xanax,152,0,stockout,Prometheus,1791318131
2026-10-06T19:59:38+00:00,2026-10-06T20:23:09+00:00,United Kingdom,Xanax,0,2335,restock,Prometheus,1791318189
2026-10-06T19:59:41+00:00,2026-10-06T20:23:06+00:00,UAE,Camel Plushie,835,0,stockout,Prometheus,1791318186
2026-10-06T20:23:09+00:00,2026-10-06T20:43:34+00:00,South Africa,Lion Plushie,0,823,restock,Prometheus,1791319414
2026-10-06T20:23:06+00:00,2026-10-06T20:43:22+00:00,UAE,Camel Plushie,0,662,restock,Prometheus,1791319402
2026-10-06T20:23:12+00:00,2026-10-06T20:43:13+00:00,Hawaii,Shark Fin,0,612,restock,Prometheus,1791319393
2026-10-06T20:23:09+00:00,2026-10-06T20:43:45+00:00,China,Pangolin Scales,0,2421,restock,YATA,1791319425
2026-10-06T20:43:34+00:00,2026-10-06T20:58:33+00:00,South Africa,Lion Plushie,823,0,stockout,Prometheus,1791320313
2026-10-06T20:43:22+00:00,2026-10-06T20:58:28+00:00,UAE,Camel Plushie,662,0,stockout,YATA,1791320308
2026-10-06T20:43:13+00:00,2026-10-06T20:58:18+00:00,Hawaii,Shark Fin,612,0,stockout,Prometheus,1791320298
2026-10-06T20:58:33+00:00,2026-10-06T21:19:53+00:00,South Africa,Xanax,0,2496,restock,Prometheus,1791321593
2026-10-06T20:58:33+00:00,2026-10-06T21:19:53+00:00,South Africa,Lion Plushie,0,1813,restock,Prometheus,1791321593
2026-10-06T20:58:28+00:00,2026-10-06T21:19:56+00:00,UAE,Tribulus Omanense,0,9537,restock,Prometheus,1791321596
2026-10-06T20:58:28+00:00,2026-10-06T21:19:56+00:00,UAE,Camel Plushie,0,1198,restock,Prometheus,1791321596
2026-10-06T20:56:17+00:00,2026-10-06T21:19:45+00:00,China,Panda Plushie,716,0,stockout,Prometheus,1791321585
2026-10-06T20:56:17+00:00,2026-10-06T21:19:45+00:00,China,Pangolin Scales,1142,0,stockout,Prometheus,1791321585
2026-10-06T21:19:45+00:00,2026-10-06T21:38:46+00:00,China,Panda Plushie,0,1399,restock,Prometheus,1791322726
2026-10-06T21:38:51+00:00,2026-10-06T21:54:07+00:00,South Africa,Lion Plushie,659,0,stockout,YATA,1791323647
2026-10-06T21:38:29+00:00,2026-10-06T21:54:22+00:00,UAE,Camel Plushie,124,0,stockout,Prometheus,1791323662
2026-10-06T21:38:36+00:00,2026-10-06T21:53:49+00:00,Hawaii,Shark Fin,0,1539,restock,YATA,1791323629
2026-10-06T21:38:46+00:00,2026-10-06T21:54:01+00:00,China,Pangolin Scales,0,2820,restock,Prometheus,1791323641
2026-10-06T21:54:07+00:00,2026-10-06T22:14:14+00:00,South Africa,Lion Plushie,0,1717,restock,Prometheus,1791324854
2026-10-06T21:54:20+00:00,2026-10-06T22:14:11+00:00,Japan,Xanax,0,449,restock,Prometheus,1791324851
2026-10-06T21:54:23+00:00,2026-10-06T22:14:08+00:00,Canada,Xanax,0,2218,restock,YATA,1791324848
2026-10-06T21:54:22+00:00,2026-10-06T22:13:36+00:00,UAE,Camel Plushie,0,605,restock,Prometheus,1791324816
2026-10-06T21:53:49+00:00,2026-10-06T22:14:05+00:00,Hawaii,Shark Fin,1539,0,stockout,Prometheus,1791324845
2026-10-06T21:54:01+00:00,2026-10-06T22:13:59+00:00,China,Panda Plushie,543,0,stockout,Prometheus,1791324839
2026-10-06T22:14:14+00:00,2026-10-06T22:34:31+00:00,South Africa,Raw Ivory,0,2392,restock,YATA,1791326071
2026-10-06T22:14:14+00:00,2026-10-06T22:34:31+00:00,South Africa,Smoke Grenade,124,0,stockout,YATA,1791326071
2026-10-06T22:14:11+00:00,2026-10-06T22:34:13+00:00,Japan,Xanax,449,0,stockout,Prometheus,1791326053
2026-10-06T22:13:36+00:00,2026-10-06T22:34:31+00:00,UAE,Camel Plushie,605,0,stockout,Prometheus,1791326071
2026-10-06T22:13:59+00:00,2026-10-06T22:34:28+00:00,China,Panda Plushie,0,1407,restock,Prometheus,1791326068
2026-10-06T22:13:59+00:00,2026-10-06T22:34:28+00:00,China,Pangolin Scales,1158,0,stockout,Prometheus,1791326068
2026-10-06T22:34:31+00:00,2026-10-06T22:51:34+00:00,UAE,Camel Plushie,0,1403,restock,YATA,1791327094
2026-10-06T22:51:34+00:00,2026-10-06T23:07:32+00:00,UAE,Natural Pearls,121,0,stockout,Prometheus,1791328052
2026-10-06T22:51:40+00:00,2026-10-06T23:07:24+00:00,Hawaii,Shark Fin,0,3297,restock,Prometheus,1791328044
2026-10-06T22:51:46+00:00,2026-10-06T23:07:25+00:00,China,Panda Plushie,168,0,stockout,YATA,1791328045
2026-10-06T22:51:46+00:00,2026-10-06T23:07:25+00:00,China,Pangolin Scales,0,4086,restock,YATA,1791328045
2026-10-06T23:07:32+00:00,2026-10-06T23:25:39+00:00,UAE,Natural Pearls,0,4816,restock,Prometheus,1791329139
2026-10-06T23:07:24+00:00,2026-10-06T23:27:18+00:00,Hawaii,Shark Fin,3297,0,stockout,Prometheus,1791329238
2026-10-06T23:07:25+00:00,2026-10-06T23:26:46+00:00,China,Panda Plushie,0,1570,restock,YATA,1791329206
2026-10-06T23:27:23+00:00,2026-10-06T23:45:31+00:00,South Africa,Raw Ivory,593,0,stockout,Prometheus,1791330331
2026-10-06T23:27:23+00:00,2026-10-06T23:45:31+00:00,South Africa,Smoke Grenade,0,2372,restock,Prometheus,1791330331
2026-10-06T23:27:23+00:00,2026-10-06T23:45:31+00:00,South Africa,Lion Plushie,337,0,stockout,Prometheus,1791330331
2026-10-06T23:45:31+00:00,2026-10-06T23:59:07+00:00,South Africa,Lion Plushie,0,1875,restock,YATA,1791331147
2026-10-06T23:45:24+00:00,2026-10-06T23:59:42+00:00,UAE,Camel Plushie,912,0,stockout,Prometheus,1791331182
2026-10-06T23:45:44+00:00,2026-10-06T23:59:38+00:00,China,Panda Plushie,731,0,stockout,Prometheus,1791331178
2026-10-06T23:45:44+00:00,2026-10-06T23:59:38+00:00,China,Pangolin Scales,1237,0,stockout,Prometheus,1791331178
2026-10-06T23:59:07+00:00,2026-10-07T00:31:23+00:00,South Africa,Lion Plushie,1875,0,stockout,Prometheus,1791333083
2026-10-06T23:59:42+00:00,2026-10-07T00:32:43+00:00,UAE,Camel Plushie,0,1180,restock,Prometheus,1791333163
2026-10-06T23:59:35+00:00,2026-10-07T00:32:28+00:00,Hawaii,Shark Fin,0,2289,restock,Prometheus,1791333148
2026-10-06T23:59:38+00:00,2026-10-07T00:33:07+00:00,China,Panda Plushie,0,1264,restock,Prometheus,1791333187
2026-10-06T23:59:38+00:00,2026-10-07T00:33:07+00:00,China,Pangolin Scales,0,3972,restock,Prometheus,1791333187
2026-10-07T00:31:23+00:00,2026-10-07T00:59:32+00:00,South Africa,Lion Plushie,0,1349,restock,YATA,1791334772
2026-10-07T00:32:43+00:00,2026-10-07T00:59:35+00:00,UAE,Camel Plushie,1180,0,stockout,Prometheus,1791334775
2026-10-07T00:32:28+00:00,2026-10-07T00:59:28+00:00,Hawaii,Shark Fin,2289,0,stockout,Prometheus,1791334768
2026-10-07T00:59:32+00:00,2026-10-07T01:22:37+00:00,South Africa,Lion Plushie,1349,0,stockout,Prometheus,1791336157
2026-10-07T00:59:35+00:00,2026-10-07T01:21:32+00:00,UAE,Camel Plushie,0,1657,restock,Prometheus,1791336092
2026-10-07T00:59:35+00:00,2026-10-07T01:22:13+00:00,China,Panda Plushie,540,0,stockout,Prometheus,1791336133
2026-10-07T01:22:37+00:00,2026-10-07T01:43:13+00:00,South Africa,Lion Plushie,0,1683,restock,Prometheus,1791337393
2026-10-07T01:22:13+00:00,2026-10-07T01:43:02+00:00,China,Panda Plushie,0,1784,restock,Prometheus,1791337382
2026-10-07T01:22:13+00:00,2026-10-07T01:43:02+00:00,China,Pangolin Scales,35,0,stockout,Prometheus,1791337382
2026-10-07T01:43:22+00:00,2026-10-07T01:59:55+00:00,UAE,Camel Plushie,277,0,stockout,Prometheus,1791338395
2026-10-07T01:43:19+00:00,2026-10-07T01:59:54+00:00,Hawaii,Shark Fin,0,2338,restock,Prometheus,1791338394
2026-10-07T01:43:02+00:00,2026-10-07T01:59:05+00:00,China,Pangolin Scales,0,4306,restock,YATA,1791338345
2026-10-07T01:59:40+00:00,2026-10-07T02:22:45+00:00,South Africa,Lion Plushie,599,0,stockout,Prometheus,1791339765
2026-10-07T01:59:51+00:00,2026-10-07T02:22:33+00:00,Japan,Xanax,0,1623,restock,YATA,1791339753
2026-10-07T01:59:55+00:00,2026-10-07T02:22:26+00:00,UAE,Camel Plushie,0,1379,restock,Prometheus,1791339746
2026-10-07T01:59:54+00:00,2026-10-07T02:22:46+00:00,Hawaii,Shark Fin,2338,0,stockout,Prometheus,1791339766
2026-10-07T01:59:05+00:00,2026-10-07T02:22:34+00:00,China,Panda Plushie,607,0,stockout,Prometheus,1791339754
2026-10-07T01:59:05+00:00,2026-10-07T02:22:34+00:00,China,Peony,71,0,stockout,Prometheus,1791339754
2026-10-07T02:22:45+00:00,2026-10-07T02:42:29+00:00,South Africa,Lion Plushie,0,1403,restock,YATA,1791340949
2026-10-07T02:22:33+00:00,2026-10-07T02:43:14+00:00,Japan,Xanax,1623,0,stockout,Prometheus,1791340994
2026-10-07T02:22:34+00:00,2026-10-07T02:43:29+00:00,China,Panda Plushie,0,1338,restock,Prometheus,1791341009
2026-10-07T02:43:22+00:00,2026-10-07T02:59:46+00:00,Canada,Xanax,43,0,stockout,YATA,1791341986
2026-10-07T02:43:12+00:00,2026-10-07T02:57:25+00:00,UAE,Camel Plushie,340,0,stockout,Prometheus,1791341845
2026-10-07T02:43:29+00:00,2026-10-07T02:59:56+00:00,China,Panda Plushie,1338,0,stockout,YATA,1791341996
2026-10-07T02:43:29+00:00,2026-10-07T02:59:56+00:00,China,Pangolin Scales,414,0,stockout,YATA,1791341996
2026-10-07T02:59:53+00:00,2026-10-07T03:22:42+00:00,South Africa,Raw Ivory,0,1654,restock,Prometheus,1791343362
2026-10-07T02:59:53+00:00,2026-10-07T03:22:42+00:00,South Africa,African Violet,462,0,stockout,Prometheus,1791343362
2026-10-07T02:59:56+00:00,2026-10-07T03:23:33+00:00,China,Panda Plushie,0,1886,restock,Prometheus,1791343413
2026-10-07T02:59:56+00:00,2026-10-07T03:23:33+00:00,China,Pangolin Scales,0,3653,restock,Prometheus,1791343413
2026-10-07T02:59:56+00:00,2026-10-07T03:23:33+00:00,China,Peony,0,9355,restock,Prometheus,1791343413
2026-10-07T03:45:26+00:00,2026-10-07T04:01:49+00:00,UAE,Tribulus Omanense,312,0,stockout,Prometheus,1791345709
2026-10-07T03:45:26+00:00,2026-10-07T04:01:49+00:00,UAE,Camel Plushie,0,1881,restock,Prometheus,1791345709
2026-10-07T04:01:48+00:00,2026-10-07T04:23:58+00:00,South Africa,Raw Ivory,409,0,stockout,Prometheus,1791347038
2026-10-07T04:01:48+00:00,2026-10-07T04:23:58+00:00,South Africa,Smoke Grenade,82,0,stockout,Prometheus,1791347038
2026-10-07T04:01:48+00:00,2026-10-07T04:23:58+00:00,South Africa,African Violet,0,9712,restock,Prometheus,1791347038
2026-10-07T04:24:51+00:00,2026-10-07T04:47:56+00:00,Canada,Xanax,0,2426,restock,YATA,1791348476
2026-10-07T04:23:37+00:00,2026-10-07T04:48:31+00:00,United Kingdom,Xanax,35,0,stockout,Prometheus,1791348511
2026-10-07T04:48:18+00:00,2026-10-07T05:04:14+00:00,South Africa,Lion Plushie,902,0,stockout,Prometheus,1791349454
2026-10-07T04:49:07+00:00,2026-10-07T05:04:54+00:00,UAE,Tribulus Omanense,0,9710,restock,Prometheus,1791349494
2026-10-07T04:49:07+00:00,2026-10-07T05:04:54+00:00,UAE,Natural Pearls,52,0,stockout,Prometheus,1791349494
2026-10-07T04:49:09+00:00,2026-10-07T05:05:01+00:00,Hawaii,Shark Fin,0,1512,restock,Prometheus,1791349501
2026-10-07T05:04:14+00:00,2026-10-07T05:27:15+00:00,South Africa,Smoke Grenade,0,2397,restock,Prometheus,1791350835
2026-10-07T05:04:14+00:00,2026-10-07T05:27:15+00:00,South Africa,Lion Plushie,0,1571,restock,Prometheus,1791350835
2026-10-07T05:04:54+00:00,2026-10-07T05:27:29+00:00,UAE,Natural Pearls,0,4972,restock,Prometheus,1791350849
2026-10-07T05:05:01+00:00,2026-10-07T05:27:31+00:00,Hawaii,Shark Fin,1512,0,stockout,Prometheus,1791350851
2026-10-07T05:27:35+00:00,2026-10-07T05:48:37+00:00,China,Pangolin Scales,1325,0,stockout,Prometheus,1791352117
2026-10-07T05:49:01+00:00,2026-10-07T06:04:12+00:00,South Africa,Lion Plushie,53,0,stockout,Prometheus,1791353052
2026-10-07T05:49:00+00:00,2026-10-07T06:04:02+00:00,UAE,Camel Plushie,590,0,stockout,Prometheus,1791353042
2026-10-07T05:48:37+00:00,2026-10-07T06:04:32+00:00,China,Panda Plushie,911,0,stockout,YATA,1791353072
2026-10-07T06:04:12+00:00,2026-10-07T06:30:26+00:00,South Africa,Lion Plushie,0,340,restock,Prometheus,1791354626
2026-10-07T06:04:16+00:00,2026-10-07T06:30:20+00:00,United Kingdom,Xanax,0,2434,restock,YATA,1791354620
2026-10-07T06:04:02+00:00,2026-10-07T06:30:20+00:00,UAE,Camel Plushie,0,1368,restock,Prometheus,1791354620
2026-10-07T06:04:25+00:00,2026-10-07T06:30:12+00:00,Hawaii,Shark Fin,0,725,restock,Prometheus,1791354612
2026-10-07T06:04:32+00:00,2026-10-07T06:30:42+00:00,China,Panda Plushie,0,1695,restock,Prometheus,1791354642
2026-10-07T06:04:32+00:00,2026-10-07T06:30:42+00:00,China,Pangolin Scales,0,2685,restock,Prometheus,1791354642
2026-10-07T06:30:38+00:00,2026-10-07T06:56:15+00:00,Japan,Xanax,0,1980,restock,Prometheus,1791356175
2026-10-07T06:30:20+00:00,2026-10-07T06:54:37+00:00,UAE,Camel Plushie,1368,0,stockout,Prometheus,1791356077
2026-10-07T06:30:12+00:00,2026-10-07T06:56:11+00:00,Hawaii,Shark Fin,725,0,stockout,YATA,1791356171
2026-10-07T06:56:11+00:00,2026-10-07T07:19:55+00:00,South Africa,Raw Ivory,0,2098,restock,Prometheus,1791357595
2026-10-07T06:56:15+00:00,2026-10-07T07:20:27+00:00,Japan,Xanax,1980,0,stockout,Prometheus,1791357627
2026-10-07T06:54:37+00:00,2026-10-07T07:20:05+00:00,UAE,Camel Plushie,0,1349,restock,Prometheus,1791357605
2026-10-07T06:56:17+00:00,2026-10-07T07:21:05+00:00,China,Pangolin Scales,451,0,stockout,Prometheus,1791357665
2026-10-07T07:19:55+00:00,2026-10-07T07:42:17+00:00,South Africa,Lion Plushie,740,0,stockout,Prometheus,1791358937
2026-10-07T07:20:05+00:00,2026-10-07T07:41:29+00:00,UAE,Camel Plushie,1349,0,stockout,YATA,1791358889
2026-10-07T07:21:06+00:00,2026-10-07T07:42:24+00:00,Hawaii,Shark Fin,0,2210,restock,Prometheus,1791358944
2026-10-07T07:21:05+00:00,2026-10-07T07:41:22+00:00,China,Panda Plushie,1879,0,stockout,Prometheus,1791358882
2026-10-07T07:21:05+00:00,2026-10-07T07:41:22+00:00,China,Pangolin Scales,0,3214,restock,Prometheus,1791358882
2026-10-07T07:42:17+00:00,2026-10-07T08:00:31+00:00,South Africa,Lion Plushie,0,1848,restock,Prometheus,1791360031
2026-10-07T07:41:29+00:00,2026-10-07T08:00:25+00:00,UAE,Camel Plushie,0,1844,restock,YATA,1791360025
2026-10-07T07:42:24+00:00,2026-10-07T08:00:35+00:00,Hawaii,Shark Fin,2210,0,stockout,Prometheus,1791360035
2026-10-07T07:41:22+00:00,2026-10-07T08:00:37+00:00,China,Panda Plushie,0,2039,restock,Prometheus,1791360037
2026-10-07T08:00:31+00:00,2026-10-07T08:24:28+00:00,South Africa,Raw Ivory,356,0,stockout,Prometheus,1791361468
2026-10-07T08:00:31+00:00,2026-10-07T08:24:28+00:00,South Africa,Lion Plushie,1848,0,stockout,Prometheus,1791361468
2026-10-07T08:00:38+00:00,2026-10-07T08:25:18+00:00,Canada,Xanax,158,0,stockout,YATA,1791361518
2026-10-07T08:00:25+00:00,2026-10-07T08:24:18+00:00,UAE,Camel Plushie,1844,0,stockout,Prometheus,1791361458
2026-10-07T08:00:37+00:00,2026-10-07T08:26:13+00:00,China,Panda Plushie,2039,0,stockout,Prometheus,1791361573
2026-10-07T08:00:37+00:00,2026-10-07T08:26:13+00:00,China,Pangolin Scales,923,0,stockout,Prometheus,1791361573
2026-10-07T08:24:28+00:00,2026-10-07T08:49:43+00:00,South Africa,Lion Plushie,0,1467,restock,Prometheus,1791362983
2026-10-07T08:24:18+00:00,2026-10-07T08:49:17+00:00,UAE,Camel Plushie,0,1455,restock,YATA,1791362957
2026-10-07T08:26:13+00:00,2026-10-07T08:48:51+00:00,China,Panda Plushie,0,1527,restock,Prometheus,1791362931
2026-10-07T08:26:13+00:00,2026-10-07T08:48:51+00:00,China,Pangolin Scales,0,2856,restock,Prometheus,1791362931
2026-10-07T08:26:13+00:00,2026-10-07T08:48:51+00:00,China,Peony,143,0,stockout,Prometheus,1791362931
2026-10-07T08:49:43+00:00,2026-10-07T09:05:30+00:00,South Africa,Smoke Grenade,302,0,stockout,YATA,1791363930
2026-10-07T08:48:51+00:00,2026-10-07T09:06:17+00:00,China,Panda Plushie,1527,0,stockout,Prometheus,1791363977
2026-10-07T09:05:30+00:00,2026-10-07T09:29:56+00:00,South Africa,African Violet,1223,0,stockout,YATA,1791365396
2026-10-07T09:05:34+00:00,2026-10-07T09:30:02+00:00,UAE,Natural Pearls,614,0,stockout,Prometheus,1791365402
2026-10-07T09:06:17+00:00,2026-10-07T09:30:01+00:00,China,Panda Plushie,0,154,restock,Prometheus,1791365401
2026-10-07T09:06:17+00:00,2026-10-07T09:30:01+00:00,China,Pangolin Scales,584,0,stockout,Prometheus,1791365401
2026-10-07T09:29:56+00:00,2026-10-07T09:51:55+00:00,South Africa,Lion Plushie,1750,0,stockout,Prometheus,1791366715
2026-10-07T09:30:02+00:00,2026-10-07T09:51:35+00:00,UAE,Camel Plushie,1787,0,stockout,Prometheus,1791366695
2026-10-07T09:30:01+00:00,2026-10-07T09:51:49+00:00,China,Pangolin Scales,0,2298,restock,Prometheus,1791366709
2026-10-07T09:30:01+00:00,2026-10-07T09:51:49+00:00,China,Peony,0,8980,restock,Prometheus,1791366709
2026-10-07T09:51:55+00:00,2026-10-07T10:11:00+00:00,South Africa,Smoke Grenade,0,2394,restock,Prometheus,1791367860
2026-10-07T09:51:55+00:00,2026-10-07T10:11:00+00:00,South Africa,Lion Plushie,0,911,restock,Prometheus,1791367860
2026-10-07T09:51:55+00:00,2026-10-07T10:10:57+00:00,Canada,Xanax,0,2482,restock,Prometheus,1791367857
2026-10-07T09:51:35+00:00,2026-10-07T10:11:00+00:00,UAE,Tribulus Omanense,70,0,stockout,Prometheus,1791367860
2026-10-07T09:51:35+00:00,2026-10-07T10:11:00+00:00,UAE,Camel Plushie,0,1493,restock,Prometheus,1791367860
2026-10-07T09:51:35+00:00,2026-10-07T10:11:00+00:00,UAE,Natural Pearls,0,4584,restock,Prometheus,1791367860
2026-10-07T09:51:48+00:00,2026-10-07T10:10:58+00:00,Hawaii,Shark Fin,0,846,restock,Prometheus,1791367858
2026-10-07T10:11:00+00:00,2026-10-07T10:33:20+00:00,South Africa,Lion Plushie,911,0,stockout,YATA,1791369200
2026-10-07T10:11:00+00:00,2026-10-07T10:33:20+00:00,South Africa,African Violet,0,9302,restock,YATA,1791369200
2026-10-07T10:11:00+00:00,2026-10-07T10:34:19+00:00,UAE,Camel Plushie,1493,0,stockout,Prometheus,1791369259
2026-10-07T10:10:58+00:00,2026-10-07T10:33:56+00:00,Hawaii,Shark Fin,846,0,stockout,Prometheus,1791369236
2026-10-07T10:10:52+00:00,2026-10-07T10:34:20+00:00,China,Panda Plushie,763,0,stockout,Prometheus,1791369260
2026-10-07T10:10:52+00:00,2026-10-07T10:34:20+00:00,China,Pangolin Scales,103,0,stockout,Prometheus,1791369260
2026-10-07T10:33:20+00:00,2026-10-07T10:54:05+00:00,South Africa,Lion Plushie,0,238,restock,Prometheus,1791370445
2026-10-07T10:34:19+00:00,2026-10-07T10:54:12+00:00,UAE,Tribulus Omanense,0,9966,restock,YATA,1791370452
2026-10-07T10:34:19+00:00,2026-10-07T10:54:12+00:00,UAE,Camel Plushie,0,477,restock,YATA,1791370452
2026-10-07T10:34:20+00:00,2026-10-07T10:54:38+00:00,China,Panda Plushie,0,864,restock,Prometheus,1791370478
2026-10-07T10:34:20+00:00,2026-10-07T10:54:38+00:00,China,Pangolin Scales,0,2796,restock,Prometheus,1791370478
2026-10-07T10:54:05+00:00,2026-10-07T11:14:31+00:00,South Africa,Raw Ivory,0,2194,restock,Prometheus,1791371671
2026-10-07T10:54:38+00:00,2026-10-07T11:15:05+00:00,Japan,Xanax,0,76,restock,Prometheus,1791371705
2026-10-07T10:53:55+00:00,2026-10-07T11:14:50+00:00,Hawaii,Shark Fin,0,2730,restock,Prometheus,1791371690
2026-10-07T11:15:05+00:00,2026-10-07T11:36:10+00:00,Japan,Xanax,76,0,stockout,Prometheus,1791372970
2026-10-07T11:14:53+00:00,2026-10-07T11:36:18+00:00,United Kingdom,Xanax,80,0,stockout,Prometheus,1791372978
2026-10-07T11:14:50+00:00,2026-10-07T11:36:24+00:00,Hawaii,Shark Fin,2730,0,stockout,Prometheus,1791372984
2026-10-07T11:14:56+00:00,2026-10-07T11:36:14+00:00,China,Pangolin Scales,127,0,stockout,Prometheus,1791372974
2026-10-07T11:35:14+00:00,2026-10-07T11:55:22+00:00,South Africa,Lion Plushie,941,0,stockout,YATA,1791374122
2026-10-07T11:36:14+00:00,2026-10-07T11:55:28+00:00,China,Panda Plushie,1048,0,stockout,YATA,1791374128
2026-10-07T11:36:14+00:00,2026-10-07T11:55:28+00:00,China,Pangolin Scales,0,3406,restock,YATA,1791374128
2026-10-07T11:55:22+00:00,2026-10-07T12:22:15+00:00,South Africa,Raw Ivory,169,0,stockout,YATA,1791375735
2026-10-07T11:55:22+00:00,2026-10-07T12:22:15+00:00,South Africa,Xanax,12,0,stockout,YATA,1791375735
2026-10-07T11:55:22+00:00,2026-10-07T12:22:15+00:00,South Africa,Lion Plushie,0,705,restock,YATA,1791375735
2026-10-07T11:55:28+00:00,2026-10-07T12:22:48+00:00,UAE,Camel Plushie,2102,0,stockout,YATA,1791375768
2026-10-07T11:55:28+00:00,2026-10-07T12:22:46+00:00,China,Panda Plushie,0,1192,restock,Prometheus,1791375766
2026-10-07T11:55:28+00:00,2026-10-07T12:22:46+00:00,China,Pangolin Scales,3406,0,stockout,Prometheus,1791375766
2026-10-07T12:22:48+00:00,2026-10-07T12:51:20+00:00,UAE,Camel Plushie,0,257,restock,Prometheus,1791377480
2026-10-07T12:51:08+00:00,2026-10-07T13:12:30+00:00,South Africa,Smoke Grenade,146,0,stockout,Prometheus,1791378750
2026-10-07T12:51:21+00:00,2026-10-07T13:12:35+00:00,China,Pangolin Scales,0,1652,restock,Prometheus,1791378755
2026-10-07T13:12:29+00:00,2026-10-07T13:35:21+00:00,Canada,Xanax,164,0,stockout,YATA,1791380121
2026-10-07T13:11:30+00:00,2026-10-07T13:36:57+00:00,UAE,Camel Plushie,2181,0,stockout,Prometheus,1791380217
2026-10-07T13:11:30+00:00,2026-10-07T13:36:57+00:00,UAE,Natural Pearls,168,0,stockout,Prometheus,1791380217
2026-10-07T13:12:31+00:00,2026-10-07T13:36:58+00:00,Hawaii,Shark Fin,0,442,restock,Prometheus,1791380218
2026-10-07T13:12:35+00:00,2026-10-07T13:37:00+00:00,China,Pangolin Scales,1652,0,stockout,Prometheus,1791380220
2026-10-07T13:12:35+00:00,2026-10-07T13:37:00+00:00,China,Peony,125,0,stockout,Prometheus,1791380220
2026-10-07T13:34:02+00:00,2026-10-07T13:57:19+00:00,South Africa,Lion Plushie,1789,0,stockout,Prometheus,1791381439
2026-10-07T13:37:02+00:00,2026-10-07T13:57:18+00:00,United Kingdom,Xanax,0,2225,restock,Prometheus,1791381438
2026-10-07T13:36:57+00:00,2026-10-07T13:57:15+00:00,UAE,Camel Plushie,0,1555,restock,Prometheus,1791381435
2026-10-07T13:36:57+00:00,2026-10-07T13:57:15+00:00,UAE,Natural Pearls,0,5000,restock,Prometheus,1791381435
2026-10-07T13:36:58+00:00,2026-10-07T13:57:23+00:00,Hawaii,Shark Fin,442,0,stockout,Prometheus,1791381443
2026-10-07T13:37:00+00:00,2026-10-07T13:57:27+00:00,China,Panda Plushie,1750,0,stockout,Prometheus,1791381447
2026-10-07T13:37:00+00:00,2026-10-07T13:57:27+00:00,China,Pangolin Scales,0,4266,restock,Prometheus,1791381447
2026-10-07T13:57:19+00:00,2026-10-07T14:21:10+00:00,South Africa,Xanax,0,2469,restock,Prometheus,1791382870
2026-10-07T13:34:02+00:00,2026-10-07T13:57:19+00:00,South Africa,Smoke Grenade,0,2500,restock,Prometheus,1791381439
2026-10-07T13:57:19+00:00,2026-10-07T14:21:10+00:00,South Africa,Lion Plushie,0,1526,restock,Prometheus,1791382870
2026-10-07T13:57:15+00:00,2026-10-07T14:21:35+00:00,UAE,Camel Plushie,1555,0,stockout,Prometheus,1791382895
2026-10-07T13:57:27+00:00,2026-10-07T14:21:57+00:00,China,Panda Plushie,0,226,restock,Prometheus,1791382917
2026-10-07T13:57:27+00:00,2026-10-07T14:21:57+00:00,China,Pangolin Scales,4266,0,stockout,Prometheus,1791382917
2026-10-07T14:21:10+00:00,2026-10-07T14:42:59+00:00,South Africa,Lion Plushie,1526,0,stockout,Prometheus,1791384179
2026-10-07T14:21:35+00:00,2026-10-07T14:42:56+00:00,UAE,Camel Plushie,0,1194,restock,YATA,1791384176
2026-10-07T14:21:57+00:00,2026-10-07T14:42:55+00:00,China,Peony,0,7747,restock,Prometheus,1791384175
2026-10-07T14:42:59+00:00,2026-10-07T15:00:33+00:00,South Africa,Lion Plushie,0,1968,restock,Prometheus,1791385233
2026-10-07T14:42:56+00:00,2026-10-07T15:01:24+00:00,UAE,Camel Plushie,1194,0,stockout,YATA,1791385284
2026-10-07T14:42:55+00:00,2026-10-07T15:01:52+00:00,China,Panda Plushie,1535,0,stockout,Prometheus,1791385312
2026-10-07T14:42:55+00:00,2026-10-07T15:01:52+00:00,China,Pangolin Scales,0,2450,restock,Prometheus,1791385312
2026-10-07T15:00:33+00:00,2026-10-07T15:35:18+00:00,South Africa,Raw Ivory,0,1335,restock,Prometheus,1791387318
2026-10-07T15:00:33+00:00,2026-10-07T15:35:18+00:00,South Africa,Lion Plushie,1968,0,stockout,Prometheus,1791387318
2026-10-07T15:00:33+00:00,2026-10-07T15:35:18+00:00,South Africa,African Violet,85,0,stockout,Prometheus,1791387318
2026-10-07T15:01:28+00:00,2026-10-07T15:35:47+00:00,Canada,Xanax,0,2219,restock,YATA,1791387347
2026-10-07T15:01:24+00:00,2026-10-07T15:35:48+00:00,UAE,Tribulus Omanense,819,0,stockout,Prometheus,1791387348
2026-10-07T15:01:24+00:00,2026-10-07T15:35:48+00:00,UAE,Camel Plushie,0,107,restock,Prometheus,1791387348
2026-10-07T15:01:52+00:00,2026-10-07T15:35:48+00:00,China,Panda Plushie,0,438,restock,YATA,1791387348
2026-10-07T15:01:52+00:00,2026-10-07T15:35:48+00:00,China,Pangolin Scales,2450,0,stockout,YATA,1791387348
2026-10-07T15:35:18+00:00,2026-10-07T15:59:35+00:00,South Africa,Lion Plushie,0,824,restock,Prometheus,1791388775
2026-10-07T15:35:48+00:00,2026-10-07T15:59:30+00:00,China,Pangolin Scales,0,2807,restock,Prometheus,1791388770
2026-10-07T15:59:35+00:00,2026-10-07T16:24:53+00:00,South Africa,Raw Ivory,407,0,stockout,Prometheus,1791390293
2026-10-07T15:59:35+00:00,2026-10-07T16:24:53+00:00,South Africa,Lion Plushie,824,0,stockout,Prometheus,1791390293
2026-10-07T15:59:35+00:00,2026-10-07T16:24:53+00:00,South Africa,African Violet,0,8868,restock,Prometheus,1791390293
2026-10-07T15:58:58+00:00,2026-10-07T16:25:09+00:00,UAE,Tribulus Omanense,0,8285,restock,YATA,1791390309
2026-10-07T15:59:30+00:00,2026-10-07T16:25:09+00:00,China,Pangolin Scales,2807,0,stockout,YATA,1791390309
2026-10-07T16:24:53+00:00,2026-10-07T16:48:31+00:00,South Africa,Lion Plushie,0,845,restock,YATA,1791391711
2026-10-07T16:48:31+00:00,2026-10-07T17:13:40+00:00,South Africa,Smoke Grenade,112,0,stockout,Prometheus,1791393220
2026-10-07T16:48:31+00:00,2026-10-07T17:13:40+00:00,South Africa,Lion Plushie,845,0,stockout,Prometheus,1791393220
2026-10-07T16:48:46+00:00,2026-10-07T17:13:53+00:00,UAE,Natural Pearls,211,0,stockout,YATA,1791393233
2026-10-07T16:48:46+00:00,2026-10-07T17:13:51+00:00,China,Panda Plushie,1501,0,stockout,Prometheus,1791393231
2026-10-07T16:48:46+00:00,2026-10-07T17:13:51+00:00,China,Pangolin Scales,0,957,restock,Prometheus,1791393231
2026-10-07T16:48:46+00:00,2026-10-07T17:13:51+00:00,China,Peony,767,0,stockout,Prometheus,1791393231
2026-10-07T17:13:40+00:00,2026-10-07T17:36:15+00:00,South Africa,Lion Plushie,0,100,restock,Prometheus,1791394575
2026-10-07T17:13:53+00:00,2026-10-07T17:36:52+00:00,UAE,Camel Plushie,1101,0,stockout,Prometheus,1791394612
2026-10-07T17:13:53+00:00,2026-10-07T17:36:52+00:00,UAE,Natural Pearls,0,4448,restock,Prometheus,1791394612
2026-10-07T17:13:51+00:00,2026-10-07T17:37:06+00:00,China,Panda Plushie,0,8,restock,Prometheus,1791394626
2026-10-07T17:13:51+00:00,2026-10-07T17:37:06+00:00,China,Pangolin Scales,957,0,stockout,Prometheus,1791394626
2026-10-07T17:37:06+00:00,2026-10-07T17:56:04+00:00,United Kingdom,Xanax,127,0,stockout,Prometheus,1791395764
2026-10-07T17:36:52+00:00,2026-10-07T17:56:27+00:00,UAE,Camel Plushie,0,939,restock,YATA,1791395787
2026-10-07T17:37:06+00:00,2026-10-07T17:56:25+00:00,China,Pangolin Scales,0,3719,restock,Prometheus,1791395785
2026-10-07T17:56:32+00:00,2026-10-07T18:22:57+00:00,South Africa,Smoke Grenade,0,2310,restock,YATA,1791397377
2026-10-07T17:56:25+00:00,2026-10-07T18:23:21+00:00,China,Panda Plushie,2034,0,stockout,Prometheus,1791397401
2026-10-07T17:56:25+00:00,2026-10-07T18:23:21+00:00,China,Peony,0,9463,restock,Prometheus,1791397401
2026-10-07T18:23:21+00:00,2026-10-07T18:48:23+00:00,UAE,Camel Plushie,2014,0,stockout,Prometheus,1791398903
2026-10-07T18:23:21+00:00,2026-10-07T18:48:34+00:00,China,Panda Plushie,0,1152,restock,Prometheus,1791398914
2026-10-07T18:23:21+00:00,2026-10-07T18:48:34+00:00,China,Pangolin Scales,292,0,stockout,Prometheus,1791398914
2026-10-07T18:48:23+00:00,2026-10-07T19:06:11+00:00,UAE,Camel Plushie,0,1708,restock,Prometheus,1791399971
2026-10-07T18:48:34+00:00,2026-10-07T19:04:51+00:00,China,Panda Plushie,1152,0,stockout,Prometheus,1791399891
2026-10-07T18:48:34+00:00,2026-10-07T19:04:51+00:00,China,Pangolin Scales,0,3278,restock,Prometheus,1791399891
2026-10-07T19:05:44+00:00,2026-10-07T19:28:09+00:00,South Africa,Raw Ivory,0,2217,restock,Prometheus,1791401289
2026-10-07T19:05:44+00:00,2026-10-07T19:28:09+00:00,South Africa,Lion Plushie,1151,0,stockout,Prometheus,1791401289
2026-10-07T19:04:51+00:00,2026-10-07T19:28:16+00:00,China,Panda Plushie,0,1877,restock,Prometheus,1791401296
2026-10-07T19:28:09+00:00,2026-10-07T19:46:59+00:00,South Africa,Lion Plushie,0,2023,restock,Prometheus,1791402419
2026-10-07T19:28:31+00:00,2026-10-07T19:47:20+00:00,UAE,Camel Plushie,256,0,stockout,Prometheus,1791402440
2026-10-07T19:28:16+00:00,2026-10-07T19:47:25+00:00,China,Pangolin Scales,740,0,stockout,Prometheus,1791402445
2026-10-07T19:47:30+00:00,2026-10-07T20:01:16+00:00,Canada,Xanax,15,0,stockout,Prometheus,1791403276
2026-10-07T19:46:39+00:00,2026-10-07T20:01:18+00:00,United Kingdom,Xanax,0,2499,restock,Prometheus,1791403278
2026-10-07T19:47:20+00:00,2026-10-07T20:01:07+00:00,UAE,Camel Plushie,0,1192,restock,Prometheus,1791403267
2026-10-07T19:47:25+00:00,2026-10-07T20:01:00+00:00,China,Panda Plushie,177,0,stockout,Prometheus,1791403260
2026-10-07T20:01:07+00:00,2026-10-07T20:24:32+00:00,UAE,Tribulus Omanense,55,0,stockout,Prometheus,1791404672
2026-10-07T20:01:07+00:00,2026-10-07T20:24:32+00:00,UAE,Camel Plushie,1192,0,stockout,Prometheus,1791404672
2026-10-07T20:01:00+00:00,2026-10-07T20:24:22+00:00,China,Panda Plushie,0,1279,restock,Prometheus,1791404662
2026-10-07T20:01:00+00:00,2026-10-07T20:24:22+00:00,China,Pangolin Scales,0,2432,restock,Prometheus,1791404662
2026-10-07T20:23:34+00:00,2026-10-07T20:45:37+00:00,South Africa,Raw Ivory,294,0,stockout,Prometheus,1791405937
2026-10-07T20:24:32+00:00,2026-10-07T20:45:43+00:00,UAE,Camel Plushie,0,651,restock,Prometheus,1791405943
2026-10-07T20:45:43+00:00,2026-10-07T21:01:05+00:00,UAE,Camel Plushie,651,0,stockout,Prometheus,1791406865
2026-10-07T20:45:43+00:00,2026-10-07T21:01:05+00:00,UAE,Natural Pearls,18,0,stockout,Prometheus,1791406865
2026-10-07T20:45:19+00:00,2026-10-07T21:01:06+00:00,China,Pangolin Scales,971,0,stockout,Prometheus,1791406866
2026-10-07T21:01:04+00:00,2026-10-07T21:23:19+00:00,South Africa,Lion Plushie,1400,0,stockout,Prometheus,1791408199
2026-10-07T21:01:05+00:00,2026-10-07T21:23:50+00:00,UAE,Tribulus Omanense,0,9256,restock,YATA,1791408230
2026-10-07T21:01:05+00:00,2026-10-07T21:23:50+00:00,UAE,Camel Plushie,0,866,restock,YATA,1791408230
2026-10-07T21:01:05+00:00,2026-10-07T21:23:50+00:00,UAE,Natural Pearls,0,4937,restock,YATA,1791408230
2026-10-07T21:23:19+00:00,2026-10-07T21:44:48+00:00,South Africa,Lion Plushie,0,1637,restock,Prometheus,1791409488
2026-10-07T21:23:19+00:00,2026-10-07T21:44:48+00:00,South Africa,African Violet,788,0,stockout,Prometheus,1791409488
2026-10-07T21:23:55+00:00,2026-10-07T21:45:02+00:00,Japan,Xanax,0,618,restock,Prometheus,1791409502
2026-10-07T21:23:50+00:00,2026-10-07T21:45:16+00:00,UAE,Camel Plushie,866,0,stockout,YATA,1791409516
2026-10-07T21:24:11+00:00,2026-10-07T21:43:31+00:00,China,Panda Plushie,776,0,stockout,Prometheus,1791409411
2026-10-07T21:24:11+00:00,2026-10-07T21:43:31+00:00,China,Pangolin Scales,0,3043,restock,Prometheus,1791409411
2026-10-07T21:44:48+00:00,2026-10-07T22:00:09+00:00,South Africa,Smoke Grenade,124,0,stockout,Prometheus,1791410409
2026-10-07T21:45:02+00:00,2026-10-07T22:00:11+00:00,Japan,Xanax,618,0,stockout,Prometheus,1791410411
2026-10-07T21:45:04+00:00,2026-10-07T21:59:48+00:00,Canada,Xanax,0,2447,restock,YATA,1791410388
2026-10-07T21:45:16+00:00,2026-10-07T21:58:16+00:00,UAE,Camel Plushie,0,2090,restock,Prometheus,1791410296
2026-10-07T21:43:31+00:00,2026-10-07T21:59:44+00:00,China,Panda Plushie,0,1708,restock,Prometheus,1791410384
2026-10-07T22:20:33+00:00,2026-10-07T22:39:56+00:00,South Africa,African Violet,0,9952,restock,YATA,1791412796
2026-10-07T22:20:27+00:00,2026-10-07T22:39:48+00:00,UAE,Camel Plushie,376,0,stockout,Prometheus,1791412788
2026-10-07T22:20:32+00:00,2026-10-07T22:39:34+00:00,China,Panda Plushie,700,0,stockout,Prometheus,1791412774
2026-10-07T21:59:44+00:00,2026-10-07T22:20:32+00:00,China,Pangolin Scales,1827,0,stockout,Prometheus,1791411632
2026-10-07T22:39:56+00:00,2026-10-07T22:56:22+00:00,South Africa,Smoke Grenade,0,2500,restock,Prometheus,1791413782
2026-10-07T22:39:56+00:00,2026-10-07T22:56:22+00:00,South Africa,Lion Plushie,737,0,stockout,Prometheus,1791413782
2026-10-07T22:39:48+00:00,2026-10-07T22:56:34+00:00,UAE,Camel Plushie,0,1267,restock,Prometheus,1791413794
2026-10-07T22:39:50+00:00,2026-10-07T22:56:27+00:00,Hawaii,Shark Fin,0,1120,restock,Prometheus,1791413787
2026-10-07T22:39:34+00:00,2026-10-07T22:56:39+00:00,China,Panda Plushie,0,1670,restock,Prometheus,1791413799
2026-10-07T22:39:34+00:00,2026-10-07T22:56:39+00:00,China,Pangolin Scales,0,4007,restock,Prometheus,1791413799
2026-10-07T22:39:34+00:00,2026-10-07T22:56:39+00:00,China,Peony,485,0,stockout,Prometheus,1791413799
2026-10-07T22:56:22+00:00,2026-10-07T23:15:15+00:00,South Africa,Lion Plushie,0,1723,restock,Prometheus,1791414915
2026-10-07T22:56:27+00:00,2026-10-07T23:15:15+00:00,Hawaii,Shark Fin,1120,0,stockout,Prometheus,1791414915
2026-10-07T23:15:16+00:00,2026-10-07T23:33:37+00:00,China,Panda Plushie,737,0,stockout,Prometheus,1791416017
2026-10-07T23:33:24+00:00,2026-10-07T23:50:09+00:00,South Africa,Raw Ivory,0,2232,restock,YATA,1791417009
2026-10-07T23:33:24+00:00,2026-10-07T23:50:09+00:00,South Africa,Lion Plushie,822,0,stockout,YATA,1791417009
2026-10-07T23:33:34+00:00,2026-10-07T23:50:27+00:00,Japan,Xanax,0,482,restock,YATA,1791417027
2026-10-07T23:33:37+00:00,2026-10-07T23:50:34+00:00,China,Panda Plushie,0,2033,restock,Prometheus,1791417034
2026-10-07T23:33:37+00:00,2026-10-07T23:50:34+00:00,China,Pangolin Scales,1438,0,stockout,Prometheus,1791417034
2026-10-07T23:33:37+00:00,2026-10-07T23:50:34+00:00,China,Peony,0,9781,restock,Prometheus,1791417034
2026-10-07T23:50:09+00:00,2026-10-08T00:08:18+00:00,South Africa,Lion Plushie,0,2394,restock,Prometheus,1791418098
2026-10-07T23:50:27+00:00,2026-10-08T00:08:10+00:00,Japan,Xanax,482,0,stockout,YATA,1791418090
2026-10-08T00:08:09+00:00,2026-10-08T00:40:35+00:00,China,Panda Plushie,876,0,stockout,Prometheus,1791420035
2026-10-08T00:08:09+00:00,2026-10-08T00:40:35+00:00,China,Pangolin Scales,0,2830,restock,Prometheus,1791420035
2026-10-08T00:40:37+00:00,2026-10-08T01:04:13+00:00,South Africa,Raw Ivory,718,0,stockout,Prometheus,1791421453
2026-10-08T00:40:37+00:00,2026-10-08T01:04:13+00:00,South Africa,Lion Plushie,571,0,stockout,Prometheus,1791421453
2026-10-08T00:40:35+00:00,2026-10-08T01:04:10+00:00,China,Panda Plushie,0,1380,restock,Prometheus,1791421450
2026-10-08T01:04:13+00:00,2026-10-08T01:23:58+00:00,South Africa,Lion Plushie,0,1476,restock,Prometheus,1791422638
2026-10-08T01:04:10+00:00,2026-10-08T01:26:15+00:00,China,Pangolin Scales,1078,0,stockout,Prometheus,1791422775
2026-10-08T01:26:07+00:00,2026-10-08T01:48:28+00:00,Hawaii,Shark Fin,0,2049,restock,Prometheus,1791424108
2026-10-08T01:26:15+00:00,2026-10-08T01:48:32+00:00,China,Panda Plushie,388,0,stockout,Prometheus,1791424112
2026-10-08T01:48:31+00:00,2026-10-08T02:03:30+00:00,South Africa,Lion Plushie,285,0,stockout,Prometheus,1791425010
2026-10-08T01:48:50+00:00,2026-10-08T02:04:05+00:00,Japan,Xanax,0,1134,restock,Prometheus,1791425045
2026-10-08T01:48:37+00:00,2026-10-08T02:04:06+00:00,UAE,Camel Plushie,939,0,stockout,YATA,1791425046
2026-10-08T01:48:28+00:00,2026-10-08T02:04:08+00:00,Hawaii,Shark Fin,2049,0,stockout,Prometheus,1791425048
2026-10-08T01:48:32+00:00,2026-10-08T02:04:02+00:00,China,Panda Plushie,0,1842,restock,Prometheus,1791425042
2026-10-08T01:48:32+00:00,2026-10-08T02:04:02+00:00,China,Pangolin Scales,0,2947,restock,Prometheus,1791425042
2026-10-08T02:03:30+00:00,2026-10-08T02:23:55+00:00,South Africa,Lion Plushie,0,1567,restock,Prometheus,1791426235
2026-10-08T02:04:05+00:00,2026-10-08T02:24:42+00:00,Japan,Xanax,1134,0,stockout,Prometheus,1791426282
2026-10-08T02:04:06+00:00,2026-10-08T02:24:42+00:00,UAE,Camel Plushie,0,2003,restock,Prometheus,1791426282
2026-10-08T02:44:06+00:00,2026-10-08T03:00:56+00:00,South Africa,Lion Plushie,662,0,stockout,Prometheus,1791428456
2026-10-08T02:44:50+00:00,2026-10-08T03:00:44+00:00,UAE,Camel Plushie,943,0,stockout,Prometheus,1791428444
2026-10-08T02:43:22+00:00,2026-10-08T03:00:33+00:00,China,Pangolin Scales,67,0,stockout,Prometheus,1791428433
2026-10-08T03:23:34+00:00,2026-10-08T03:46:10+00:00,South Africa,Xanax,24,0,stockout,YATA,1791431170
2026-10-08T03:00:56+00:00,2026-10-08T03:23:34+00:00,South Africa,Lion Plushie,0,1605,restock,Prometheus,1791429814
2026-10-08T03:00:44+00:00,2026-10-08T03:24:00+00:00,UAE,Camel Plushie,0,1615,restock,Prometheus,1791429840
2026-10-08T03:24:14+00:00,2026-10-08T03:47:02+00:00,China,Panda Plushie,1073,0,stockout,Prometheus,1791431222
2026-10-08T03:00:33+00:00,2026-10-08T03:24:14+00:00,China,Pangolin Scales,0,3439,restock,Prometheus,1791429854
2026-10-08T03:46:10+00:00,2026-10-08T04:02:08+00:00,South Africa,Lion Plushie,224,0,stockout,Prometheus,1791432128
2026-10-08T03:47:03+00:00,2026-10-08T04:02:43+00:00,Japan,Xanax,0,2073,restock,Prometheus,1791432163
2026-10-08T03:46:19+00:00,2026-10-08T04:02:45+00:00,UAE,Tribulus Omanense,231,0,stockout,Prometheus,1791432165
2026-10-08T03:47:02+00:00,2026-10-08T04:02:27+00:00,China,Panda Plushie,0,2346,restock,Prometheus,1791432147
2026-10-08T04:02:08+00:00,2026-10-08T04:25:54+00:00,South Africa,Raw Ivory,0,1562,restock,Prometheus,1791433554
2026-10-08T04:02:08+00:00,2026-10-08T04:25:54+00:00,South Africa,Smoke Grenade,8,0,stockout,Prometheus,1791433554
2026-10-08T04:02:08+00:00,2026-10-08T04:25:54+00:00,South Africa,Lion Plushie,0,1186,restock,Prometheus,1791433554
2026-10-08T04:02:43+00:00,2026-10-08T04:25:26+00:00,Japan,Xanax,2073,0,stockout,Prometheus,1791433526
2026-10-08T04:02:27+00:00,2026-10-08T04:25:10+00:00,China,Pangolin Scales,264,0,stockout,Prometheus,1791433510
2026-10-08T04:25:54+00:00,2026-10-08T04:48:20+00:00,South Africa,Lion Plushie,1186,0,stockout,Prometheus,1791434900
2026-10-08T04:25:10+00:00,2026-10-08T04:48:48+00:00,UAE,Camel Plushie,506,0,stockout,Prometheus,1791434928
2026-10-08T04:25:53+00:00,2026-10-08T04:49:11+00:00,Hawaii,Shark Fin,0,1027,restock,Prometheus,1791434951
2026-10-08T04:25:10+00:00,2026-10-08T04:48:25+00:00,China,Panda Plushie,805,0,stockout,YATA,1791434905
2026-10-08T04:25:10+00:00,2026-10-08T04:48:25+00:00,China,Pangolin Scales,0,3340,restock,YATA,1791434905
2026-10-08T04:48:20+00:00,2026-10-08T05:04:58+00:00,South Africa,Raw Ivory,581,0,stockout,YATA,1791435898
2026-10-08T04:48:20+00:00,2026-10-08T05:04:58+00:00,South Africa,Smoke Grenade,0,2454,restock,YATA,1791435898
2026-10-08T04:48:20+00:00,2026-10-08T05:04:58+00:00,South Africa,Lion Plushie,0,2069,restock,YATA,1791435898
2026-10-08T04:49:05+00:00,2026-10-08T05:05:12+00:00,United Kingdom,Xanax,5,0,stockout,Prometheus,1791435912
2026-10-08T04:48:48+00:00,2026-10-08T05:05:02+00:00,UAE,Tribulus Omanense,0,9799,restock,Prometheus,1791435902
2026-10-08T04:48:48+00:00,2026-10-08T05:05:02+00:00,UAE,Camel Plushie,0,882,restock,Prometheus,1791435902
2026-10-08T04:49:11+00:00,2026-10-08T05:05:13+00:00,Hawaii,Shark Fin,1027,0,stockout,Prometheus,1791435913
2026-10-08T04:48:25+00:00,2026-10-08T05:05:11+00:00,China,Panda Plushie,0,1549,restock,Prometheus,1791435911
2026-10-08T05:04:55+00:00,2026-10-08T05:27:30+00:00,Canada,Xanax,97,0,stockout,YATA,1791437250
2026-10-08T05:05:02+00:00,2026-10-08T05:27:00+00:00,UAE,Camel Plushie,882,0,stockout,Prometheus,1791437220
2026-10-08T05:27:06+00:00,2026-10-08T05:48:35+00:00,South Africa,Xanax,0,2407,restock,YATA,1791438515
2026-10-08T05:27:06+00:00,2026-10-08T05:48:35+00:00,South Africa,Lion Plushie,577,0,stockout,YATA,1791438515
2026-10-08T05:27:06+00:00,2026-10-08T05:48:35+00:00,South Africa,African Violet,967,0,stockout,YATA,1791438515
2026-10-08T05:27:00+00:00,2026-10-08T05:48:41+00:00,UAE,Camel Plushie,0,1346,restock,Prometheus,1791438521
2026-10-08T05:27:21+00:00,2026-10-08T05:48:54+00:00,China,Panda Plushie,256,0,stockout,Prometheus,1791438534
2026-10-08T05:27:21+00:00,2026-10-08T05:48:54+00:00,China,Pangolin Scales,357,0,stockout,Prometheus,1791438534
2026-10-08T05:48:35+00:00,2026-10-08T06:05:30+00:00,South Africa,Lion Plushie,0,408,restock,Prometheus,1791439530
2026-10-08T05:49:04+00:00,2026-10-08T06:05:45+00:00,Hawaii,Shark Fin,0,1888,restock,Prometheus,1791439545
2026-10-08T05:48:54+00:00,2026-10-08T06:05:33+00:00,China,Panda Plushie,0,1143,restock,YATA,1791439533
2026-10-08T05:48:54+00:00,2026-10-08T06:05:33+00:00,China,Pangolin Scales,0,4214,restock,YATA,1791439533
2026-10-08T05:48:54+00:00,2026-10-08T06:05:33+00:00,China,Peony,196,0,stockout,YATA,1791439533
2026-10-08T06:05:45+00:00,2026-10-08T06:35:26+00:00,Hawaii,Shark Fin,1888,0,stockout,Prometheus,1791441326
2026-10-08T06:05:33+00:00,2026-10-08T06:34:55+00:00,China,Panda Plushie,1143,0,stockout,Prometheus,1791441295
2026-10-08T06:35:02+00:00,2026-10-08T07:01:02+00:00,South Africa,Lion Plushie,1082,0,stockout,Prometheus,1791442862
2026-10-08T06:35:02+00:00,2026-10-08T07:01:02+00:00,South Africa,African Violet,0,9087,restock,Prometheus,1791442862
2026-10-08T06:35:26+00:00,2026-10-08T07:00:20+00:00,United Kingdom,Xanax,0,2398,restock,Prometheus,1791442820
2026-10-08T06:35:22+00:00,2026-10-08T07:01:04+00:00,Switzerland,Neumune Tablet,0,3,restock,Prometheus,1791442864
2026-10-08T06:34:55+00:00,2026-10-08T07:01:18+00:00,China,Panda Plushie,0,523,restock,YATA,1791442878
2026-10-08T06:34:55+00:00,2026-10-08T07:01:18+00:00,China,Pangolin Scales,1550,0,stockout,YATA,1791442878
2026-10-08T06:34:55+00:00,2026-10-08T07:01:18+00:00,China,Peony,0,9883,restock,YATA,1791442878
2026-10-08T07:01:02+00:00,2026-10-08T07:25:47+00:00,South Africa,Lion Plushie,0,729,restock,Prometheus,1791444347
2026-10-08T07:00:28+00:00,2026-10-08T07:25:53+00:00,Canada,Xanax,0,2500,restock,YATA,1791444353
2026-10-08T07:01:04+00:00,2026-10-08T07:26:17+00:00,Switzerland,Neumune Tablet,3,0,stockout,Prometheus,1791444377
2026-10-08T07:01:20+00:00,2026-10-08T07:26:03+00:00,Hawaii,Shark Fin,0,135,restock,Prometheus,1791444363
2026-10-08T07:01:18+00:00,2026-10-08T07:25:59+00:00,China,Pangolin Scales,0,4596,restock,Prometheus,1791444359
2026-10-08T07:25:47+00:00,2026-10-08T07:49:50+00:00,South Africa,Lion Plushie,729,0,stockout,Prometheus,1791445790
2026-10-08T07:26:03+00:00,2026-10-08T07:49:48+00:00,Hawaii,Shark Fin,135,0,stockout,Prometheus,1791445788
2026-10-08T07:49:50+00:00,2026-10-08T08:07:20+00:00,South Africa,Raw Ivory,0,2314,restock,Prometheus,1791446840
2026-10-08T07:49:50+00:00,2026-10-08T08:07:20+00:00,South Africa,Smoke Grenade,137,0,stockout,Prometheus,1791446840
2026-10-08T07:49:50+00:00,2026-10-08T08:07:20+00:00,South Africa,Lion Plushie,0,907,restock,Prometheus,1791446840
2026-10-08T07:49:56+00:00,2026-10-08T08:06:57+00:00,UAE,Camel Plushie,109,0,stockout,Prometheus,1791446817
2026-10-08T07:49:51+00:00,2026-10-08T08:07:30+00:00,China,Panda Plushie,365,0,stockout,Prometheus,1791446850
2026-10-08T07:49:51+00:00,2026-10-08T08:07:30+00:00,China,Pangolin Scales,676,0,stockout,Prometheus,1791446850
2026-10-08T08:07:20+00:00,2026-10-08T08:32:35+00:00,South Africa,Lion Plushie,907,0,stockout,Prometheus,1791448355
2026-10-08T08:07:13+00:00,2026-10-08T08:32:45+00:00,Hawaii,Shark Fin,0,1155,restock,Prometheus,1791448365
2026-10-08T08:07:30+00:00,2026-10-08T08:32:47+00:00,China,Panda Plushie,0,639,restock,Prometheus,1791448367
2026-10-08T08:07:30+00:00,2026-10-08T08:32:47+00:00,China,Pangolin Scales,0,3246,restock,Prometheus,1791448367
2026-10-08T08:32:35+00:00,2026-10-08T08:54:35+00:00,South Africa,Lion Plushie,0,1531,restock,Prometheus,1791449675
2026-10-08T08:32:12+00:00,2026-10-08T08:53:53+00:00,UAE,Camel Plushie,0,1712,restock,Prometheus,1791449633
2026-10-08T08:32:12+00:00,2026-10-08T08:53:53+00:00,UAE,Natural Pearls,432,0,stockout,Prometheus,1791449633
2026-10-08T08:32:45+00:00,2026-10-08T08:54:26+00:00,Hawaii,Shark Fin,1155,0,stockout,Prometheus,1791449666
2026-10-08T08:32:47+00:00,2026-10-08T08:54:35+00:00,China,Panda Plushie,639,0,stockout,Prometheus,1791449675
2026-10-08T08:54:35+00:00,2026-10-08T09:16:19+00:00,South Africa,Raw Ivory,86,0,stockout,Prometheus,1791450979
2026-10-08T08:54:35+00:00,2026-10-08T09:16:19+00:00,South Africa,Smoke Grenade,0,2281,restock,Prometheus,1791450979
2026-10-08T08:53:53+00:00,2026-10-08T09:16:39+00:00,UAE,Camel Plushie,1712,0,stockout,Prometheus,1791450999
2026-10-08T08:54:35+00:00,2026-10-08T09:16:47+00:00,China,Panda Plushie,0,540,restock,Prometheus,1791451007
2026-10-08T08:54:35+00:00,2026-10-08T09:16:47+00:00,China,Pangolin Scales,533,0,stockout,Prometheus,1791451007
2026-10-08T09:16:39+00:00,2026-10-08T09:37:20+00:00,UAE,Camel Plushie,0,537,restock,Prometheus,1791452240
2026-10-08T09:16:39+00:00,2026-10-08T09:37:20+00:00,UAE,Natural Pearls,0,4301,restock,Prometheus,1791452240
2026-10-08T09:16:46+00:00,2026-10-08T09:39:18+00:00,Hawaii,Shark Fin,0,2746,restock,Prometheus,1791452358
2026-10-08T09:16:47+00:00,2026-10-08T09:39:17+00:00,China,Panda Plushie,540,0,stockout,Prometheus,1791452357
2026-10-08T09:16:47+00:00,2026-10-08T09:39:17+00:00,China,Pangolin Scales,0,2419,restock,Prometheus,1791452357
2026-10-08T09:37:20+00:00,2026-10-08T09:59:42+00:00,UAE,Tribulus Omanense,640,0,stockout,Prometheus,1791453582
2026-10-08T09:39:18+00:00,2026-10-08T10:00:20+00:00,Hawaii,Shark Fin,2746,0,stockout,Prometheus,1791453620
2026-10-08T09:39:17+00:00,2026-10-08T10:00:22+00:00,China,Panda Plushie,0,795,restock,Prometheus,1791453622
2026-10-08T09:39:17+00:00,2026-10-08T10:00:22+00:00,China,Pangolin Scales,2419,0,stockout,Prometheus,1791453622
2026-10-08T09:59:42+00:00,2026-10-08T10:25:10+00:00,UAE,Camel Plushie,1974,0,stockout,Prometheus,1791455110
2026-10-08T10:00:22+00:00,2026-10-08T10:25:05+00:00,China,Panda Plushie,795,0,stockout,Prometheus,1791455105
2026-10-08T10:25:10+00:00,2026-10-08T10:47:45+00:00,UAE,Camel Plushie,0,200,restock,YATA,1791456465
2026-10-08T10:25:05+00:00,2026-10-08T10:47:36+00:00,China,Panda Plushie,0,730,restock,Prometheus,1791456456
2026-10-08T10:25:05+00:00,2026-10-08T10:47:36+00:00,China,Pangolin Scales,0,1973,restock,Prometheus,1791456456
2026-10-08T10:25:05+00:00,2026-10-08T10:47:36+00:00,China,Peony,152,0,stockout,Prometheus,1791456456
2026-10-08T10:47:59+00:00,2026-10-08T11:02:54+00:00,South Africa,Lion Plushie,347,0,stockout,YATA,1791457374
2026-10-08T10:47:45+00:00,2026-10-08T11:02:48+00:00,UAE,Tribulus Omanense,0,9230,restock,Prometheus,1791457368
2026-10-08T10:47:45+00:00,2026-10-08T11:02:48+00:00,UAE,Camel Plushie,200,0,stockout,Prometheus,1791457368
2026-10-08T10:47:36+00:00,2026-10-08T11:03:18+00:00,China,Panda Plushie,730,0,stockout,Prometheus,1791457398
2026-10-08T11:02:54+00:00,2026-10-08T11:25:27+00:00,South Africa,Lion Plushie,0,1158,restock,YATA,1791458727
2026-10-08T11:02:48+00:00,2026-10-08T11:26:31+00:00,UAE,Camel Plushie,0,578,restock,Prometheus,1791458791
2026-10-08T11:03:18+00:00,2026-10-08T11:26:21+00:00,China,Panda Plushie,0,632,restock,Prometheus,1791458781
2026-10-08T11:03:18+00:00,2026-10-08T11:26:21+00:00,China,Pangolin Scales,319,0,stockout,Prometheus,1791458781
2026-10-08T11:03:18+00:00,2026-10-08T11:26:21+00:00,China,Peony,0,9891,restock,Prometheus,1791458781
2026-10-08T11:25:27+00:00,2026-10-08T11:47:38+00:00,South Africa,Lion Plushie,1158,0,stockout,Prometheus,1791460058
2026-10-08T11:26:21+00:00,2026-10-08T11:48:35+00:00,China,Pangolin Scales,0,2792,restock,Prometheus,1791460115
2026-10-08T11:47:38+00:00,2026-10-08T12:04:24+00:00,South Africa,Smoke Grenade,35,0,stockout,Prometheus,1791461064
2026-10-08T11:47:38+00:00,2026-10-08T12:04:24+00:00,South Africa,Lion Plushie,0,1584,restock,Prometheus,1791461064
2026-10-08T11:47:38+00:00,2026-10-08T12:04:24+00:00,South Africa,African Violet,491,0,stockout,Prometheus,1791461064
2026-10-08T11:48:34+00:00,2026-10-08T12:04:39+00:00,Canada,Xanax,117,0,stockout,YATA,1791461079
2026-10-08T12:04:24+00:00,2026-10-08T12:34:16+00:00,South Africa,Raw Ivory,0,1153,restock,Prometheus,1791462856
2026-10-08T12:04:24+00:00,2026-10-08T12:34:16+00:00,South Africa,Lion Plushie,1584,0,stockout,Prometheus,1791462856
2026-10-08T12:04:30+00:00,2026-10-08T12:34:23+00:00,UAE,Natural Pearls,405,0,stockout,Prometheus,1791462863
2026-10-08T12:04:40+00:00,2026-10-08T12:34:22+00:00,China,Pangolin Scales,836,0,stockout,Prometheus,1791462862
2026-10-08T12:34:16+00:00,2026-10-08T13:00:00+00:00,South Africa,Smoke Grenade,0,2475,restock,YATA,1791464400
2026-10-08T12:34:16+00:00,2026-10-08T13:00:00+00:00,South Africa,Lion Plushie,0,1014,restock,YATA,1791464400
2026-10-08T12:34:16+00:00,2026-10-08T13:00:00+00:00,South Africa,African Violet,0,9903,restock,YATA,1791464400
2026-10-08T12:34:23+00:00,2026-10-08T13:00:51+00:00,UAE,Camel Plushie,1268,0,stockout,Prometheus,1791464451
2026-10-08T12:34:23+00:00,2026-10-08T13:00:51+00:00,UAE,Natural Pearls,0,4550,restock,Prometheus,1791464451
2026-10-08T12:34:22+00:00,2026-10-08T13:01:18+00:00,China,Panda Plushie,2472,0,stockout,Prometheus,1791464478
2026-10-08T12:34:22+00:00,2026-10-08T13:01:18+00:00,China,Pangolin Scales,0,2530,restock,Prometheus,1791464478
2026-10-08T13:00:00+00:00,2026-10-08T13:27:55+00:00,South Africa,Raw Ivory,137,0,stockout,Prometheus,1791466075
2026-10-08T13:01:18+00:00,2026-10-08T13:27:53+00:00,China,Panda Plushie,0,1114,restock,Prometheus,1791466073
2026-10-08T13:01:18+00:00,2026-10-08T13:27:53+00:00,China,Pangolin Scales,2530,0,stockout,Prometheus,1791466073
2026-10-08T13:27:55+00:00,2026-10-08T13:50:46+00:00,South Africa,Lion Plushie,2233,0,stockout,Prometheus,1791467446
2026-10-08T13:27:49+00:00,2026-10-08T13:50:39+00:00,Canada,Xanax,0,2499,restock,YATA,1791467439
2026-10-08T13:27:52+00:00,2026-10-08T13:50:57+00:00,UAE,Camel Plushie,0,1585,restock,Prometheus,1791467457
2026-10-08T13:27:53+00:00,2026-10-08T13:50:57+00:00,China,Panda Plushie,1114,0,stockout,YATA,1791467457
2026-10-08T13:27:53+00:00,2026-10-08T13:50:57+00:00,China,Pangolin Scales,0,4316,restock,YATA,1791467457
2026-10-08T13:50:46+00:00,2026-10-08T14:10:11+00:00,South Africa,Lion Plushie,0,1884,restock,YATA,1791468611
2026-10-08T13:50:59+00:00,2026-10-08T14:10:17+00:00,United Kingdom,Xanax,50,0,stockout,YATA,1791468617
2026-10-08T13:50:57+00:00,2026-10-08T14:10:31+00:00,UAE,Camel Plushie,1585,0,stockout,YATA,1791468631
2026-10-08T13:50:57+00:00,2026-10-08T14:10:41+00:00,China,Panda Plushie,0,769,restock,Prometheus,1791468641
2026-10-08T14:10:40+00:00,2026-10-08T14:37:04+00:00,Japan,Xanax,0,1544,restock,Prometheus,1791470224
2026-10-08T14:10:31+00:00,2026-10-08T14:34:21+00:00,UAE,Tribulus Omanense,1124,0,stockout,Prometheus,1791470061
2026-10-08T14:10:31+00:00,2026-10-08T14:34:21+00:00,UAE,Camel Plushie,0,946,restock,Prometheus,1791470061
2026-10-08T14:10:41+00:00,2026-10-08T14:37:19+00:00,China,Panda Plushie,769,0,stockout,Prometheus,1791470239
2026-10-08T14:10:41+00:00,2026-10-08T14:37:19+00:00,China,Pangolin Scales,1618,0,stockout,Prometheus,1791470239
2026-10-08T14:37:04+00:00,2026-10-08T14:58:24+00:00,Japan,Xanax,1544,0,stockout,Prometheus,1791471504
2026-10-08T14:34:21+00:00,2026-10-08T14:58:18+00:00,UAE,Camel Plushie,946,0,stockout,Prometheus,1791471498
2026-10-08T14:37:19+00:00,2026-10-08T14:58:22+00:00,China,Panda Plushie,0,53,restock,Prometheus,1791471502
2026-10-08T14:37:19+00:00,2026-10-08T14:58:22+00:00,China,Pangolin Scales,0,3810,restock,Prometheus,1791471502
2026-10-08T14:58:37+00:00,2026-10-08T15:23:07+00:00,South Africa,Lion Plushie,1651,0,stockout,Prometheus,1791472987
2026-10-08T14:58:18+00:00,2026-10-08T15:23:20+00:00,UAE,Camel Plushie,0,88,restock,Prometheus,1791473000
2026-10-08T14:58:22+00:00,2026-10-08T15:23:16+00:00,China,Peony,830,0,stockout,Prometheus,1791472996
2026-10-08T15:23:07+00:00,2026-10-08T15:46:47+00:00,South Africa,Lion Plushie,0,1496,restock,YATA,1791474407
2026-10-08T15:23:20+00:00,2026-10-08T15:46:42+00:00,UAE,Tribulus Omanense,0,9107,restock,YATA,1791474402
2026-10-08T15:23:16+00:00,2026-10-08T15:46:43+00:00,China,Pangolin Scales,271,0,stockout,Prometheus,1791474403
2026-10-08T15:46:47+00:00,2026-10-08T16:04:20+00:00,South Africa,Raw Ivory,0,2024,restock,Prometheus,1791475460
2026-10-08T15:46:43+00:00,2026-10-08T16:03:00+00:00,United Kingdom,Xanax,0,2366,restock,Prometheus,1791475380
2026-10-08T15:46:43+00:00,2026-10-08T16:03:53+00:00,China,Pangolin Scales,0,2914,restock,Prometheus,1791475433
2026-10-08T16:04:20+00:00,2026-10-08T16:31:03+00:00,South Africa,Smoke Grenade,37,0,stockout,Prometheus,1791477063
2026-10-08T16:04:18+00:00,2026-10-08T16:31:00+00:00,UAE,Natural Pearls,192,0,stockout,YATA,1791477060
2026-10-08T16:03:53+00:00,2026-10-08T16:31:01+00:00,China,Pangolin Scales,2914,0,stockout,Prometheus,1791477061
2026-10-08T16:03:53+00:00,2026-10-08T16:31:01+00:00,China,Peony,0,8780,restock,Prometheus,1791477061
2026-10-08T16:31:03+00:00,2026-10-08T16:54:07+00:00,South Africa,Raw Ivory,582,0,stockout,Prometheus,1791478447
2026-10-08T16:31:03+00:00,2026-10-08T16:54:07+00:00,South Africa,Xanax,103,0,stockout,Prometheus,1791478447
2026-10-08T16:30:57+00:00,2026-10-08T16:54:14+00:00,Japan,Xanax,0,773,restock,Prometheus,1791478454
2026-10-08T16:31:00+00:00,2026-10-08T16:54:09+00:00,UAE,Camel Plushie,1427,0,stockout,Prometheus,1791478449
2026-10-08T16:31:00+00:00,2026-10-08T16:54:09+00:00,UAE,Natural Pearls,0,4655,restock,Prometheus,1791478449
2026-10-08T16:31:01+00:00,2026-10-08T16:54:14+00:00,China,Panda Plushie,1434,0,stockout,Prometheus,1791478454
2026-10-08T16:54:07+00:00,2026-10-08T17:14:53+00:00,South Africa,Smoke Grenade,0,2478,restock,Prometheus,1791479693
2026-10-08T16:54:14+00:00,2026-10-08T17:14:56+00:00,Japan,Xanax,773,0,stockout,Prometheus,1791479696
2026-10-08T16:54:09+00:00,2026-10-08T17:13:59+00:00,UAE,Camel Plushie,0,870,restock,YATA,1791479639
2026-10-08T16:54:14+00:00,2026-10-08T17:14:45+00:00,China,Panda Plushie,0,1277,restock,Prometheus,1791479685
2026-10-08T16:54:14+00:00,2026-10-08T17:14:45+00:00,China,Pangolin Scales,0,2693,restock,Prometheus,1791479685
2026-10-08T17:13:55+00:00,2026-10-08T17:36:55+00:00,Canada,Xanax,190,0,stockout,Prometheus,1791481015
2026-10-08T17:13:59+00:00,2026-10-08T17:36:59+00:00,UAE,Camel Plushie,870,0,stockout,Prometheus,1791481019
2026-10-08T17:14:45+00:00,2026-10-08T17:37:09+00:00,China,Panda Plushie,1277,0,stockout,Prometheus,1791481029
2026-10-08T17:37:09+00:00,2026-10-08T17:55:17+00:00,South Africa,Lion Plushie,343,0,stockout,YATA,1791482117
2026-10-08T17:37:09+00:00,2026-10-08T17:55:17+00:00,South Africa,African Violet,170,0,stockout,YATA,1791482117
2026-10-08T17:36:59+00:00,2026-10-08T17:54:59+00:00,UAE,Camel Plushie,0,853,restock,YATA,1791482099
2026-10-08T17:37:09+00:00,2026-10-08T17:55:57+00:00,China,Panda Plushie,0,1250,restock,Prometheus,1791482157
2026-10-08T17:37:09+00:00,2026-10-08T17:55:57+00:00,China,Pangolin Scales,100,0,stockout,Prometheus,1791482157
2026-10-08T17:55:17+00:00,2026-10-08T18:21:17+00:00,South Africa,Lion Plushie,0,430,restock,YATA,1791483677
2026-10-08T17:54:59+00:00,2026-10-08T18:21:14+00:00,UAE,Camel Plushie,853,0,stockout,YATA,1791483674
2026-10-08T17:55:57+00:00,2026-10-08T18:21:16+00:00,China,Panda Plushie,1250,0,stockout,Prometheus,1791483676
2026-10-08T17:55:57+00:00,2026-10-08T18:21:16+00:00,China,Pangolin Scales,0,3114,restock,Prometheus,1791483676
2026-10-08T18:21:14+00:00,2026-10-08T18:45:56+00:00,UAE,Camel Plushie,0,692,restock,YATA,1791485156
2026-10-08T18:21:16+00:00,2026-10-08T18:46:27+00:00,China,Panda Plushie,0,1138,restock,YATA,1791485187
2026-10-08T18:46:26+00:00,2026-10-08T19:04:16+00:00,South Africa,Xanax,0,2457,restock,YATA,1791486256
2026-10-08T18:46:26+00:00,2026-10-08T19:04:16+00:00,South Africa,African Violet,0,9863,restock,YATA,1791486256
2026-10-08T18:45:56+00:00,2026-10-08T19:04:33+00:00,UAE,Camel Plushie,692,0,stockout,YATA,1791486273
2026-10-08T18:46:29+00:00,2026-10-08T19:04:18+00:00,Hawaii,Shark Fin,0,3335,restock,Prometheus,1791486258
2026-10-08T18:46:27+00:00,2026-10-08T19:04:31+00:00,China,Panda Plushie,1138,0,stockout,Prometheus,1791486271
2026-10-08T18:46:27+00:00,2026-10-08T19:04:31+00:00,China,Pangolin Scales,576,0,stockout,Prometheus,1791486271
2026-10-08T19:04:33+00:00,2026-10-08T19:27:44+00:00,UAE,Camel Plushie,0,763,restock,Prometheus,1791487664
2026-10-08T19:04:18+00:00,2026-10-08T19:27:53+00:00,Hawaii,Shark Fin,3335,0,stockout,Prometheus,1791487673
2026-10-08T19:04:31+00:00,2026-10-08T19:27:51+00:00,China,Panda Plushie,0,1789,restock,Prometheus,1791487671
2026-10-08T19:04:31+00:00,2026-10-08T19:27:51+00:00,China,Pangolin Scales,0,4311,restock,Prometheus,1791487671
2026-10-08T19:27:34+00:00,2026-10-08T19:49:25+00:00,South Africa,Raw Ivory,0,2043,restock,Prometheus,1791488965
2026-10-08T19:27:36+00:00,2026-10-08T19:49:05+00:00,Canada,Xanax,0,2097,restock,Prometheus,1791488945
2026-10-08T19:27:44+00:00,2026-10-08T19:49:29+00:00,UAE,Camel Plushie,763,0,stockout,YATA,1791488969
2026-10-08T19:49:29+00:00,2026-10-08T20:06:31+00:00,UAE,Camel Plushie,0,884,restock,YATA,1791489991
2026-10-08T19:48:51+00:00,2026-10-08T20:05:07+00:00,China,Panda Plushie,488,0,stockout,Prometheus,1791489907
2026-10-08T20:06:31+00:00,2026-10-08T20:31:50+00:00,UAE,Tribulus Omanense,156,0,stockout,Prometheus,1791491510
2026-10-08T20:06:31+00:00,2026-10-08T20:31:50+00:00,UAE,Camel Plushie,884,0,stockout,Prometheus,1791491510
2026-10-08T20:06:31+00:00,2026-10-08T20:31:50+00:00,UAE,Natural Pearls,335,0,stockout,Prometheus,1791491510
2026-10-08T20:05:07+00:00,2026-10-08T20:31:43+00:00,China,Panda Plushie,0,1068,restock,Prometheus,1791491503
2026-10-08T20:05:07+00:00,2026-10-08T20:31:43+00:00,China,Pangolin Scales,424,0,stockout,Prometheus,1791491503
2026-10-08T20:31:10+00:00,2026-10-08T20:53:19+00:00,South Africa,Raw Ivory,394,0,stockout,Prometheus,1791492799
2026-10-08T20:31:43+00:00,2026-10-08T20:53:33+00:00,Japan,Xanax,0,1381,restock,Prometheus,1791492813
2026-10-08T20:31:50+00:00,2026-10-08T20:53:25+00:00,UAE,Camel Plushie,0,395,restock,Prometheus,1791492805
2026-10-08T20:31:50+00:00,2026-10-08T20:53:25+00:00,UAE,Natural Pearls,0,4662,restock,Prometheus,1791492805
2026-10-08T20:31:43+00:00,2026-10-08T20:53:18+00:00,China,Panda Plushie,1068,0,stockout,Prometheus,1791492798
2026-10-08T20:31:43+00:00,2026-10-08T20:53:18+00:00,China,Pangolin Scales,0,3496,restock,Prometheus,1791492798
2026-10-08T20:31:43+00:00,2026-10-08T20:53:18+00:00,China,Peony,175,0,stockout,Prometheus,1791492798
2026-10-08T20:53:19+00:00,2026-10-08T21:12:52+00:00,South Africa,Smoke Grenade,144,0,stockout,Prometheus,1791493972
2026-10-08T20:53:19+00:00,2026-10-08T21:12:52+00:00,South Africa,Lion Plushie,816,0,stockout,Prometheus,1791493972
2026-10-08T20:53:33+00:00,2026-10-08T21:13:26+00:00,Japan,Xanax,1381,0,stockout,Prometheus,1791494006
2026-10-08T20:53:18+00:00,2026-10-08T21:13:01+00:00,China,Panda Plushie,0,995,restock,Prometheus,1791493981
2026-10-08T21:12:52+00:00,2026-10-08T21:34:38+00:00,South Africa,Lion Plushie,0,1636,restock,YATA,1791495278
2026-10-08T21:13:28+00:00,2026-10-08T21:35:20+00:00,UAE,Tribulus Omanense,0,9760,restock,YATA,1791495320
2026-10-08T21:13:28+00:00,2026-10-08T21:35:54+00:00,Hawaii,Shark Fin,0,384,restock,Prometheus,1791495354
2026-10-08T21:13:01+00:00,2026-10-08T21:36:01+00:00,China,Panda Plushie,995,0,stockout,YATA,1791495361
2026-10-08T21:35:53+00:00,2026-10-08T21:55:36+00:00,Canada,Xanax,211,0,stockout,Prometheus,1791496536
2026-10-08T21:35:20+00:00,2026-10-08T21:55:26+00:00,UAE,Camel Plushie,427,0,stockout,Prometheus,1791496526
2026-10-08T21:35:54+00:00,2026-10-08T21:55:32+00:00,Hawaii,Shark Fin,384,0,stockout,Prometheus,1791496532
2026-10-08T21:36:01+00:00,2026-10-08T21:55:26+00:00,China,Panda Plushie,0,1854,restock,Prometheus,1791496526
2026-10-08T21:36:01+00:00,2026-10-08T21:55:26+00:00,China,Pangolin Scales,100,0,stockout,Prometheus,1791496526
2026-10-08T21:36:01+00:00,2026-10-08T21:55:26+00:00,China,Peony,0,9231,restock,Prometheus,1791496526
2026-10-08T21:55:34+00:00,2026-10-08T22:17:25+00:00,South Africa,Smoke Grenade,0,2293,restock,YATA,1791497845
2026-10-08T21:55:26+00:00,2026-10-08T22:17:25+00:00,UAE,Camel Plushie,0,991,restock,Prometheus,1791497845
2026-10-08T21:55:26+00:00,2026-10-08T22:17:19+00:00,China,Pangolin Scales,0,3536,restock,Prometheus,1791497839
2026-10-08T22:17:25+00:00,2026-10-08T22:37:11+00:00,UAE,Camel Plushie,991,0,stockout,YATA,1791499031
2026-10-08T22:37:32+00:00,2026-10-08T22:56:19+00:00,South Africa,Lion Plushie,686,0,stockout,YATA,1791500179
2026-10-08T22:37:04+00:00,2026-10-08T22:55:35+00:00,United Kingdom,Xanax,50,0,stockout,Prometheus,1791500135
2026-10-08T22:37:11+00:00,2026-10-08T22:55:57+00:00,UAE,Camel Plushie,0,2035,restock,Prometheus,1791500157
2026-10-08T22:37:28+00:00,2026-10-08T22:55:59+00:00,Hawaii,Shark Fin,0,1270,restock,Prometheus,1791500159
2026-10-08T22:56:19+00:00,2026-10-08T23:17:46+00:00,South Africa,Lion Plushie,0,1633,restock,YATA,1791501466
2026-10-08T22:55:59+00:00,2026-10-08T23:17:33+00:00,Hawaii,Shark Fin,1270,0,stockout,Prometheus,1791501453
2026-10-08T22:56:09+00:00,2026-10-08T23:17:41+00:00,China,Panda Plushie,1246,0,stockout,Prometheus,1791501461
2026-10-08T22:56:09+00:00,2026-10-08T23:17:41+00:00,China,Pangolin Scales,1006,0,stockout,Prometheus,1791501461
2026-10-08T23:17:41+00:00,2026-10-08T23:36:30+00:00,China,Panda Plushie,0,1984,restock,Prometheus,1791502590
2026-10-08T23:36:28+00:00,2026-10-08T23:53:56+00:00,South Africa,Lion Plushie,495,0,stockout,Prometheus,1791503636
2026-10-08T23:36:28+00:00,2026-10-08T23:53:42+00:00,UAE,Camel Plushie,82,0,stockout,Prometheus,1791503622
2026-10-08T23:36:30+00:00,2026-10-08T23:54:15+00:00,China,Pangolin Scales,0,3250,restock,Prometheus,1791503655
2026-10-08T23:53:56+00:00,2026-10-09T00:22:48+00:00,South Africa,Raw Ivory,0,1473,restock,YATA,1791505368
2026-10-08T23:53:56+00:00,2026-10-09T00:22:48+00:00,South Africa,Lion Plushie,0,1285,restock,YATA,1791505368
2026-10-08T23:54:16+00:00,2026-10-09T00:23:24+00:00,Canada,Xanax,0,2079,restock,Prometheus,1791505404
2026-10-08T23:53:42+00:00,2026-10-09T00:23:11+00:00,UAE,Camel Plushie,0,847,restock,YATA,1791505391
2026-10-08T23:53:43+00:00,2026-10-09T00:23:08+00:00,Hawaii,Shark Fin,0,1750,restock,Prometheus,1791505388
2026-10-08T23:54:15+00:00,2026-10-09T00:23:33+00:00,China,Panda Plushie,832,0,stockout,Prometheus,1791505413
2026-10-09T00:22:48+00:00,2026-10-09T00:55:05+00:00,South Africa,Lion Plushie,1285,0,stockout,YATA,1791507305
2026-10-09T00:22:56+00:00,2026-10-09T00:55:14+00:00,United Kingdom,Xanax,0,2408,restock,Prometheus,1791507314
2026-10-09T00:23:08+00:00,2026-10-09T00:55:11+00:00,Hawaii,Shark Fin,1750,0,stockout,YATA,1791507311
2026-10-09T00:23:33+00:00,2026-10-09T00:55:14+00:00,China,Panda Plushie,0,618,restock,Prometheus,1791507314
2026-10-09T00:23:33+00:00,2026-10-09T00:55:14+00:00,China,Pangolin Scales,689,0,stockout,Prometheus,1791507314
2026-10-09T00:55:05+00:00,2026-10-09T01:18:42+00:00,South Africa,Raw Ivory,596,0,stockout,Prometheus,1791508722
2026-10-09T00:55:05+00:00,2026-10-09T01:18:42+00:00,South Africa,Lion Plushie,0,1688,restock,Prometheus,1791508722
2026-10-09T00:55:18+00:00,2026-10-09T01:18:46+00:00,Japan,Xanax,0,2,restock,Prometheus,1791508726
2026-10-09T00:55:14+00:00,2026-10-09T01:18:46+00:00,China,Pangolin Scales,0,4073,restock,Prometheus,1791508726
2026-10-09T01:18:46+00:00,2026-10-09T01:40:19+00:00,Japan,Xanax,2,0,stockout,Prometheus,1791510019
2026-10-09T01:18:05+00:00,2026-10-09T01:40:09+00:00,UAE,Camel Plushie,834,0,stockout,YATA,1791510009
2026-10-09T01:18:30+00:00,2026-10-09T01:40:36+00:00,Hawaii,Shark Fin,0,3414,restock,YATA,1791510036
2026-10-09T01:39:23+00:00,2026-10-09T01:59:17+00:00,South Africa,Lion Plushie,586,0,stockout,YATA,1791511157
2026-10-09T01:40:09+00:00,2026-10-09T01:58:55+00:00,UAE,Camel Plushie,0,1670,restock,Prometheus,1791511135
2026-10-09T01:59:17+00:00,2026-10-09T02:21:33+00:00,South Africa,Lion Plushie,0,1328,restock,Prometheus,1791512493
2026-10-09T01:59:17+00:00,2026-10-09T02:21:33+00:00,South Africa,African Violet,425,0,stockout,Prometheus,1791512493
2026-10-09T01:59:42+00:00,2026-10-09T02:21:24+00:00,Hawaii,Shark Fin,588,0,stockout,Prometheus,1791512484
2026-10-09T01:59:32+00:00,2026-10-09T02:21:28+00:00,China,Panda Plushie,839,0,stockout,YATA,1791512488
2026-10-09T01:59:32+00:00,2026-10-09T02:21:28+00:00,China,Pangolin Scales,820,0,stockout,YATA,1791512488
2026-10-09T02:21:23+00:00,2026-10-09T02:42:01+00:00,Canada,Xanax,1,0,stockout,Prometheus,1791513721
2026-10-09T02:21:18+00:00,2026-10-09T02:41:40+00:00,UAE,Camel Plushie,547,0,stockout,YATA,1791513700
2026-10-09T02:21:18+00:00,2026-10-09T02:41:40+00:00,UAE,Natural Pearls,73,0,stockout,YATA,1791513700
2026-10-09T02:21:28+00:00,2026-10-09T02:42:04+00:00,China,Panda Plushie,0,2099,restock,Prometheus,1791513724
2026-10-09T02:41:47+00:00,2026-10-09T02:59:10+00:00,South Africa,Smoke Grenade,264,0,stockout,Prometheus,1791514750
2026-10-09T02:41:47+00:00,2026-10-09T02:59:10+00:00,South Africa,Lion Plushie,243,0,stockout,Prometheus,1791514750
2026-10-09T02:41:40+00:00,2026-10-09T02:59:08+00:00,UAE,Camel Plushie,0,1673,restock,YATA,1791514748
2026-10-09T02:41:40+00:00,2026-10-09T02:59:08+00:00,UAE,Natural Pearls,0,4844,restock,YATA,1791514748
2026-10-09T02:42:04+00:00,2026-10-09T02:59:15+00:00,China,Pangolin Scales,0,3007,restock,Prometheus,1791514755
2026-10-09T02:59:10+00:00,2026-10-09T03:23:32+00:00,South Africa,Lion Plushie,0,34,restock,Prometheus,1791516212
2026-10-09T02:59:10+00:00,2026-10-09T03:23:32+00:00,South Africa,African Violet,0,9788,restock,Prometheus,1791516212
2026-10-09T03:23:52+00:00,2026-10-09T03:46:47+00:00,China,Pangolin Scales,1230,0,stockout,Prometheus,1791517607
2026-10-09T03:46:33+00:00,2026-10-09T04:02:49+00:00,South Africa,Smoke Grenade,0,2399,restock,YATA,1791518569
2026-10-09T04:02:49+00:00,2026-10-09T04:26:25+00:00,South Africa,Raw Ivory,0,1648,restock,YATA,1791519985
2026-10-09T04:02:30+00:00,2026-10-09T04:26:20+00:00,UAE,Camel Plushie,1329,0,stockout,Prometheus,1791519980
2026-10-09T04:02:41+00:00,2026-10-09T04:25:59+00:00,China,Panda Plushie,1009,0,stockout,YATA,1791519959
2026-10-09T04:02:41+00:00,2026-10-09T04:25:59+00:00,China,Pangolin Scales,0,3591,restock,YATA,1791519959
2026-10-09T04:02:40+00:00,2026-10-09T04:26:17+00:00,Canada,Xanax,0,2408,restock,Prometheus,1791519977
2026-10-09T04:26:20+00:00,2026-10-09T04:49:13+00:00,UAE,Tribulus Omanense,310,0,stockout,Prometheus,1791521353
2026-10-09T04:26:20+00:00,2026-10-09T04:49:13+00:00,UAE,Camel Plushie,0,1434,restock,Prometheus,1791521353
2026-10-09T04:26:32+00:00,2026-10-09T04:49:40+00:00,Hawaii,Shark Fin,0,2115,restock,Prometheus,1791521380
2026-10-09T04:25:59+00:00,2026-10-09T04:49:35+00:00,China,Panda Plushie,0,1609,restock,Prometheus,1791521375
2026-10-09T04:25:59+00:00,2026-10-09T04:49:35+00:00,China,Peony,284,0,stockout,Prometheus,1791521375
2026-10-09T04:49:35+00:00,2026-10-09T05:06:18+00:00,South Africa,Raw Ivory,553,0,stockout,Prometheus,1791522378
2026-10-09T04:49:35+00:00,2026-10-09T05:06:18+00:00,South Africa,Lion Plushie,1065,0,stockout,Prometheus,1791522378
2026-10-09T05:06:18+00:00,2026-10-09T05:28:18+00:00,South Africa,Lion Plushie,0,1925,restock,YATA,1791523698
2026-10-09T05:06:09+00:00,2026-10-09T05:29:24+00:00,Japan,Xanax,0,915,restock,Prometheus,1791523764
2026-10-09T05:05:47+00:00,2026-10-09T05:29:10+00:00,Hawaii,Shark Fin,110,0,stockout,Prometheus,1791523750
2026-10-09T05:06:01+00:00,2026-10-09T05:29:14+00:00,China,Pangolin Scales,444,0,stockout,YATA,1791523754
2026-10-09T05:06:01+00:00,2026-10-09T05:29:14+00:00,China,Peony,0,9967,restock,YATA,1791523754
2026-10-09T05:29:24+00:00,2026-10-09T05:50:48+00:00,Japan,Xanax,915,0,stockout,Prometheus,1791525048
2026-10-09T05:29:17+00:00,2026-10-09T05:50:44+00:00,UAE,Tribulus Omanense,0,9747,restock,Prometheus,1791525044
2026-10-09T05:29:14+00:00,2026-10-09T05:50:44+00:00,China,Pangolin Scales,0,3708,restock,Prometheus,1791525044
2026-10-09T05:50:43+00:00,2026-10-09T06:10:22+00:00,Canada,Xanax,344,0,stockout,Prometheus,1791526222
2026-10-09T05:50:44+00:00,2026-10-09T06:10:14+00:00,UAE,Camel Plushie,158,0,stockout,YATA,1791526214
2026-10-09T05:50:44+00:00,2026-10-09T06:10:47+00:00,China,Panda Plushie,633,0,stockout,YATA,1791526247
2026-10-09T06:10:14+00:00,2026-10-09T06:41:23+00:00,UAE,Camel Plushie,0,392,restock,Prometheus,1791528083
2026-10-09T06:10:47+00:00,2026-10-09T06:41:36+00:00,China,Panda Plushie,0,1071,restock,Prometheus,1791528096
2026-10-09T06:10:47+00:00,2026-10-09T06:41:36+00:00,China,Pangolin Scales,2258,0,stockout,Prometheus,1791528096
2026-10-09T06:41:36+00:00,2026-10-09T07:03:59+00:00,China,Panda Plushie,1071,0,stockout,Prometheus,1791529439
2026-10-09T07:03:59+00:00,2026-10-09T07:29:27+00:00,China,Panda Plushie,0,1281,restock,Prometheus,1791530967
2026-10-09T07:03:59+00:00,2026-10-09T07:29:27+00:00,China,Pangolin Scales,0,2523,restock,Prometheus,1791530967
2026-10-09T07:29:17+00:00,2026-10-09T07:51:22+00:00,South Africa,Smoke Grenade,76,0,stockout,YATA,1791532282
2026-10-09T07:29:27+00:00,2026-10-09T07:51:52+00:00,China,Panda Plushie,1281,0,stockout,Prometheus,1791532312
2026-10-09T07:51:22+00:00,2026-10-09T08:11:17+00:00,South Africa,Raw Ivory,0,2102,restock,Prometheus,1791533477
2026-10-09T07:51:53+00:00,2026-10-09T08:11:27+00:00,Canada,Xanax,0,1814,restock,Prometheus,1791533487
2026-10-09T07:51:59+00:00,2026-10-09T08:11:27+00:00,UAE,Natural Pearls,4,0,stockout,YATA,1791533487
2026-10-09T07:51:52+00:00,2026-10-09T08:11:31+00:00,China,Panda Plushie,0,1672,restock,Prometheus,1791533491
2026-10-09T07:51:52+00:00,2026-10-09T08:11:31+00:00,China,Pangolin Scales,481,0,stockout,Prometheus,1791533491
2026-10-09T08:11:17+00:00,2026-10-09T08:36:29+00:00,South Africa,Smoke Grenade,0,2445,restock,Prometheus,1791534989
2026-10-09T08:11:17+00:00,2026-10-09T08:36:29+00:00,South Africa,Lion Plushie,865,0,stockout,Prometheus,1791534989
2026-10-09T08:11:27+00:00,2026-10-09T08:35:34+00:00,UAE,Camel Plushie,742,0,stockout,Prometheus,1791534934
2026-10-09T08:11:27+00:00,2026-10-09T08:35:34+00:00,UAE,Natural Pearls,0,4757,restock,Prometheus,1791534934
2026-10-09T08:11:31+00:00,2026-10-09T08:36:28+00:00,China,Panda Plushie,1672,0,stockout,YATA,1791534988
2026-10-09T08:11:31+00:00,2026-10-09T08:36:28+00:00,China,Pangolin Scales,0,2642,restock,YATA,1791534988
2026-10-09T08:36:29+00:00,2026-10-09T08:57:08+00:00,South Africa,Xanax,7,0,stockout,YATA,1791536228
2026-10-09T08:36:29+00:00,2026-10-09T08:57:08+00:00,South Africa,Lion Plushie,0,1749,restock,YATA,1791536228
2026-10-09T08:35:34+00:00,2026-10-09T08:56:25+00:00,UAE,Camel Plushie,0,1286,restock,YATA,1791536185
2026-10-09T08:36:26+00:00,2026-10-09T08:57:08+00:00,Hawaii,Shark Fin,0,2169,restock,Prometheus,1791536228
2026-10-09T08:36:28+00:00,2026-10-09T08:56:46+00:00,China,Panda Plushie,0,1691,restock,Prometheus,1791536206
2026-10-09T08:57:08+00:00,2026-10-09T09:21:44+00:00,South Africa,Raw Ivory,605,0,stockout,Prometheus,1791537704
2026-10-09T08:56:35+00:00,2026-10-09T09:21:42+00:00,Canada,Xanax,188,0,stockout,YATA,1791537702
2026-10-09T08:56:25+00:00,2026-10-09T09:21:52+00:00,UAE,Camel Plushie,1286,0,stockout,YATA,1791537712
2026-10-09T08:57:08+00:00,2026-10-09T09:21:35+00:00,Hawaii,Shark Fin,2169,0,stockout,Prometheus,1791537695
2026-10-09T08:56:46+00:00,2026-10-09T09:21:48+00:00,China,Panda Plushie,1691,0,stockout,Prometheus,1791537708
2026-10-09T08:56:46+00:00,2026-10-09T09:21:48+00:00,China,Pangolin Scales,272,0,stockout,Prometheus,1791537708
2026-10-09T09:21:44+00:00,2026-10-09T09:44:00+00:00,South Africa,Lion Plushie,704,0,stockout,Prometheus,1791539040
2026-10-09T09:21:44+00:00,2026-10-09T09:44:00+00:00,South Africa,African Violet,27,0,stockout,Prometheus,1791539040
2026-10-09T09:21:35+00:00,2026-10-09T09:44:10+00:00,Japan,Xanax,0,75,restock,Prometheus,1791539050
2026-10-09T09:21:52+00:00,2026-10-09T09:43:52+00:00,UAE,Camel Plushie,0,915,restock,YATA,1791539032
2026-10-09T09:21:48+00:00,2026-10-09T09:44:05+00:00,China,Panda Plushie,0,1341,restock,YATA,1791539045
2026-10-09T09:21:48+00:00,2026-10-09T09:44:05+00:00,China,Pangolin Scales,0,2280,restock,YATA,1791539045
2026-10-09T09:44:00+00:00,2026-10-09T10:01:47+00:00,South Africa,Lion Plushie,0,263,restock,Prometheus,1791540107
2026-10-09T09:44:10+00:00,2026-10-09T10:01:52+00:00,Japan,Xanax,75,0,stockout,YATA,1791540112
2026-10-09T09:44:08+00:00,2026-10-09T10:01:52+00:00,United Kingdom,Xanax,25,0,stockout,Prometheus,1791540112
2026-10-09T09:43:52+00:00,2026-10-09T10:01:44+00:00,UAE,Camel Plushie,915,0,stockout,Prometheus,1791540104
2026-10-09T10:01:47+00:00,2026-10-09T10:26:40+00:00,South Africa,African Violet,0,9917,restock,YATA,1791541600
2026-10-09T10:01:44+00:00,2026-10-09T10:26:22+00:00,UAE,Camel Plushie,0,905,restock,Prometheus,1791541582
2026-10-09T10:01:57+00:00,2026-10-09T10:26:46+00:00,China,Pangolin Scales,349,0,stockout,YATA,1791541606
2026-10-09T10:01:57+00:00,2026-10-09T10:26:46+00:00,China,Peony,399,0,stockout,YATA,1791541606
2026-10-09T10:26:40+00:00,2026-10-09T10:49:43+00:00,South Africa,Xanax,0,2404,restock,Prometheus,1791542983
2026-10-09T10:26:40+00:00,2026-10-09T10:49:43+00:00,South Africa,Lion Plushie,1549,0,stockout,Prometheus,1791542983
2026-10-09T10:26:22+00:00,2026-10-09T10:49:51+00:00,UAE,Tribulus Omanense,210,0,stockout,YATA,1791542991
2026-10-09T10:26:22+00:00,2026-10-09T10:49:51+00:00,UAE,Camel Plushie,905,0,stockout,YATA,1791542991
2026-10-09T10:26:46+00:00,2026-10-09T10:49:24+00:00,China,Panda Plushie,1563,0,stockout,Prometheus,1791542964
2026-10-09T10:26:46+00:00,2026-10-09T10:49:24+00:00,China,Pangolin Scales,0,3028,restock,Prometheus,1791542964
2026-10-09T10:49:43+00:00,2026-10-09T11:06:02+00:00,South Africa,Lion Plushie,0,1939,restock,Prometheus,1791543962
2026-10-09T10:49:51+00:00,2026-10-09T11:06:09+00:00,UAE,Camel Plushie,0,897,restock,YATA,1791543969
2026-10-09T10:49:24+00:00,2026-10-09T11:06:01+00:00,China,Panda Plushie,0,1286,restock,Prometheus,1791543961
2026-10-09T11:06:02+00:00,2026-10-09T11:27:29+00:00,South Africa,Lion Plushie,1939,0,stockout,Prometheus,1791545249
2026-10-09T11:06:29+00:00,2026-10-09T11:27:45+00:00,Canada,Xanax,0,1186,restock,Prometheus,1791545265
2026-10-09T11:06:09+00:00,2026-10-09T11:27:22+00:00,UAE,Camel Plushie,897,0,stockout,Prometheus,1791545242
2026-10-09T11:06:01+00:00,2026-10-09T11:27:35+00:00,China,Panda Plushie,1286,0,stockout,YATA,1791545255
2026-10-09T11:06:01+00:00,2026-10-09T11:27:35+00:00,China,Pangolin Scales,1317,0,stockout,YATA,1791545255
2026-10-09T11:06:01+00:00,2026-10-09T11:27:35+00:00,China,Peony,0,9668,restock,YATA,1791545255
2026-10-09T11:27:29+00:00,2026-10-09T11:48:33+00:00,South Africa,Smoke Grenade,3,0,stockout,Prometheus,1791546513
2026-10-09T11:27:29+00:00,2026-10-09T11:48:33+00:00,South Africa,Lion Plushie,0,1804,restock,Prometheus,1791546513
2026-10-09T11:27:22+00:00,2026-10-09T11:48:46+00:00,UAE,Tribulus Omanense,0,9791,restock,YATA,1791546526
2026-10-09T11:27:22+00:00,2026-10-09T11:48:46+00:00,UAE,Camel Plushie,0,175,restock,YATA,1791546526
2026-10-09T11:27:22+00:00,2026-10-09T11:48:46+00:00,UAE,Natural Pearls,442,0,stockout,YATA,1791546526
2026-10-09T11:27:35+00:00,2026-10-09T11:48:49+00:00,China,Panda Plushie,0,1407,restock,Prometheus,1791546529
2026-10-09T11:48:44+00:00,2026-10-09T12:04:32+00:00,Canada,Xanax,361,0,stockout,YATA,1791547472
2026-10-09T11:48:43+00:00,2026-10-09T12:04:34+00:00,United Kingdom,Xanax,0,2401,restock,Prometheus,1791547474
2026-10-09T11:48:46+00:00,2026-10-09T12:04:40+00:00,UAE,Camel Plushie,175,0,stockout,Prometheus,1791547480
2026-10-09T11:48:49+00:00,2026-10-09T12:04:26+00:00,China,Pangolin Scales,0,2551,restock,YATA,1791547466
2026-10-09T12:04:29+00:00,2026-10-09T12:30:48+00:00,South Africa,Raw Ivory,0,1103,restock,Prometheus,1791549048
2026-10-09T12:04:40+00:00,2026-10-09T12:31:34+00:00,UAE,Natural Pearls,0,4644,restock,Prometheus,1791549094
2026-10-09T12:04:37+00:00,2026-10-09T12:31:33+00:00,Hawaii,Shark Fin,0,3137,restock,Prometheus,1791549093
2026-10-09T12:30:48+00:00,2026-10-09T12:56:54+00:00,South Africa,Smoke Grenade,0,2319,restock,YATA,1791550614
2026-10-09T12:31:34+00:00,2026-10-09T12:57:00+00:00,UAE,Camel Plushie,0,1563,restock,Prometheus,1791550620
2026-10-09T12:31:33+00:00,2026-10-09T12:57:26+00:00,Hawaii,Shark Fin,3137,0,stockout,Prometheus,1791550646
2026-10-09T12:30:27+00:00,2026-10-09T12:56:50+00:00,China,Panda Plushie,1912,0,stockout,Prometheus,1791550610
2026-10-09T12:30:27+00:00,2026-10-09T12:56:50+00:00,China,Pangolin Scales,63,0,stockout,Prometheus,1791550610
2026-10-09T12:56:54+00:00,2026-10-09T13:22:33+00:00,South Africa,Raw Ivory,38,0,stockout,Prometheus,1791552153
2026-10-09T12:57:00+00:00,2026-10-09T13:23:23+00:00,UAE,Camel Plushie,1563,0,stockout,Prometheus,1791552203
2026-10-09T12:56:50+00:00,2026-10-09T13:23:40+00:00,China,Panda Plushie,0,1247,restock,Prometheus,1791552220
2026-10-09T12:56:50+00:00,2026-10-09T13:23:40+00:00,China,Pangolin Scales,0,1877,restock,Prometheus,1791552220
2026-10-09T13:23:47+00:00,2026-10-09T13:46:46+00:00,Japan,Xanax,0,1839,restock,Prometheus,1791553606
2026-10-09T13:23:23+00:00,2026-10-09T13:46:36+00:00,UAE,Camel Plushie,0,906,restock,Prometheus,1791553596
2026-10-09T13:23:40+00:00,2026-10-09T13:46:41+00:00,China,Panda Plushie,1247,0,stockout,Prometheus,1791553601
2026-10-09T13:23:40+00:00,2026-10-09T13:46:41+00:00,China,Pangolin Scales,1877,0,stockout,Prometheus,1791553601
2026-10-09T13:46:46+00:00,2026-10-09T14:04:36+00:00,Japan,Xanax,1839,0,stockout,Prometheus,1791554676
2026-10-09T13:46:36+00:00,2026-10-09T14:04:17+00:00,UAE,Camel Plushie,906,0,stockout,YATA,1791554657
2026-10-09T13:46:41+00:00,2026-10-09T14:04:45+00:00,China,Panda Plushie,0,1550,restock,Prometheus,1791554685
2026-10-09T14:04:43+00:00,2026-10-09T14:31:37+00:00,South Africa,Lion Plushie,2105,0,stockout,YATA,1791556297
2026-10-09T14:04:34+00:00,2026-10-09T14:31:40+00:00,Canada,Xanax,0,1260,restock,Prometheus,1791556300
2026-10-09T14:04:17+00:00,2026-10-09T14:31:24+00:00,UAE,Camel Plushie,0,993,restock,Prometheus,1791556284
2026-10-09T14:04:45+00:00,2026-10-09T14:31:29+00:00,China,Panda Plushie,1550,0,stockout,YATA,1791556289
2026-10-09T14:04:45+00:00,2026-10-09T14:31:29+00:00,China,Pangolin Scales,0,1141,restock,YATA,1791556289
2026-10-09T14:31:37+00:00,2026-10-09T14:54:46+00:00,South Africa,Lion Plushie,0,1462,restock,Prometheus,1791557686
2026-10-09T14:31:37+00:00,2026-10-09T14:54:46+00:00,South Africa,African Violet,1276,0,stockout,Prometheus,1791557686
2026-10-09T14:31:24+00:00,2026-10-09T14:54:57+00:00,UAE,Camel Plushie,993,0,stockout,Prometheus,1791557697
2026-10-09T14:31:32+00:00,2026-10-09T14:55:13+00:00,Hawaii,Shark Fin,0,1316,restock,Prometheus,1791557713
2026-10-09T14:31:29+00:00,2026-10-09T14:55:07+00:00,China,Panda Plushie,0,363,restock,Prometheus,1791557707
2026-10-09T14:31:29+00:00,2026-10-09T14:55:07+00:00,China,Pangolin Scales,1141,0,stockout,Prometheus,1791557707
2026-10-09T14:54:46+00:00,2026-10-09T15:16:11+00:00,South Africa,Lion Plushie,1462,0,stockout,Prometheus,1791558971
2026-10-09T14:54:51+00:00,2026-10-09T15:16:27+00:00,Canada,Xanax,460,0,stockout,Prometheus,1791558987
2026-10-09T14:54:57+00:00,2026-10-09T15:16:34+00:00,UAE,Camel Plushie,0,850,restock,YATA,1791558994
2026-10-09T14:55:13+00:00,2026-10-09T15:16:41+00:00,Hawaii,Shark Fin,1316,0,stockout,Prometheus,1791559001
2026-10-09T14:55:07+00:00,2026-10-09T15:16:44+00:00,China,Pangolin Scales,0,4485,restock,Prometheus,1791559004
2026-10-09T14:55:07+00:00,2026-10-09T15:16:44+00:00,China,Peony,791,0,stockout,Prometheus,1791559004
2026-10-09T15:16:11+00:00,2026-10-09T15:38:10+00:00,South Africa,Smoke Grenade,245,0,stockout,Prometheus,1791560290
2026-10-09T15:16:11+00:00,2026-10-09T15:38:10+00:00,South Africa,Lion Plushie,0,1131,restock,Prometheus,1791560290
2026-10-09T15:16:34+00:00,2026-10-09T15:38:27+00:00,UAE,Camel Plushie,850,0,stockout,Prometheus,1791560307
2026-10-09T15:16:44+00:00,2026-10-09T15:38:02+00:00,China,Panda Plushie,2025,0,stockout,YATA,1791560282
2026-10-09T15:38:10+00:00,2026-10-09T15:58:34+00:00,South Africa,Raw Ivory,0,1739,restock,Prometheus,1791561514
2026-10-09T15:38:10+00:00,2026-10-09T15:58:34+00:00,South Africa,Lion Plushie,1131,0,stockout,Prometheus,1791561514
2026-10-09T15:38:10+00:00,2026-10-09T15:58:34+00:00,South Africa,African Violet,0,9428,restock,Prometheus,1791561514
2026-10-09T15:38:27+00:00,2026-10-09T15:59:22+00:00,UAE,Tribulus Omanense,385,0,stockout,Prometheus,1791561562
2026-10-09T15:38:27+00:00,2026-10-09T15:59:22+00:00,UAE,Camel Plushie,0,942,restock,Prometheus,1791561562
2026-10-09T15:38:02+00:00,2026-10-09T15:59:31+00:00,China,Panda Plushie,0,1075,restock,Prometheus,1791561571
2026-10-09T15:38:02+00:00,2026-10-09T15:59:31+00:00,China,Pangolin Scales,1101,0,stockout,Prometheus,1791561571
2026-10-09T15:58:34+00:00,2026-10-09T16:22:33+00:00,South Africa,Lion Plushie,0,1699,restock,YATA,1791562953
2026-10-09T15:59:22+00:00,2026-10-09T16:22:50+00:00,UAE,Camel Plushie,942,0,stockout,Prometheus,1791562970
2026-10-09T15:59:22+00:00,2026-10-09T16:22:50+00:00,UAE,Natural Pearls,14,0,stockout,Prometheus,1791562970
2026-10-09T15:59:31+00:00,2026-10-09T16:22:46+00:00,China,Pangolin Scales,0,3439,restock,Prometheus,1791562966
2026-10-09T15:59:31+00:00,2026-10-09T16:22:46+00:00,China,Peony,0,8282,restock,Prometheus,1791562966
2026-10-09T16:22:33+00:00,2026-10-09T16:43:31+00:00,South Africa,Raw Ivory,663,0,stockout,Prometheus,1791564211
2026-10-09T16:22:33+00:00,2026-10-09T16:43:31+00:00,South Africa,Smoke Grenade,0,2449,restock,Prometheus,1791564211
2026-10-09T16:43:31+00:00,2026-10-09T17:02:33+00:00,South Africa,Lion Plushie,417,0,stockout,Prometheus,1791565353
2026-10-09T16:44:46+00:00,2026-10-09T17:02:33+00:00,UAE,Tribulus Omanense,0,8898,restock,Prometheus,1791565353
2026-10-09T16:44:46+00:00,2026-10-09T17:02:33+00:00,UAE,Camel Plushie,0,2001,restock,Prometheus,1791565353
2026-10-09T16:22:50+00:00,2026-10-09T16:44:46+00:00,UAE,Natural Pearls,0,4738,restock,Prometheus,1791564286
2026-10-09T16:44:59+00:00,2026-10-09T17:02:37+00:00,China,Panda Plushie,582,0,stockout,YATA,1791565357
2026-10-09T16:44:59+00:00,2026-10-09T17:02:37+00:00,China,Pangolin Scales,698,0,stockout,YATA,1791565357
2026-10-09T17:02:33+00:00,2026-10-09T17:23:25+00:00,South Africa,Lion Plushie,0,1264,restock,Prometheus,1791566605
2026-10-09T17:02:42+00:00,2026-10-09T17:23:36+00:00,Canada,Xanax,0,1529,restock,Prometheus,1791566616
2026-10-09T17:02:37+00:00,2026-10-09T17:23:21+00:00,China,Panda Plushie,0,831,restock,Prometheus,1791566601
2026-10-09T17:02:37+00:00,2026-10-09T17:23:21+00:00,China,Pangolin Scales,0,4548,restock,Prometheus,1791566601
2026-10-09T17:23:25+00:00,2026-10-09T17:43:37+00:00,South Africa,Lion Plushie,1264,0,stockout,Prometheus,1791567817
2026-10-09T17:23:21+00:00,2026-10-09T17:43:50+00:00,China,Panda Plushie,831,0,stockout,Prometheus,1791567830
2026-10-09T17:43:37+00:00,2026-10-09T18:00:15+00:00,South Africa,Lion Plushie,0,2054,restock,Prometheus,1791568815
2026-10-09T18:00:14+00:00,2026-10-09T18:25:46+00:00,Canada,Xanax,371,0,stockout,Prometheus,1791570346
2026-10-09T18:00:21+00:00,2026-10-09T18:25:51+00:00,UAE,Camel Plushie,1045,0,stockout,YATA,1791570351
2026-10-09T18:00:22+00:00,2026-10-09T18:25:54+00:00,Hawaii,Shark Fin,0,2607,restock,Prometheus,1791570354
2026-10-09T18:00:19+00:00,2026-10-09T18:25:54+00:00,China,Pangolin Scales,740,0,stockout,YATA,1791570354
2026-10-09T18:25:51+00:00,2026-10-09T18:51:36+00:00,UAE,Camel Plushie,0,689,restock,Prometheus,1791571896
2026-10-09T18:25:54+00:00,2026-10-09T18:51:19+00:00,Hawaii,Shark Fin,2607,0,stockout,Prometheus,1791571879
2026-10-09T18:25:54+00:00,2026-10-09T18:51:33+00:00,China,Panda Plushie,0,1552,restock,Prometheus,1791571893
2026-10-09T18:25:54+00:00,2026-10-09T18:51:33+00:00,China,Pangolin Scales,0,3731,restock,Prometheus,1791571893
2026-10-09T18:51:36+00:00,2026-10-09T19:07:17+00:00,UAE,Camel Plushie,689,0,stockout,YATA,1791572837
2026-10-09T19:08:05+00:00,2026-10-09T19:30:03+00:00,South Africa,Lion Plushie,888,0,stockout,Prometheus,1791574203
2026-10-09T19:07:17+00:00,2026-10-09T19:29:37+00:00,UAE,Camel Plushie,0,1267,restock,YATA,1791574177
2026-10-09T19:07:54+00:00,2026-10-09T19:29:57+00:00,China,Panda Plushie,604,0,stockout,Prometheus,1791574197
2026-10-09T19:07:54+00:00,2026-10-09T19:29:57+00:00,China,Pangolin Scales,1685,0,stockout,Prometheus,1791574197
2026-10-09T19:30:03+00:00,2026-10-09T19:48:47+00:00,South Africa,Lion Plushie,0,1453,restock,Prometheus,1791575327
2026-10-09T19:30:02+00:00,2026-10-09T19:48:27+00:00,United Kingdom,Xanax,3,0,stockout,Prometheus,1791575307
2026-10-09T19:29:37+00:00,2026-10-09T19:47:46+00:00,UAE,Camel Plushie,1267,0,stockout,Prometheus,1791575266
2026-10-09T19:30:00+00:00,2026-10-09T19:48:46+00:00,Hawaii,Shark Fin,0,436,restock,Prometheus,1791575326
2026-10-09T19:29:57+00:00,2026-10-09T19:48:51+00:00,China,Panda Plushie,0,1303,restock,Prometheus,1791575331
2026-10-09T19:48:47+00:00,2026-10-09T20:02:50+00:00,South Africa,Raw Ivory,0,2104,restock,YATA,1791576170
2026-10-09T19:48:47+00:00,2026-10-09T20:02:50+00:00,South Africa,Smoke Grenade,14,0,stockout,YATA,1791576170
2026-10-09T19:47:46+00:00,2026-10-09T20:01:49+00:00,UAE,Camel Plushie,0,2386,restock,YATA,1791576109
2026-10-09T19:48:46+00:00,2026-10-09T20:02:58+00:00,Hawaii,Shark Fin,436,0,stockout,Prometheus,1791576178
2026-10-09T19:48:51+00:00,2026-10-09T20:02:52+00:00,China,Pangolin Scales,0,4132,restock,Prometheus,1791576172
2026-10-09T20:02:50+00:00,2026-10-09T20:22:28+00:00,South Africa,Xanax,14,0,stockout,YATA,1791577348
2026-10-09T20:02:50+00:00,2026-10-09T20:22:28+00:00,South Africa,Lion Plushie,781,0,stockout,YATA,1791577348
2026-10-09T20:02:47+00:00,2026-10-09T20:23:55+00:00,Japan,Xanax,0,14,restock,Prometheus,1791577435
2026-10-09T20:02:28+00:00,2026-10-09T20:24:02+00:00,Canada,Xanax,0,1976,restock,Prometheus,1791577442
2026-10-09T20:02:52+00:00,2026-10-09T20:23:40+00:00,China,Panda Plushie,495,0,stockout,Prometheus,1791577420
2026-10-09T20:22:28+00:00,2026-10-09T20:44:48+00:00,South Africa,Lion Plushie,0,2264,restock,YATA,1791578688
2026-10-09T20:23:55+00:00,2026-10-09T20:45:32+00:00,Japan,Xanax,14,0,stockout,Prometheus,1791578732
2026-10-09T20:23:58+00:00,2026-10-09T20:44:33+00:00,UAE,Camel Plushie,745,0,stockout,Prometheus,1791578673
2026-10-09T20:23:40+00:00,2026-10-09T20:43:59+00:00,China,Panda Plushie,0,1367,restock,YATA,1791578639
2026-10-09T20:23:40+00:00,2026-10-09T20:43:59+00:00,China,Peony,62,0,stockout,YATA,1791578639
2026-10-09T20:44:48+00:00,2026-10-09T21:01:25+00:00,South Africa,Smoke Grenade,0,2484,restock,Prometheus,1791579685
2026-10-09T20:44:33+00:00,2026-10-09T21:01:02+00:00,UAE,Camel Plushie,0,1842,restock,YATA,1791579662
2026-10-09T20:44:33+00:00,2026-10-09T21:01:02+00:00,UAE,Natural Pearls,105,0,stockout,YATA,1791579662
2026-10-09T20:45:29+00:00,2026-10-09T21:01:42+00:00,Hawaii,Shark Fin,0,1743,restock,Prometheus,1791579702
2026-10-09T20:43:59+00:00,2026-10-09T21:01:35+00:00,China,Pangolin Scales,723,0,stockout,YATA,1791579695
2026-10-09T21:01:25+00:00,2026-10-09T21:23:50+00:00,South Africa,Raw Ivory,304,0,stockout,Prometheus,1791581030
2026-10-09T21:01:30+00:00,2026-10-09T21:23:48+00:00,Canada,Xanax,699,0,stockout,Prometheus,1791581028
2026-10-09T21:01:02+00:00,2026-10-09T21:23:33+00:00,UAE,Natural Pearls,0,4962,restock,YATA,1791581013
2026-10-09T21:01:42+00:00,2026-10-09T21:23:46+00:00,Hawaii,Shark Fin,1743,0,stockout,YATA,1791581026
2026-10-09T21:43:59+00:00,2026-10-09T22:00:16+00:00,South Africa,Xanax,0,2497,restock,Prometheus,1791583216
2026-10-09T21:23:51+00:00,2026-10-09T21:44:26+00:00,United Kingdom,Xanax,0,2432,restock,Prometheus,1791582266
2026-10-09T21:23:33+00:00,2026-10-09T21:44:13+00:00,UAE,Tribulus Omanense,700,0,stockout,Prometheus,1791582253
2026-10-09T21:23:49+00:00,2026-10-09T21:44:13+00:00,China,Pangolin Scales,0,2734,restock,Prometheus,1791582253
2026-10-09T21:23:49+00:00,2026-10-09T21:44:13+00:00,China,Peony,0,9577,restock,Prometheus,1791582253
2026-10-09T22:00:16+00:00,2026-10-09T22:21:52+00:00,South Africa,Lion Plushie,1301,0,stockout,Prometheus,1791584512
2026-10-09T22:00:16+00:00,2026-10-09T22:21:52+00:00,South Africa,African Violet,203,0,stockout,Prometheus,1791584512
2026-10-09T22:00:19+00:00,2026-10-09T22:22:56+00:00,UAE,Camel Plushie,783,0,stockout,Prometheus,1791584576
2026-10-09T22:00:22+00:00,2026-10-09T22:22:38+00:00,Hawaii,Shark Fin,0,2623,restock,Prometheus,1791584558
2026-10-09T22:00:25+00:00,2026-10-09T22:22:24+00:00,China,Pangolin Scales,1294,0,stockout,YATA,1791584544
2026-10-09T22:21:52+00:00,2026-10-09T22:43:03+00:00,South Africa,Lion Plushie,0,1579,restock,Prometheus,1791585783
2026-10-09T22:22:56+00:00,2026-10-09T22:43:04+00:00,UAE,Tribulus Omanense,0,9911,restock,Prometheus,1791585784
2026-10-09T22:22:56+00:00,2026-10-09T22:43:04+00:00,UAE,Camel Plushie,0,1368,restock,Prometheus,1791585784
2026-10-09T22:22:38+00:00,2026-10-09T22:42:46+00:00,Hawaii,Shark Fin,2623,0,stockout,Prometheus,1791585766
2026-10-09T22:43:27+00:00,2026-10-09T22:59:31+00:00,China,Panda Plushie,449,0,stockout,Prometheus,1791586771
2026-10-09T22:43:27+00:00,2026-10-09T22:59:31+00:00,China,Pangolin Scales,0,3494,restock,Prometheus,1791586771
2026-10-09T22:58:04+00:00,2026-10-09T23:21:04+00:00,UAE,Camel Plushie,531,0,stockout,YATA,1791588064
2026-10-09T22:59:31+00:00,2026-10-09T23:20:54+00:00,China,Panda Plushie,0,1504,restock,Prometheus,1791588054
2026-10-09T22:59:04+00:00,2026-10-09T23:20:44+00:00,South Africa,African Violet,0,9982,restock,Prometheus,1791588044
2026-10-09T23:20:52+00:00,2026-10-09T23:39:54+00:00,Canada,Xanax,0,1847,restock,Prometheus,1791589194
2026-10-09T23:21:04+00:00,2026-10-09T23:39:00+00:00,UAE,Camel Plushie,0,1826,restock,YATA,1791589140
2026-10-09T23:39:45+00:00,2026-10-09T23:56:05+00:00,Hawaii,Shark Fin,0,1832,restock,YATA,1791590165
2026-10-09T23:39:51+00:00,2026-10-09T23:56:03+00:00,China,Panda Plushie,584,0,stockout,Prometheus,1791590163
2026-10-09T23:39:51+00:00,2026-10-09T23:56:03+00:00,China,Pangolin Scales,694,0,stockout,Prometheus,1791590163
2026-10-09T23:55:37+00:00,2026-10-10T00:29:11+00:00,South Africa,Raw Ivory,0,1785,restock,Prometheus,1791592151
2026-10-09T23:56:02+00:00,2026-10-10T00:29:01+00:00,Japan,Xanax,0,1882,restock,Prometheus,1791592141
2026-10-09T23:56:05+00:00,2026-10-10T00:29:12+00:00,Hawaii,Shark Fin,1832,0,stockout,Prometheus,1791592152
2026-10-09T23:56:03+00:00,2026-10-10T00:29:05+00:00,China,Panda Plushie,0,1437,restock,Prometheus,1791592145
2026-10-09T23:56:03+00:00,2026-10-10T00:29:05+00:00,China,Pangolin Scales,0,4224,restock,Prometheus,1791592145
2026-10-10T00:29:01+00:00,2026-10-10T00:57:08+00:00,Japan,Xanax,1882,0,stockout,YATA,1791593828
2026-10-10T00:57:27+00:00,2026-10-10T01:20:23+00:00,South Africa,Lion Plushie,495,0,stockout,Prometheus,1791595223
2026-10-10T00:57:23+00:00,2026-10-10T01:20:19+00:00,Hawaii,Shark Fin,0,3432,restock,Prometheus,1791595219
2026-10-10T01:20:23+00:00,2026-10-10T01:41:29+00:00,South Africa,Raw Ivory,262,0,stockout,Prometheus,1791596489
2026-10-10T01:20:23+00:00,2026-10-10T01:41:29+00:00,South Africa,Smoke Grenade,35,0,stockout,Prometheus,1791596489
2026-10-10T01:20:23+00:00,2026-10-10T01:41:29+00:00,South Africa,Lion Plushie,0,1585,restock,Prometheus,1791596489
2026-10-10T01:20:01+00:00,2026-10-10T01:41:09+00:00,Canada,Xanax,6,0,stockout,Prometheus,1791596469
2026-10-10T01:20:15+00:00,2026-10-10T01:41:07+00:00,China,Pangolin Scales,926,0,stockout,YATA,1791596467
2026-10-10T01:41:09+00:00,2026-10-10T01:58:33+00:00,Hawaii,Shark Fin,572,0,stockout,Prometheus,1791597513
2026-10-10T01:41:07+00:00,2026-10-10T01:58:19+00:00,China,Panda Plushie,963,0,stockout,Prometheus,1791597499
2026-10-10T01:58:48+00:00,2026-10-10T02:20:38+00:00,South Africa,Lion Plushie,507,0,stockout,Prometheus,1791598838
2026-10-10T01:58:19+00:00,2026-10-10T02:19:45+00:00,China,Panda Plushie,0,2043,restock,YATA,1791598785
2026-10-10T01:58:19+00:00,2026-10-10T02:19:45+00:00,China,Pangolin Scales,0,3209,restock,YATA,1791598785
2026-10-10T02:20:38+00:00,2026-10-10T02:41:18+00:00,South Africa,Smoke Grenade,0,2178,restock,Prometheus,1791600078
2026-10-10T02:20:38+00:00,2026-10-10T02:41:18+00:00,South Africa,Lion Plushie,0,948,restock,Prometheus,1791600078
2026-10-10T02:41:21+00:00,2026-10-10T02:58:39+00:00,Japan,Xanax,0,482,restock,Prometheus,1791601119
2026-10-10T02:41:36+00:00,2026-10-10T02:58:39+00:00,Hawaii,Shark Fin,0,2041,restock,Prometheus,1791601119
2026-10-10T02:58:39+00:00,2026-10-10T03:20:34+00:00,Japan,Xanax,482,0,stockout,Prometheus,1791602434
2026-10-10T02:58:15+00:00,2026-10-10T03:19:23+00:00,Canada,Xanax,0,2427,restock,Prometheus,1791602363
2026-10-10T02:58:39+00:00,2026-10-10T03:20:48+00:00,Hawaii,Shark Fin,2041,0,stockout,Prometheus,1791602448
2026-10-10T03:42:07+00:00,2026-10-10T03:59:33+00:00,South Africa,Lion Plushie,838,0,stockout,YATA,1791604773
2026-10-10T03:42:14+00:00,2026-10-10T03:59:09+00:00,UAE,Natural Pearls,169,0,stockout,Prometheus,1791604749
2026-10-10T03:59:33+00:00,2026-10-10T04:21:52+00:00,South Africa,Lion Plushie,0,1799,restock,Prometheus,1791606112
2026-10-10T03:59:09+00:00,2026-10-10T04:20:43+00:00,UAE,Camel Plushie,1033,0,stockout,Prometheus,1791606043
2026-10-10T03:59:27+00:00,2026-10-10T04:21:50+00:00,Hawaii,Shark Fin,0,4094,restock,Prometheus,1791606110
2026-10-10T03:59:22+00:00,2026-10-10T04:22:03+00:00,China,Panda Plushie,773,0,stockout,Prometheus,1791606123
2026-10-10T04:21:52+00:00,2026-10-10T04:44:31+00:00,South Africa,Raw Ivory,0,2070,restock,Prometheus,1791607471
2026-10-10T04:20:43+00:00,2026-10-10T04:44:13+00:00,UAE,Camel Plushie,0,1597,restock,Prometheus,1791607453
2026-10-10T04:20:43+00:00,2026-10-10T04:44:13+00:00,UAE,Natural Pearls,0,4563,restock,Prometheus,1791607453
2026-10-10T04:22:03+00:00,2026-10-10T04:44:29+00:00,China,Panda Plushie,0,2110,restock,Prometheus,1791607469
2026-10-10T04:44:31+00:00,2026-10-10T05:00:41+00:00,South Africa,Lion Plushie,775,0,stockout,Prometheus,1791608441
2026-10-10T04:44:48+00:00,2026-10-10T05:01:02+00:00,Japan,Xanax,0,1731,restock,Prometheus,1791608462
2026-10-10T04:44:31+00:00,2026-10-10T05:00:28+00:00,Hawaii,Shark Fin,1062,0,stockout,YATA,1791608428
2026-10-10T04:44:29+00:00,2026-10-10T05:00:48+00:00,China,Pangolin Scales,86,0,stockout,YATA,1791608448
2026-10-10T05:00:41+00:00,2026-10-10T05:21:28+00:00,South Africa,Lion Plushie,0,2232,restock,Prometheus,1791609688
2026-10-10T04:59:48+00:00,2026-10-10T05:20:45+00:00,Canada,Xanax,161,0,stockout,Prometheus,1791609645
2026-10-10T05:00:58+00:00,2026-10-10T05:21:47+00:00,UAE,Camel Plushie,606,0,stockout,YATA,1791609707
2026-10-10T05:00:48+00:00,2026-10-10T05:21:59+00:00,China,Panda Plushie,1181,0,stockout,Prometheus,1791609719
2026-10-10T05:00:48+00:00,2026-10-10T05:21:59+00:00,China,Pangolin Scales,0,4164,restock,Prometheus,1791609719
2026-10-10T05:00:48+00:00,2026-10-10T05:21:59+00:00,China,Peony,237,0,stockout,Prometheus,1791609719
2026-10-10T05:21:28+00:00,2026-10-10T05:41:13+00:00,South Africa,Raw Ivory,766,0,stockout,Prometheus,1791610873
2026-10-10T05:22:12+00:00,2026-10-10T05:41:43+00:00,Japan,Xanax,414,0,stockout,Prometheus,1791610903
2026-10-10T05:21:47+00:00,2026-10-10T05:42:07+00:00,UAE,Camel Plushie,0,1458,restock,Prometheus,1791610927
2026-10-10T05:21:59+00:00,2026-10-10T05:42:05+00:00,China,Panda Plushie,0,1746,restock,YATA,1791610925
2026-10-10T05:57:29+00:00,2026-10-10T06:25:08+00:00,South Africa,Xanax,98,0,stockout,Prometheus,1791613508
2026-10-10T05:57:22+00:00,2026-10-10T06:24:55+00:00,UAE,Tribulus Omanense,906,0,stockout,Prometheus,1791613495
2026-10-10T05:58:29+00:00,2026-10-10T06:25:02+00:00,China,Peony,0,9644,restock,YATA,1791613502
2026-10-10T06:25:02+00:00,2026-10-10T06:51:31+00:00,China,Pangolin Scales,580,0,stockout,YATA,1791615091
2026-10-10T06:51:13+00:00,2026-10-10T07:08:53+00:00,South Africa,Lion Plushie,191,0,stockout,Prometheus,1791616133
2026-10-10T06:51:24+00:00,2026-10-10T07:08:59+00:00,UAE,Camel Plushie,555,0,stockout,Prometheus,1791616139
2026-10-10T06:51:31+00:00,2026-10-10T07:09:01+00:00,China,Panda Plushie,505,0,stockout,Prometheus,1791616141
2026-10-10T06:51:31+00:00,2026-10-10T07:09:01+00:00,China,Pangolin Scales,0,3824,restock,Prometheus,1791616141
2026-10-10T07:08:53+00:00,2026-10-10T07:30:31+00:00,South Africa,Smoke Grenade,137,0,stockout,Prometheus,1791617431
2026-10-10T07:08:53+00:00,2026-10-10T07:30:31+00:00,South Africa,Lion Plushie,0,491,restock,Prometheus,1791617431
2026-10-10T07:08:53+00:00,2026-10-10T07:30:31+00:00,South Africa,African Violet,13,0,stockout,Prometheus,1791617431
2026-10-10T07:08:44+00:00,2026-10-10T07:30:32+00:00,Japan,Xanax,0,1226,restock,Prometheus,1791617432
2026-10-10T06:51:27+00:00,2026-10-10T07:08:50+00:00,Canada,Xanax,0,2355,restock,Prometheus,1791616130
2026-10-10T07:08:59+00:00,2026-10-10T07:30:24+00:00,UAE,Tribulus Omanense,0,9615,restock,Prometheus,1791617424
2026-10-10T07:08:59+00:00,2026-10-10T07:30:24+00:00,UAE,Camel Plushie,0,1177,restock,Prometheus,1791617424
2026-10-10T07:08:57+00:00,2026-10-10T07:30:28+00:00,Hawaii,Shark Fin,0,3943,restock,Prometheus,1791617428
2026-10-10T07:09:01+00:00,2026-10-10T07:30:10+00:00,China,Panda Plushie,0,1888,restock,Prometheus,1791617410
2026-10-10T07:30:31+00:00,2026-10-10T07:48:52+00:00,South Africa,Lion Plushie,491,0,stockout,Prometheus,1791618532
2026-10-10T07:48:52+00:00,2026-10-10T08:03:09+00:00,South Africa,Xanax,0,2439,restock,Prometheus,1791619389
2026-10-10T07:48:52+00:00,2026-10-10T08:03:09+00:00,South Africa,Lion Plushie,0,728,restock,Prometheus,1791619389
2026-10-10T07:48:47+00:00,2026-10-10T08:03:11+00:00,Japan,Xanax,21,0,stockout,Prometheus,1791619391
2026-10-10T07:48:49+00:00,2026-10-10T08:02:48+00:00,UAE,Camel Plushie,271,0,stockout,Prometheus,1791619368
2026-10-10T07:48:37+00:00,2026-10-10T08:02:49+00:00,Hawaii,Shark Fin,826,0,stockout,Prometheus,1791619369
2026-10-10T07:48:59+00:00,2026-10-10T08:03:10+00:00,China,Panda Plushie,878,0,stockout,YATA,1791619390
2026-10-10T07:48:59+00:00,2026-10-10T08:03:10+00:00,China,Pangolin Scales,566,0,stockout,YATA,1791619390
2026-10-10T08:03:09+00:00,2026-10-10T08:24:40+00:00,South Africa,Smoke Grenade,0,2374,restock,Prometheus,1791620680
2026-10-10T08:03:09+00:00,2026-10-10T08:24:40+00:00,South Africa,African Violet,0,8994,restock,Prometheus,1791620680
2026-10-10T08:02:44+00:00,2026-10-10T08:24:45+00:00,Canada,Xanax,119,0,stockout,Prometheus,1791620685
2026-10-10T08:02:48+00:00,2026-10-10T08:24:44+00:00,UAE,Camel Plushie,0,919,restock,Prometheus,1791620684
2026-10-10T08:03:10+00:00,2026-10-10T08:24:35+00:00,China,Panda Plushie,0,1847,restock,YATA,1791620675
2026-10-10T08:03:10+00:00,2026-10-10T08:24:35+00:00,China,Pangolin Scales,0,4677,restock,YATA,1791620675
2026-10-10T08:24:40+00:00,2026-10-10T08:44:02+00:00,South Africa,Raw Ivory,0,1714,restock,Prometheus,1791621842
2026-10-10T08:24:44+00:00,2026-10-10T08:44:37+00:00,UAE,Camel Plushie,919,0,stockout,Prometheus,1791621877
2026-10-10T08:45:22+00:00,2026-10-10T09:00:09+00:00,United Kingdom,Xanax,78,0,stockout,Prometheus,1791622809
2026-10-10T08:44:37+00:00,2026-10-10T08:59:48+00:00,UAE,Camel Plushie,0,2298,restock,Prometheus,1791622788
2026-10-10T08:45:14+00:00,2026-10-10T09:00:03+00:00,Hawaii,Shark Fin,0,1645,restock,Prometheus,1791622803
2026-10-10T09:00:03+00:00,2026-10-10T09:21:06+00:00,Hawaii,Shark Fin,1645,0,stockout,Prometheus,1791624066
2026-10-10T08:59:23+00:00,2026-10-10T09:21:26+00:00,China,Pangolin Scales,561,0,stockout,Prometheus,1791624086
